id,name,email
1,Mia Harris,mia.harris.720@rdbms.dev
2,Emily Clark,emily.clark.220@example.com
3,Sophia Martin,sophia.martin.923@testmail.com
4,Robert Walker,robert.walker.659@mail.net
5,Charlotte Walker,charlotte.walker.743@testmail.com
6,Robert Taylor,robert.taylor.213@testmail.com
7,Joseph Moore,joseph.moore.936@testmail.com
8,Emma White,emma.white.975@techcorp.org
9,Richard Smith,richard.smith.612@testmail.com
10,Isabella Ramirez,isabella.ramirez.383@testmail.com
11,Sophia Ramirez,sophia.ramirez.283@example.com
12,James Harris,james.harris.515@mail.net
13,Amelia Martin,amelia.martin.721@techcorp.org
14,Charlotte Miller,charlotte.miller.152@rdbms.dev
15,Mia White,mia.white.762@testmail.com
16,James Perez,james.perez.576@rdbms.dev
17,David Wilson,david.wilson.367@example.com
18,Olivia Perez,olivia.perez.147@mail.net
19,William Robinson,william.robinson.828@testmail.com
20,Amelia Miller,amelia.miller.306@rdbms.dev
21,David Miller,david.miller.995@rdbms.dev
22,William Jackson,william.jackson.968@rdbms.dev
23,William White,william.white.293@example.com
24,James Clark,james.clark.521@techcorp.org
25,Emma Walker,emma.walker.510@techcorp.org
26,Michael Miller,michael.miller.334@mail.net
27,Charles Harris,charles.harris.303@example.com
28,John Miller,john.miller.664@testmail.com
29,Charles Lewis,charles.lewis.668@rdbms.dev
30,John Lee,john.lee.955@example.com
31,Robert Wilson,robert.wilson.379@testmail.com
32,Emma Lewis,emma.lewis.259@example.com
33,John Sanchez,john.sanchez.784@techcorp.org
34,Charles Harris,charles.harris.463@rdbms.dev
35,Richard White,richard.white.602@testmail.com
36,Robert Lewis,robert.lewis.192@techcorp.org
37,William Ramirez,william.ramirez.803@testmail.com
38,Sophia Jackson,sophia.jackson.458@mail.net
39,David Lee,david.lee.328@mail.net
40,Charles White,charles.white.878@mail.net
41,William Lee,william.lee.958@mail.net
42,Amelia Walker,amelia.walker.199@techcorp.org
43,Amelia Harris,amelia.harris.575@mail.net
44,Charles Harris,charles.harris.568@example.com
45,Emily Moore,emily.moore.179@mail.net
46,Emma Taylor,emma.taylor.854@example.com
47,Emily Lee,emily.lee.217@techcorp.org
48,Emma Martin,emma.martin.884@mail.net
49,Charles Robinson,charles.robinson.957@rdbms.dev
50,Michael Perez,michael.perez.327@example.com
51,Emma Lewis,emma.lewis.955@mail.net
52,Joseph Walker,joseph.walker.755@example.com
53,Robert Lee,robert.lee.435@example.com
54,Amelia Robinson,amelia.robinson.203@example.com
55,Mia Sanchez,mia.sanchez.537@mail.net
56,Charles Johnson,charles.johnson.362@techcorp.org
57,Robert Walker,robert.walker.883@techcorp.org
58,Robert Walker,robert.walker.749@techcorp.org
59,Michael Clark,michael.clark.498@techcorp.org
60,Sophia Clark,sophia.clark.533@example.com
61,Joseph Lee,joseph.lee.737@testmail.com
62,Olivia Taylor,olivia.taylor.684@techcorp.org
63,James Moore,james.moore.109@testmail.com
64,Joseph Lewis,joseph.lewis.881@testmail.com
65,Richard Jackson,richard.jackson.375@techcorp.org
66,Emily Thompson,emily.thompson.616@techcorp.org
67,Richard Perez,richard.perez.894@testmail.com
68,James Ramirez,james.ramirez.711@testmail.com
69,Amelia Taylor,amelia.taylor.193@example.com
70,Olivia Robinson,olivia.robinson.100@mail.net
71,Richard Martin,richard.martin.630@testmail.com
72,Mia Lewis,mia.lewis.951@techcorp.org
73,Jane Wilson,jane.wilson.880@rdbms.dev
74,Sophia Clark,sophia.clark.841@techcorp.org
75,Emma Jackson,emma.jackson.951@techcorp.org
76,Charles Lewis,charles.lewis.593@rdbms.dev
77,Thomas Lewis,thomas.lewis.145@rdbms.dev
78,Amelia Martin,amelia.martin.320@mail.net
79,Charles Taylor,charles.taylor.800@mail.net
80,John Walker,john.walker.514@example.com
81,David Smith,david.smith.124@testmail.com
82,Isabella Jackson,isabella.jackson.967@techcorp.org
83,Mia Brown,mia.brown.926@mail.net
84,Richard Walker,richard.walker.825@example.com
85,Charlotte Harris,charlotte.harris.854@techcorp.org
86,Olivia Thompson,olivia.thompson.327@mail.net
87,William Sanchez,william.sanchez.570@example.com
88,Jane Harris,jane.harris.138@example.com
89,Robert Lee,robert.lee.160@rdbms.dev
90,Charlotte Robinson,charlotte.robinson.341@testmail.com
91,Charlotte Perez,charlotte.perez.568@techcorp.org
92,Sophia Taylor,sophia.taylor.441@rdbms.dev
93,David Thompson,david.thompson.189@techcorp.org
94,David Wilson,david.wilson.629@rdbms.dev
95,Charles Walker,charles.walker.173@example.com
96,James Miller,james.miller.753@example.com
97,Richard Miller,richard.miller.438@testmail.com
98,Michael Ramirez,michael.ramirez.528@rdbms.dev
99,Richard Miller,richard.miller.705@rdbms.dev
100,Emma White,emma.white.745@example.com
101,Emily Lee,emily.lee.129@testmail.com
102,Emily Wilson,emily.wilson.585@mail.net
103,Emily Lewis,emily.lewis.556@testmail.com
104,John Walker,john.walker.834@example.com
105,Isabella Robinson,isabella.robinson.542@rdbms.dev
106,Michael Taylor,michael.taylor.828@techcorp.org
107,Olivia Lee,olivia.lee.136@example.com
108,Olivia Miller,olivia.miller.797@techcorp.org
109,Olivia Martin,olivia.martin.656@example.com
110,David Perez,david.perez.601@example.com
111,Joseph Moore,joseph.moore.807@techcorp.org
112,James Martin,james.martin.673@techcorp.org
113,James Perez,james.perez.814@techcorp.org
114,James Jackson,james.jackson.195@mail.net
115,John Perez,john.perez.199@rdbms.dev
116,Emily Jackson,emily.jackson.696@rdbms.dev
117,Charlotte Brown,charlotte.brown.318@techcorp.org
118,Olivia Harris,olivia.harris.492@mail.net
119,Jane Lee,jane.lee.810@example.com
120,Amelia Thompson,amelia.thompson.822@mail.net
121,Thomas Taylor,thomas.taylor.848@techcorp.org
122,Emma Ramirez,emma.ramirez.386@mail.net
123,William Miller,william.miller.620@mail.net
124,John Clark,john.clark.237@mail.net
125,Jane Clark,jane.clark.136@testmail.com
126,Emily Smith,emily.smith.278@mail.net
127,Ava Thompson,ava.thompson.394@mail.net
128,Michael Jackson,michael.jackson.436@testmail.com
129,William Lewis,william.lewis.812@techcorp.org
130,Charles Taylor,charles.taylor.831@rdbms.dev
131,Jane White,jane.white.972@testmail.com
132,Sophia White,sophia.white.965@example.com
133,Michael Thompson,michael.thompson.990@techcorp.org
134,John Clark,john.clark.927@example.com
135,Amelia Robinson,amelia.robinson.485@testmail.com
136,Emily Walker,emily.walker.828@example.com
137,James Brown,james.brown.531@techcorp.org
138,Thomas Brown,thomas.brown.442@example.com
139,David Wilson,david.wilson.759@techcorp.org
140,Ava Perez,ava.perez.485@rdbms.dev
141,Robert Perez,robert.perez.993@rdbms.dev
142,Amelia Miller,amelia.miller.740@mail.net
143,Isabella Walker,isabella.walker.526@mail.net
144,John Miller,john.miller.933@testmail.com
145,Richard White,richard.white.246@rdbms.dev
146,Thomas Johnson,thomas.johnson.620@techcorp.org
147,Joseph Clark,joseph.clark.943@example.com
148,James Robinson,james.robinson.377@rdbms.dev
149,Amelia Clark,amelia.clark.977@testmail.com
150,William Wilson,william.wilson.564@mail.net
151,Amelia Perez,amelia.perez.880@testmail.com
152,Thomas Johnson,thomas.johnson.652@example.com
153,David Harris,david.harris.444@techcorp.org
154,Emily Martin,emily.martin.329@testmail.com
155,Charlotte Miller,charlotte.miller.551@example.com
156,Emily White,emily.white.341@testmail.com
157,Sophia Thompson,sophia.thompson.610@example.com
158,Robert Brown,robert.brown.788@testmail.com
159,Isabella Wilson,isabella.wilson.787@techcorp.org
160,Mia Martin,mia.martin.429@rdbms.dev
161,David Perez,david.perez.734@mail.net
162,Isabella Miller,isabella.miller.678@example.com
163,David Wilson,david.wilson.462@mail.net
164,Charles Wilson,charles.wilson.566@techcorp.org
165,Isabella White,isabella.white.534@rdbms.dev
166,Jane Johnson,jane.johnson.243@mail.net
167,Amelia Taylor,amelia.taylor.323@rdbms.dev
168,Thomas Smith,thomas.smith.805@rdbms.dev
169,Jane Sanchez,jane.sanchez.226@example.com
170,Jane Brown,jane.brown.586@example.com
171,Thomas Wilson,thomas.wilson.615@rdbms.dev
172,Mia Smith,mia.smith.515@example.com
173,Isabella Lee,isabella.lee.606@mail.net
174,Joseph Lewis,joseph.lewis.164@mail.net
175,Richard Jackson,richard.jackson.329@mail.net
176,David Taylor,david.taylor.627@example.com
177,Emily Miller,emily.miller.840@testmail.com
178,Charlotte Jackson,charlotte.jackson.441@rdbms.dev
179,Joseph Martin,joseph.martin.430@testmail.com
180,Jane Thompson,jane.thompson.898@techcorp.org
181,Olivia Jackson,olivia.jackson.524@mail.net
182,Olivia Ramirez,olivia.ramirez.527@example.com
183,Isabella Harris,isabella.harris.190@testmail.com
184,Joseph Clark,joseph.clark.190@testmail.com
185,Charlotte Lee,charlotte.lee.813@mail.net
186,Charlotte Moore,charlotte.moore.993@example.com
187,Emily Sanchez,emily.sanchez.789@testmail.com
188,John Brown,john.brown.742@techcorp.org
189,William White,william.white.771@mail.net
190,Joseph Jackson,joseph.jackson.253@techcorp.org
191,Mia Wilson,mia.wilson.662@techcorp.org
192,William Robinson,william.robinson.729@mail.net
193,Emily Walker,emily.walker.480@rdbms.dev
194,Charles Johnson,charles.johnson.577@example.com
195,Robert Miller,robert.miller.120@rdbms.dev
196,Thomas Miller,thomas.miller.519@rdbms.dev
197,Mia Lee,mia.lee.695@example.com
198,David Johnson,david.johnson.730@testmail.com
199,Emily Smith,emily.smith.913@example.com
200,John Wilson,john.wilson.598@example.com
201,Amelia Clark,amelia.clark.337@mail.net
202,Ava Ramirez,ava.ramirez.884@techcorp.org
203,Emma Martin,emma.martin.313@techcorp.org
204,Sophia White,sophia.white.136@mail.net
205,Jane Perez,jane.perez.216@example.com
206,Michael Moore,michael.moore.715@testmail.com
207,Mia Brown,mia.brown.275@mail.net
208,Richard Ramirez,richard.ramirez.797@testmail.com
209,Sophia Martin,sophia.martin.341@mail.net
210,Robert Lee,robert.lee.618@techcorp.org
211,John Wilson,john.wilson.569@techcorp.org
212,Robert Martin,robert.martin.133@example.com
213,Richard Clark,richard.clark.324@example.com
214,William Smith,william.smith.571@testmail.com
215,Amelia Perez,amelia.perez.891@techcorp.org
216,Emily Walker,emily.walker.451@testmail.com
217,Robert Lewis,robert.lewis.369@example.com
218,Ava Harris,ava.harris.226@techcorp.org
219,Michael Thompson,michael.thompson.762@mail.net
220,Richard Martin,richard.martin.879@testmail.com
221,Sophia Miller,sophia.miller.890@testmail.com
222,Michael Jackson,michael.jackson.639@techcorp.org
223,Charlotte Walker,charlotte.walker.667@example.com
224,Mia Clark,mia.clark.511@mail.net
225,John Ramirez,john.ramirez.427@mail.net
226,Sophia Robinson,sophia.robinson.915@mail.net
227,Jane Sanchez,jane.sanchez.385@rdbms.dev
228,Richard Taylor,richard.taylor.524@rdbms.dev
229,Isabella Miller,isabella.miller.976@mail.net
230,Michael Ramirez,michael.ramirez.892@testmail.com
231,Isabella Ramirez,isabella.ramirez.937@rdbms.dev
232,Michael Walker,michael.walker.325@rdbms.dev
233,David Lee,david.lee.196@testmail.com
234,Michael Thompson,michael.thompson.936@techcorp.org
235,David Moore,david.moore.307@rdbms.dev
236,John Brown,john.brown.794@testmail.com
237,Jane Wilson,jane.wilson.725@example.com
238,Mia White,mia.white.706@rdbms.dev
239,Olivia Harris,olivia.harris.764@testmail.com
240,William Moore,william.moore.311@mail.net
241,Emma Taylor,emma.taylor.864@mail.net
242,Emma Lewis,emma.lewis.992@example.com
243,Sophia Moore,sophia.moore.661@mail.net
244,Robert Walker,robert.walker.588@testmail.com
245,Thomas Brown,thomas.brown.355@mail.net
246,Richard Clark,richard.clark.689@techcorp.org
247,David Walker,david.walker.695@techcorp.org
248,Emily Perez,emily.perez.675@techcorp.org
249,Emily Jackson,emily.jackson.570@mail.net
250,Charlotte Lee,charlotte.lee.566@testmail.com
251,Amelia Miller,amelia.miller.344@mail.net
252,Charlotte Martin,charlotte.martin.411@testmail.com
253,David Walker,david.walker.921@testmail.com
254,Robert Harris,robert.harris.607@techcorp.org
255,Charlotte Clark,charlotte.clark.528@testmail.com
256,Charles Moore,charles.moore.557@example.com
257,Richard Martin,richard.martin.440@example.com
258,Michael Perez,michael.perez.571@rdbms.dev
259,James Martin,james.martin.896@example.com
260,Ava Harris,ava.harris.893@techcorp.org
261,Mia Lewis,mia.lewis.521@testmail.com
262,Emily Walker,emily.walker.136@testmail.com
263,David Clark,david.clark.846@rdbms.dev
264,Charlotte Martin,charlotte.martin.161@techcorp.org
265,Mia Thompson,mia.thompson.453@techcorp.org
266,Robert Lewis,robert.lewis.266@testmail.com
267,Charles Ramirez,charles.ramirez.104@rdbms.dev
268,Charlotte Miller,charlotte.miller.634@mail.net
269,David Ramirez,david.ramirez.201@example.com
270,Amelia Ramirez,amelia.ramirez.465@testmail.com
271,David Brown,david.brown.370@techcorp.org
272,James Miller,james.miller.138@rdbms.dev
273,Jane Jackson,jane.jackson.329@techcorp.org
274,Isabella Moore,isabella.moore.167@rdbms.dev
275,Mia Smith,mia.smith.359@mail.net
276,Amelia Sanchez,amelia.sanchez.121@testmail.com
277,Richard Moore,richard.moore.872@example.com
278,Emily Perez,emily.perez.953@techcorp.org
279,Amelia Smith,amelia.smith.764@example.com
280,James Johnson,james.johnson.624@mail.net
281,Jane Taylor,jane.taylor.885@testmail.com
282,William Jackson,william.jackson.757@rdbms.dev
283,Sophia Robinson,sophia.robinson.829@testmail.com
284,Isabella Lee,isabella.lee.584@example.com
285,Richard Smith,richard.smith.834@example.com
286,Thomas Wilson,thomas.wilson.795@testmail.com
287,James Lee,james.lee.374@example.com
288,Isabella Martin,isabella.martin.430@example.com
289,John Moore,john.moore.548@mail.net
290,Mia Sanchez,mia.sanchez.123@techcorp.org
291,Ava Clark,ava.clark.284@rdbms.dev
292,William Thompson,william.thompson.360@example.com
293,David Martin,david.martin.830@example.com
294,William Johnson,william.johnson.927@rdbms.dev
295,Emily Martin,emily.martin.925@rdbms.dev
296,William Taylor,william.taylor.324@rdbms.dev
297,Jane Sanchez,jane.sanchez.872@mail.net
298,David Miller,david.miller.648@testmail.com
299,Olivia Martin,olivia.martin.594@testmail.com
300,Jane White,jane.white.384@testmail.com
301,Amelia Lee,amelia.lee.605@example.com
302,Charles Harris,charles.harris.757@example.com
303,Amelia Miller,amelia.miller.572@mail.net
304,Robert Miller,robert.miller.681@testmail.com
305,Michael Harris,michael.harris.189@example.com
306,Robert Lee,robert.lee.152@techcorp.org
307,Sophia Johnson,sophia.johnson.473@mail.net
308,Ava Martin,ava.martin.227@testmail.com
309,Jane Thompson,jane.thompson.957@testmail.com
310,Charlotte Lee,charlotte.lee.113@rdbms.dev
311,Thomas Lewis,thomas.lewis.476@example.com
312,Ava Moore,ava.moore.202@rdbms.dev
313,Sophia Brown,sophia.brown.233@testmail.com
314,Olivia Clark,olivia.clark.405@example.com
315,Richard Moore,richard.moore.697@testmail.com
316,Joseph Moore,joseph.moore.536@techcorp.org
317,Olivia Walker,olivia.walker.688@techcorp.org
318,Jane Clark,jane.clark.321@testmail.com
319,Emily Harris,emily.harris.270@example.com
320,Sophia Jackson,sophia.jackson.406@example.com
321,Thomas Sanchez,thomas.sanchez.839@mail.net
322,Amelia Walker,amelia.walker.286@testmail.com
323,William Robinson,william.robinson.697@techcorp.org
324,John Smith,john.smith.244@rdbms.dev
325,Sophia Walker,sophia.walker.798@mail.net
326,Richard Clark,richard.clark.766@example.com
327,James Lee,james.lee.800@mail.net
328,David Moore,david.moore.257@techcorp.org
329,Ava Brown,ava.brown.576@techcorp.org
330,Thomas Lee,thomas.lee.715@testmail.com
331,Robert Miller,robert.miller.596@rdbms.dev
332,Charles Smith,charles.smith.450@mail.net
333,Thomas Ramirez,thomas.ramirez.114@rdbms.dev
334,Joseph Walker,joseph.walker.878@testmail.com
335,Robert Wilson,robert.wilson.595@example.com
336,Emma Taylor,emma.taylor.932@mail.net
337,Robert Miller,robert.miller.269@rdbms.dev
338,William Perez,william.perez.441@testmail.com
339,Emily Harris,emily.harris.764@mail.net
340,Charlotte Lewis,charlotte.lewis.217@example.com
341,Joseph Lee,joseph.lee.511@example.com
342,Charles Thompson,charles.thompson.870@testmail.com
343,Thomas Brown,thomas.brown.643@mail.net
344,Mia Wilson,mia.wilson.175@rdbms.dev
345,John Martin,john.martin.943@techcorp.org
346,Ava Johnson,ava.johnson.899@example.com
347,Mia Brown,mia.brown.490@techcorp.org
348,Robert Thompson,robert.thompson.247@testmail.com
349,Mia Thompson,mia.thompson.549@mail.net
350,Isabella Harris,isabella.harris.561@rdbms.dev
351,Michael Robinson,michael.robinson.244@techcorp.org
352,Emma Walker,emma.walker.191@example.com
353,James Ramirez,james.ramirez.918@mail.net
354,John White,john.white.522@rdbms.dev
355,Isabella Perez,isabella.perez.180@testmail.com
356,Charlotte Miller,charlotte.miller.212@example.com
357,Amelia Harris,amelia.harris.588@example.com
358,Sophia Harris,sophia.harris.376@rdbms.dev
359,Emily Walker,emily.walker.385@example.com
360,John White,john.white.232@techcorp.org
361,John Taylor,john.taylor.459@testmail.com
362,Isabella Walker,isabella.walker.857@example.com
363,William Johnson,william.johnson.747@testmail.com
364,David Perez,david.perez.927@testmail.com
365,Thomas Jackson,thomas.jackson.287@mail.net
366,John Ramirez,john.ramirez.219@techcorp.org
367,Mia Taylor,mia.taylor.394@techcorp.org
368,Mia Smith,mia.smith.572@example.com
369,Isabella Taylor,isabella.taylor.750@rdbms.dev
370,Joseph Perez,joseph.perez.496@techcorp.org
371,William Jackson,william.jackson.504@example.com
372,Emily Ramirez,emily.ramirez.287@mail.net
373,Jane Thompson,jane.thompson.758@mail.net
374,Isabella Lewis,isabella.lewis.466@example.com
375,William Lee,william.lee.668@techcorp.org
376,Emma Johnson,emma.johnson.888@techcorp.org
377,Emily Lee,emily.lee.852@techcorp.org
378,Jane Martin,jane.martin.423@techcorp.org
379,Joseph Walker,joseph.walker.869@rdbms.dev
380,Olivia Harris,olivia.harris.399@testmail.com
381,Emma Johnson,emma.johnson.625@testmail.com
382,Thomas Lewis,thomas.lewis.302@testmail.com
383,Thomas Moore,thomas.moore.873@rdbms.dev
384,Sophia Perez,sophia.perez.654@testmail.com
385,Michael Clark,michael.clark.286@techcorp.org
386,Ava Smith,ava.smith.101@testmail.com
387,Isabella White,isabella.white.794@techcorp.org
388,Michael Clark,michael.clark.459@techcorp.org
389,Jane Robinson,jane.robinson.321@techcorp.org
390,Thomas Martin,thomas.martin.934@testmail.com
391,Isabella Jackson,isabella.jackson.787@example.com
392,Charles Wilson,charles.wilson.570@testmail.com
393,Michael Johnson,michael.johnson.615@example.com
394,David Thompson,david.thompson.435@testmail.com
395,Jane Robinson,jane.robinson.895@techcorp.org
396,Charles Robinson,charles.robinson.927@testmail.com
397,Jane Moore,jane.moore.463@mail.net
398,Robert Taylor,robert.taylor.466@mail.net
399,Charles Thompson,charles.thompson.433@example.com
400,Mia Jackson,mia.jackson.826@mail.net
401,Mia Clark,mia.clark.887@mail.net
402,Sophia Walker,sophia.walker.653@testmail.com
403,Emily Clark,emily.clark.874@techcorp.org
404,Emily Robinson,emily.robinson.196@testmail.com
405,Emily Thompson,emily.thompson.308@rdbms.dev
406,John Ramirez,john.ramirez.695@example.com
407,James Smith,james.smith.579@testmail.com
408,Amelia Thompson,amelia.thompson.791@mail.net
409,John Sanchez,john.sanchez.471@testmail.com
410,James Clark,james.clark.874@techcorp.org
411,John Walker,john.walker.142@testmail.com
412,Robert Taylor,robert.taylor.686@testmail.com
413,John Clark,john.clark.997@rdbms.dev
414,Robert Wilson,robert.wilson.864@testmail.com
415,Thomas Lee,thomas.lee.815@mail.net
416,Sophia Sanchez,sophia.sanchez.962@example.com
417,Olivia Walker,olivia.walker.233@techcorp.org
418,Joseph Lee,joseph.lee.540@rdbms.dev
419,Mia Johnson,mia.johnson.625@techcorp.org
420,John Clark,john.clark.961@techcorp.org
421,William Wilson,william.wilson.157@example.com
422,Emily Moore,emily.moore.506@mail.net
423,William Harris,william.harris.696@mail.net
424,Isabella Smith,isabella.smith.623@rdbms.dev
425,Mia Jackson,mia.jackson.833@rdbms.dev
426,James Lee,james.lee.355@testmail.com
427,Emily Taylor,emily.taylor.433@mail.net
428,Charles Martin,charles.martin.886@techcorp.org
429,Thomas Miller,thomas.miller.778@testmail.com
430,Amelia Wilson,amelia.wilson.417@mail.net
431,Charlotte Martin,charlotte.martin.302@testmail.com
432,Charlotte Moore,charlotte.moore.620@techcorp.org
433,Amelia Lee,amelia.lee.648@rdbms.dev
434,Isabella Walker,isabella.walker.780@testmail.com
435,Ava Brown,ava.brown.956@rdbms.dev
436,Thomas Harris,thomas.harris.668@mail.net
437,Joseph Perez,joseph.perez.931@rdbms.dev
438,Mia Thompson,mia.thompson.846@techcorp.org
439,Thomas Lewis,thomas.lewis.619@rdbms.dev
440,Richard Ramirez,richard.ramirez.418@example.com
441,Charles Harris,charles.harris.630@rdbms.dev
442,Sophia White,sophia.white.676@testmail.com
443,John Martin,john.martin.212@testmail.com
444,Michael Moore,michael.moore.831@rdbms.dev
445,Amelia Wilson,amelia.wilson.694@rdbms.dev
446,Mia Wilson,mia.wilson.510@mail.net
447,Robert Miller,robert.miller.759@techcorp.org
448,Sophia Jackson,sophia.jackson.983@mail.net
449,David Lewis,david.lewis.696@rdbms.dev
450,James Ramirez,james.ramirez.797@mail.net
451,Michael Clark,michael.clark.668@example.com
452,David Walker,david.walker.282@example.com
453,Joseph Taylor,joseph.taylor.706@example.com
454,Thomas Jackson,thomas.jackson.978@example.com
455,Ava Miller,ava.miller.562@techcorp.org
456,Emily Brown,emily.brown.560@mail.net
457,David Lewis,david.lewis.144@mail.net
458,Charlotte Perez,charlotte.perez.416@rdbms.dev
459,Olivia Jackson,olivia.jackson.297@rdbms.dev
460,Joseph Thompson,joseph.thompson.550@techcorp.org
461,Michael Johnson,michael.johnson.467@rdbms.dev
462,Ava Moore,ava.moore.948@example.com
463,James Harris,james.harris.745@rdbms.dev
464,William Brown,william.brown.442@testmail.com
465,Richard Harris,richard.harris.851@rdbms.dev
466,Robert Robinson,robert.robinson.653@example.com
467,Emma Thompson,emma.thompson.473@mail.net
468,Amelia Martin,amelia.martin.519@testmail.com
469,William Moore,william.moore.897@example.com
470,Mia Ramirez,mia.ramirez.420@example.com
471,Thomas Sanchez,thomas.sanchez.475@example.com
472,Amelia Robinson,amelia.robinson.916@mail.net
473,Thomas Walker,thomas.walker.433@techcorp.org
474,Ava Martin,ava.martin.360@mail.net
475,Charlotte Wilson,charlotte.wilson.525@example.com
476,Robert Taylor,robert.taylor.378@testmail.com
477,Isabella White,isabella.white.293@techcorp.org
478,Charlotte Ramirez,charlotte.ramirez.907@techcorp.org
479,David Jackson,david.jackson.277@techcorp.org
480,Charlotte Lee,charlotte.lee.828@techcorp.org
481,John Moore,john.moore.425@testmail.com
482,Emma Smith,emma.smith.839@rdbms.dev
483,John Thompson,john.thompson.734@techcorp.org
484,Michael Thompson,michael.thompson.335@testmail.com
485,Sophia Brown,sophia.brown.299@example.com
486,Ava Lee,ava.lee.649@rdbms.dev
487,John Ramirez,john.ramirez.682@rdbms.dev
488,David Lewis,david.lewis.263@testmail.com
489,Mia Walker,mia.walker.440@rdbms.dev
490,Isabella Johnson,isabella.johnson.320@rdbms.dev
491,Mia Ramirez,mia.ramirez.274@example.com
492,Isabella Walker,isabella.walker.932@rdbms.dev
493,Joseph Martin,joseph.martin.119@techcorp.org
494,John Lewis,john.lewis.662@techcorp.org
495,Joseph Harris,joseph.harris.222@techcorp.org
496,Emma Ramirez,emma.ramirez.632@example.com
497,Emily Harris,emily.harris.588@techcorp.org
498,Ava Thompson,ava.thompson.974@testmail.com
499,David Moore,david.moore.929@testmail.com
500,David Martin,david.martin.128@techcorp.org
501,Isabella Moore,isabella.moore.494@testmail.com
502,William Lee,william.lee.801@example.com
503,Isabella Smith,isabella.smith.968@example.com
504,Charles Clark,charles.clark.752@testmail.com
505,Charlotte Thompson,charlotte.thompson.133@mail.net
506,Emily Miller,emily.miller.458@rdbms.dev
507,Thomas Sanchez,thomas.sanchez.221@techcorp.org
508,Charles Perez,charles.perez.690@example.com
509,Charles Wilson,charles.wilson.938@example.com
510,Thomas Robinson,thomas.robinson.418@techcorp.org
511,Charles Johnson,charles.johnson.872@techcorp.org
512,Thomas Miller,thomas.miller.314@example.com
513,Michael Ramirez,michael.ramirez.244@mail.net
514,Robert Moore,robert.moore.155@techcorp.org
515,Mia Jackson,mia.jackson.948@example.com
516,Richard Brown,richard.brown.523@testmail.com
517,Mia Lee,mia.lee.134@techcorp.org
518,William Brown,william.brown.426@mail.net
519,Charles Wilson,charles.wilson.364@rdbms.dev
520,Thomas Miller,thomas.miller.565@techcorp.org
521,Richard Robinson,richard.robinson.694@testmail.com
522,Richard Clark,richard.clark.109@testmail.com
523,Charles Taylor,charles.taylor.148@rdbms.dev
524,Jane Harris,jane.harris.976@mail.net
525,Charles Smith,charles.smith.332@rdbms.dev
526,William Moore,william.moore.326@mail.net
527,Sophia Thompson,sophia.thompson.173@example.com
528,Ava Robinson,ava.robinson.928@techcorp.org
529,Robert Walker,robert.walker.138@testmail.com
530,David Ramirez,david.ramirez.653@testmail.com
531,John Martin,john.martin.984@mail.net
532,Mia Smith,mia.smith.509@rdbms.dev
533,Robert Ramirez,robert.ramirez.944@rdbms.dev
534,Jane Thompson,jane.thompson.383@mail.net
535,Robert Moore,robert.moore.918@testmail.com
536,Jane Moore,jane.moore.391@testmail.com
537,Ava White,ava.white.137@testmail.com
538,Emma Sanchez,emma.sanchez.715@techcorp.org
539,James Ramirez,james.ramirez.954@rdbms.dev
540,Isabella White,isabella.white.657@testmail.com
541,Thomas Jackson,thomas.jackson.246@example.com
542,Charles Taylor,charles.taylor.857@example.com
543,Isabella Martin,isabella.martin.969@testmail.com
544,Ava Lee,ava.lee.502@rdbms.dev
545,David Clark,david.clark.536@example.com
546,William Sanchez,william.sanchez.935@testmail.com
547,David Wilson,david.wilson.676@rdbms.dev
548,Emma Ramirez,emma.ramirez.342@mail.net
549,Amelia Brown,amelia.brown.877@techcorp.org
550,Thomas Walker,thomas.walker.313@testmail.com
551,John Taylor,john.taylor.737@testmail.com
552,Olivia Martin,olivia.martin.340@techcorp.org
553,Joseph Taylor,joseph.taylor.386@testmail.com
554,Ava Lee,ava.lee.177@rdbms.dev
555,David Thompson,david.thompson.641@mail.net
556,Mia Brown,mia.brown.915@rdbms.dev
557,Ava Thompson,ava.thompson.509@rdbms.dev
558,Thomas Clark,thomas.clark.664@example.com
559,William Brown,william.brown.255@rdbms.dev
560,Charles Miller,charles.miller.145@techcorp.org
561,David Walker,david.walker.776@testmail.com
562,Charlotte Miller,charlotte.miller.188@mail.net
563,Isabella Miller,isabella.miller.654@rdbms.dev
564,Charlotte Wilson,charlotte.wilson.864@techcorp.org
565,Charles Martin,charles.martin.194@rdbms.dev
566,William Wilson,william.wilson.939@mail.net
567,Richard Robinson,richard.robinson.817@techcorp.org
568,Amelia Martin,amelia.martin.607@example.com
569,Robert Moore,robert.moore.923@example.com
570,David Clark,david.clark.404@mail.net
571,Ava Moore,ava.moore.815@rdbms.dev
572,Emily Jackson,emily.jackson.524@testmail.com
573,Mia Harris,mia.harris.260@testmail.com
574,Sophia Clark,sophia.clark.377@mail.net
575,Emma White,emma.white.396@techcorp.org
576,Charles Perez,charles.perez.757@rdbms.dev
577,Olivia Lee,olivia.lee.176@example.com
578,Charlotte Perez,charlotte.perez.835@example.com
579,Thomas Moore,thomas.moore.243@testmail.com
580,Amelia Miller,amelia.miller.170@rdbms.dev
581,Ava Lewis,ava.lewis.487@testmail.com
582,Emily Thompson,emily.thompson.183@rdbms.dev
583,James Clark,james.clark.760@testmail.com
584,Joseph Perez,joseph.perez.509@rdbms.dev
585,Ava Lewis,ava.lewis.742@testmail.com
586,Thomas White,thomas.white.953@example.com
587,Charles Robinson,charles.robinson.227@techcorp.org
588,Mia Smith,mia.smith.749@mail.net
589,Sophia Clark,sophia.clark.254@techcorp.org
590,Michael Perez,michael.perez.901@techcorp.org
591,Ava Miller,ava.miller.421@example.com
592,Michael Taylor,michael.taylor.851@testmail.com
593,Jane Walker,jane.walker.670@rdbms.dev
594,Thomas Harris,thomas.harris.954@testmail.com
595,Robert Wilson,robert.wilson.650@rdbms.dev
596,Richard Brown,richard.brown.971@techcorp.org
597,Amelia Walker,amelia.walker.968@example.com
598,Charlotte Ramirez,charlotte.ramirez.897@techcorp.org
599,Charlotte Clark,charlotte.clark.589@rdbms.dev
600,Robert Perez,robert.perez.971@mail.net
601,Emma Perez,emma.perez.846@techcorp.org
602,Emma Robinson,emma.robinson.703@mail.net
603,Michael Clark,michael.clark.217@rdbms.dev
604,Jane Taylor,jane.taylor.228@example.com
605,Michael Sanchez,michael.sanchez.933@testmail.com
606,James Martin,james.martin.552@techcorp.org
607,Sophia Wilson,sophia.wilson.502@testmail.com
608,Joseph Robinson,joseph.robinson.727@example.com
609,Emily Johnson,emily.johnson.244@testmail.com
610,James Moore,james.moore.627@example.com
611,Jane Moore,jane.moore.370@testmail.com
612,Thomas Moore,thomas.moore.251@example.com
613,Amelia Perez,amelia.perez.340@example.com
614,Isabella Sanchez,isabella.sanchez.886@example.com
615,Amelia Brown,amelia.brown.675@example.com
616,John Harris,john.harris.628@example.com
617,Sophia Walker,sophia.walker.849@testmail.com
618,Joseph Jackson,joseph.jackson.255@testmail.com
619,Ava Martin,ava.martin.318@testmail.com
620,Amelia Jackson,amelia.jackson.153@techcorp.org
621,William Ramirez,william.ramirez.783@mail.net
622,David Brown,david.brown.540@techcorp.org
623,Thomas Miller,thomas.miller.209@techcorp.org
624,Ava Lewis,ava.lewis.623@techcorp.org
625,Robert Miller,robert.miller.188@rdbms.dev
626,William Perez,william.perez.387@testmail.com
627,James Lewis,james.lewis.978@rdbms.dev
628,Mia Walker,mia.walker.621@example.com
629,Mia Perez,mia.perez.977@rdbms.dev
630,Amelia Johnson,amelia.johnson.736@techcorp.org
631,Thomas Robinson,thomas.robinson.396@techcorp.org
632,Joseph Thompson,joseph.thompson.778@rdbms.dev
633,William Ramirez,william.ramirez.231@example.com
634,Mia Brown,mia.brown.952@example.com
635,William Brown,william.brown.776@techcorp.org
636,Charlotte Brown,charlotte.brown.353@techcorp.org
637,Jane Lee,jane.lee.747@techcorp.org
638,Olivia Sanchez,olivia.sanchez.825@example.com
639,David Robinson,david.robinson.134@mail.net
640,David Ramirez,david.ramirez.493@mail.net
641,Robert Smith,robert.smith.838@example.com
642,Richard Lewis,richard.lewis.365@testmail.com
643,Isabella Sanchez,isabella.sanchez.350@rdbms.dev
644,Emma Wilson,emma.wilson.282@rdbms.dev
645,Amelia Taylor,amelia.taylor.590@techcorp.org
646,David Lee,david.lee.997@techcorp.org
647,Sophia Taylor,sophia.taylor.543@mail.net
648,Charlotte Miller,charlotte.miller.219@techcorp.org
649,Michael Taylor,michael.taylor.606@rdbms.dev
650,Amelia Miller,amelia.miller.130@example.com
651,Emily Brown,emily.brown.121@mail.net
652,Michael Ramirez,michael.ramirez.432@example.com
653,Olivia Jackson,olivia.jackson.245@techcorp.org
654,Michael Moore,michael.moore.144@mail.net
655,William Sanchez,william.sanchez.469@rdbms.dev
656,Emily Lewis,emily.lewis.492@example.com
657,Joseph Sanchez,joseph.sanchez.127@mail.net
658,Charles Johnson,charles.johnson.283@techcorp.org
659,Emily Harris,emily.harris.464@mail.net
660,Isabella Jackson,isabella.jackson.183@rdbms.dev
661,Amelia White,amelia.white.193@testmail.com
662,James Harris,james.harris.401@rdbms.dev
663,John Perez,john.perez.103@testmail.com
664,Emily Martin,emily.martin.331@testmail.com
665,David Ramirez,david.ramirez.909@mail.net
666,Joseph Robinson,joseph.robinson.867@mail.net
667,William Harris,william.harris.684@rdbms.dev
668,Sophia Miller,sophia.miller.228@rdbms.dev
669,Olivia White,olivia.white.791@techcorp.org
670,Charlotte Thompson,charlotte.thompson.475@techcorp.org
671,Sophia Taylor,sophia.taylor.231@testmail.com
672,Michael Moore,michael.moore.660@testmail.com
673,Ava Brown,ava.brown.392@rdbms.dev
674,Olivia Moore,olivia.moore.949@testmail.com
675,Richard Harris,richard.harris.622@example.com
676,Emma Lewis,emma.lewis.381@testmail.com
677,Isabella Walker,isabella.walker.683@example.com
678,Jane Sanchez,jane.sanchez.164@techcorp.org
679,William Brown,william.brown.877@techcorp.org
680,Isabella Walker,isabella.walker.393@rdbms.dev
681,Michael Robinson,michael.robinson.736@example.com
682,Charles Sanchez,charles.sanchez.703@rdbms.dev
683,Richard Walker,richard.walker.361@example.com
684,Mia Johnson,mia.johnson.443@techcorp.org
685,Sophia Robinson,sophia.robinson.645@testmail.com
686,Joseph Clark,joseph.clark.325@mail.net
687,William Brown,william.brown.845@rdbms.dev
688,Richard Lee,richard.lee.220@mail.net
689,Charles Taylor,charles.taylor.648@example.com
690,Jane Martin,jane.martin.197@techcorp.org
691,Emily Martin,emily.martin.270@mail.net
692,Sophia Walker,sophia.walker.697@rdbms.dev
693,Emily Thompson,emily.thompson.549@example.com
694,Amelia Smith,amelia.smith.752@testmail.com
695,Joseph Johnson,joseph.johnson.656@testmail.com
696,Amelia Wilson,amelia.wilson.698@mail.net
697,Jane Miller,jane.miller.705@example.com
698,David Perez,david.perez.804@rdbms.dev
699,Amelia Jackson,amelia.jackson.452@example.com
700,Robert Clark,robert.clark.508@example.com
701,Charles Sanchez,charles.sanchez.279@rdbms.dev
702,Isabella Martin,isabella.martin.154@mail.net
703,Charlotte Sanchez,charlotte.sanchez.639@example.com
704,Charles Walker,charles.walker.418@testmail.com
705,William Jackson,william.jackson.687@example.com
706,Charles Brown,charles.brown.598@mail.net
707,Charlotte Ramirez,charlotte.ramirez.629@mail.net
708,Mia Taylor,mia.taylor.212@testmail.com
709,Joseph Robinson,joseph.robinson.194@rdbms.dev
710,Mia Lee,mia.lee.268@example.com
711,John Thompson,john.thompson.294@rdbms.dev
712,Isabella Clark,isabella.clark.889@testmail.com
713,James White,james.white.601@mail.net
714,Charlotte Walker,charlotte.walker.125@techcorp.org
715,Charlotte Robinson,charlotte.robinson.732@testmail.com
716,Sophia Lee,sophia.lee.689@techcorp.org
717,Emma Wilson,emma.wilson.391@example.com
718,Ava Johnson,ava.johnson.743@rdbms.dev
719,John Perez,john.perez.458@testmail.com
720,Olivia Perez,olivia.perez.318@rdbms.dev
721,Charlotte Lee,charlotte.lee.585@mail.net
722,Emily Miller,emily.miller.346@testmail.com
723,Michael White,michael.white.133@example.com
724,William Sanchez,william.sanchez.760@example.com
725,Joseph Ramirez,joseph.ramirez.931@example.com
726,Jane Taylor,jane.taylor.890@rdbms.dev
727,Emma Jackson,emma.jackson.929@techcorp.org
728,John Moore,john.moore.467@rdbms.dev
729,John Clark,john.clark.306@example.com
730,Charles Lewis,charles.lewis.211@example.com
731,William Sanchez,william.sanchez.784@testmail.com
732,Michael Robinson,michael.robinson.341@techcorp.org
733,Emma Walker,emma.walker.228@example.com
734,William Miller,william.miller.616@rdbms.dev
735,Olivia Miller,olivia.miller.644@mail.net
736,Emily Wilson,emily.wilson.482@techcorp.org
737,Ava Clark,ava.clark.331@mail.net
738,Olivia Taylor,olivia.taylor.620@testmail.com
739,Charles Jackson,charles.jackson.558@techcorp.org
740,Michael White,michael.white.836@techcorp.org
741,John Taylor,john.taylor.331@mail.net
742,Amelia Harris,amelia.harris.337@rdbms.dev
743,Isabella Walker,isabella.walker.643@example.com
744,Thomas Martin,thomas.martin.733@mail.net
745,Thomas Miller,thomas.miller.164@example.com
746,Amelia Walker,amelia.walker.536@rdbms.dev
747,Robert Lee,robert.lee.227@example.com
748,David Miller,david.miller.966@testmail.com
749,Sophia Walker,sophia.walker.288@techcorp.org
750,Amelia Martin,amelia.martin.702@mail.net
751,Emily Sanchez,emily.sanchez.205@example.com
752,Thomas Moore,thomas.moore.530@example.com
753,Jane Taylor,jane.taylor.698@mail.net
754,Sophia Wilson,sophia.wilson.623@rdbms.dev
755,Richard Taylor,richard.taylor.177@testmail.com
756,Charles Ramirez,charles.ramirez.105@techcorp.org
757,Emily Taylor,emily.taylor.276@example.com
758,David Martin,david.martin.185@testmail.com
759,Ava Wilson,ava.wilson.986@mail.net
760,Isabella Miller,isabella.miller.824@rdbms.dev
761,Richard Sanchez,richard.sanchez.235@testmail.com
762,Mia Taylor,mia.taylor.631@rdbms.dev
763,James Clark,james.clark.332@rdbms.dev
764,Richard Smith,richard.smith.855@example.com
765,Amelia Walker,amelia.walker.450@mail.net
766,Charles Moore,charles.moore.349@example.com
767,Sophia Jackson,sophia.jackson.491@testmail.com
768,Joseph Martin,joseph.martin.284@techcorp.org
769,James Harris,james.harris.286@mail.net
770,Joseph Johnson,joseph.johnson.206@example.com
771,Robert White,robert.white.615@example.com
772,Sophia Moore,sophia.moore.217@techcorp.org
773,Michael Johnson,michael.johnson.747@example.com
774,Jane Lewis,jane.lewis.254@techcorp.org
775,David Miller,david.miller.319@rdbms.dev
776,Michael Walker,michael.walker.369@rdbms.dev
777,Jane Sanchez,jane.sanchez.229@rdbms.dev
778,Mia Johnson,mia.johnson.620@rdbms.dev
779,Robert Clark,robert.clark.425@example.com
780,Emily Clark,emily.clark.405@testmail.com
781,Jane White,jane.white.656@rdbms.dev
782,Emma Sanchez,emma.sanchez.285@example.com
783,Charlotte Wilson,charlotte.wilson.868@rdbms.dev
784,Richard Johnson,richard.johnson.190@example.com
785,Ava Johnson,ava.johnson.656@techcorp.org
786,Jane Jackson,jane.jackson.555@mail.net
787,Emily Taylor,emily.taylor.405@techcorp.org
788,Joseph Sanchez,joseph.sanchez.564@example.com
789,Sophia Robinson,sophia.robinson.266@testmail.com
790,Robert Robinson,robert.robinson.128@example.com
791,Robert White,robert.white.553@testmail.com
792,William Sanchez,william.sanchez.214@rdbms.dev
793,Emily Moore,emily.moore.355@testmail.com
794,Thomas Sanchez,thomas.sanchez.234@example.com
795,Emily Thompson,emily.thompson.302@testmail.com
796,Jane Martin,jane.martin.987@testmail.com
797,Richard Harris,richard.harris.502@techcorp.org
798,Amelia Moore,amelia.moore.476@example.com
799,Olivia Moore,olivia.moore.151@techcorp.org
800,John Lee,john.lee.750@example.com
801,Richard Thompson,richard.thompson.688@mail.net
802,Joseph Sanchez,joseph.sanchez.866@example.com
803,Robert Walker,robert.walker.603@testmail.com
804,Mia Perez,mia.perez.607@mail.net
805,James Sanchez,james.sanchez.394@techcorp.org
806,David Robinson,david.robinson.168@rdbms.dev
807,Robert Miller,robert.miller.574@mail.net
808,Charlotte Jackson,charlotte.jackson.601@techcorp.org
809,Ava Ramirez,ava.ramirez.979@mail.net
810,David Ramirez,david.ramirez.883@rdbms.dev
811,Ava Sanchez,ava.sanchez.905@techcorp.org
812,Sophia Wilson,sophia.wilson.666@example.com
813,Charles Taylor,charles.taylor.600@testmail.com
814,Thomas Robinson,thomas.robinson.863@testmail.com
815,Ava Brown,ava.brown.508@rdbms.dev
816,Charles Walker,charles.walker.384@mail.net
817,Jane Perez,jane.perez.377@testmail.com
818,Robert Lee,robert.lee.425@rdbms.dev
819,William Moore,william.moore.751@example.com
820,Charlotte Moore,charlotte.moore.209@mail.net
821,Emma Wilson,emma.wilson.111@techcorp.org
822,Ava Johnson,ava.johnson.589@rdbms.dev
823,Richard Thompson,richard.thompson.550@mail.net
824,James Thompson,james.thompson.173@rdbms.dev
825,Michael Ramirez,michael.ramirez.323@example.com
826,Michael Smith,michael.smith.463@example.com
827,Olivia Martin,olivia.martin.611@rdbms.dev
828,Joseph Robinson,joseph.robinson.951@testmail.com
829,James Thompson,james.thompson.162@techcorp.org
830,Olivia Smith,olivia.smith.310@techcorp.org
831,Emma Jackson,emma.jackson.292@techcorp.org
832,David Thompson,david.thompson.897@testmail.com
833,Robert Lee,robert.lee.580@testmail.com
834,Michael Brown,michael.brown.510@example.com
835,Olivia Thompson,olivia.thompson.282@rdbms.dev
836,James Sanchez,james.sanchez.636@mail.net
837,David Robinson,david.robinson.617@rdbms.dev
838,Thomas Ramirez,thomas.ramirez.887@testmail.com
839,James Robinson,james.robinson.892@example.com
840,Thomas Robinson,thomas.robinson.552@rdbms.dev
841,John Robinson,john.robinson.407@testmail.com
842,John Brown,john.brown.366@mail.net
843,Robert White,robert.white.346@mail.net
844,Joseph Ramirez,joseph.ramirez.190@mail.net
845,Mia Wilson,mia.wilson.136@techcorp.org
846,Charlotte Perez,charlotte.perez.327@techcorp.org
847,John Jackson,john.jackson.913@example.com
848,Emma Thompson,emma.thompson.342@mail.net
849,John Brown,john.brown.825@rdbms.dev
850,Isabella Martin,isabella.martin.388@techcorp.org
851,Isabella Ramirez,isabella.ramirez.292@example.com
852,Isabella Martin,isabella.martin.241@rdbms.dev
853,Emily Thompson,emily.thompson.707@techcorp.org
854,Ava Thompson,ava.thompson.751@example.com
855,Jane White,jane.white.742@techcorp.org
856,Emma Smith,emma.smith.143@mail.net
857,Jane Harris,jane.harris.619@mail.net
858,Michael Taylor,michael.taylor.413@example.com
859,Richard Lewis,richard.lewis.892@testmail.com
860,Thomas Taylor,thomas.taylor.431@example.com
861,Charles Jackson,charles.jackson.708@example.com
862,Joseph Walker,joseph.walker.910@techcorp.org
863,Jane Ramirez,jane.ramirez.536@example.com
864,Olivia Johnson,olivia.johnson.430@techcorp.org
865,Joseph Johnson,joseph.johnson.750@example.com
866,Robert Jackson,robert.jackson.593@example.com
867,Isabella Moore,isabella.moore.230@rdbms.dev
868,Olivia Martin,olivia.martin.150@techcorp.org
869,William Johnson,william.johnson.724@techcorp.org
870,Isabella Robinson,isabella.robinson.599@techcorp.org
871,David Lewis,david.lewis.165@techcorp.org
872,Joseph Harris,joseph.harris.879@rdbms.dev
873,William Sanchez,william.sanchez.918@mail.net
874,Sophia White,sophia.white.120@testmail.com
875,Michael Moore,michael.moore.394@testmail.com
876,Robert Wilson,robert.wilson.399@example.com
877,Jane Ramirez,jane.ramirez.369@testmail.com
878,David Ramirez,david.ramirez.986@rdbms.dev
879,Ava Brown,ava.brown.870@example.com
880,John White,john.white.581@rdbms.dev
881,Charlotte Wilson,charlotte.wilson.133@example.com
882,Isabella Robinson,isabella.robinson.382@techcorp.org
883,James Smith,james.smith.721@mail.net
884,John Smith,john.smith.293@testmail.com
885,Emily Lee,emily.lee.138@rdbms.dev
886,Michael Moore,michael.moore.958@techcorp.org
887,Olivia Harris,olivia.harris.421@example.com
888,Charles Smith,charles.smith.858@mail.net
889,James Jackson,james.jackson.316@testmail.com
890,James Sanchez,james.sanchez.269@techcorp.org
891,David Johnson,david.johnson.365@rdbms.dev
892,Isabella Brown,isabella.brown.644@techcorp.org
893,Emma Perez,emma.perez.926@testmail.com
894,Ava Lewis,ava.lewis.151@mail.net
895,Charlotte Harris,charlotte.harris.977@techcorp.org
896,William Clark,william.clark.445@testmail.com
897,Emily White,emily.white.402@example.com
898,Thomas Johnson,thomas.johnson.459@mail.net
899,Charlotte Lee,charlotte.lee.866@example.com
900,Sophia Perez,sophia.perez.513@rdbms.dev
901,Mia White,mia.white.847@mail.net
902,Isabella White,isabella.white.186@testmail.com
903,Joseph Taylor,joseph.taylor.205@mail.net
904,Thomas Wilson,thomas.wilson.318@techcorp.org
905,Robert Walker,robert.walker.988@rdbms.dev
906,David Harris,david.harris.549@testmail.com
907,Robert White,robert.white.126@rdbms.dev
908,Mia Lewis,mia.lewis.490@techcorp.org
909,James White,james.white.412@techcorp.org
910,Thomas Perez,thomas.perez.347@testmail.com
911,Thomas Robinson,thomas.robinson.842@techcorp.org
912,Emily Lee,emily.lee.256@techcorp.org
913,Michael Robinson,michael.robinson.113@example.com
914,Robert Wilson,robert.wilson.338@testmail.com
915,Charlotte Perez,charlotte.perez.455@testmail.com
916,William Lewis,william.lewis.122@mail.net
917,Sophia Martin,sophia.martin.815@techcorp.org
918,Sophia Brown,sophia.brown.576@mail.net
919,James Moore,james.moore.663@mail.net
920,John White,john.white.441@techcorp.org
921,Thomas Harris,thomas.harris.275@example.com
922,Charles Thompson,charles.thompson.165@mail.net
923,Isabella Lee,isabella.lee.885@rdbms.dev
924,Isabella Robinson,isabella.robinson.740@mail.net
925,Jane Sanchez,jane.sanchez.263@example.com
926,Thomas Brown,thomas.brown.277@testmail.com
927,Robert Wilson,robert.wilson.227@example.com
928,Isabella Ramirez,isabella.ramirez.636@testmail.com
929,John Clark,john.clark.574@example.com
930,James White,james.white.820@testmail.com
931,Mia Walker,mia.walker.501@techcorp.org
932,John Taylor,john.taylor.841@testmail.com
933,Richard Clark,richard.clark.449@rdbms.dev
934,Joseph Miller,joseph.miller.367@example.com
935,Emma Harris,emma.harris.936@rdbms.dev
936,Charlotte Robinson,charlotte.robinson.961@testmail.com
937,Jane Lewis,jane.lewis.963@techcorp.org
938,Charles White,charles.white.586@example.com
939,Emma Perez,emma.perez.437@testmail.com
940,Robert Brown,robert.brown.587@techcorp.org
941,William Perez,william.perez.985@techcorp.org
942,William Ramirez,william.ramirez.880@testmail.com
943,Emily Smith,emily.smith.279@techcorp.org
944,David White,david.white.586@mail.net
945,Amelia Miller,amelia.miller.719@techcorp.org
946,Michael Miller,michael.miller.404@rdbms.dev
947,Michael Harris,michael.harris.618@techcorp.org
948,Thomas Johnson,thomas.johnson.543@mail.net
949,Isabella Lewis,isabella.lewis.429@mail.net
950,Michael Taylor,michael.taylor.520@techcorp.org
951,Charlotte Perez,charlotte.perez.339@mail.net
952,Michael Wilson,michael.wilson.226@testmail.com
953,William Harris,william.harris.554@mail.net
954,Emily Lee,emily.lee.923@example.com
955,Emma Martin,emma.martin.667@testmail.com
956,John Lee,john.lee.553@testmail.com
957,Emma Lee,emma.lee.411@example.com
958,Michael Robinson,michael.robinson.723@testmail.com
959,Charles Perez,charles.perez.720@testmail.com
960,Sophia Brown,sophia.brown.799@testmail.com
961,Mia Smith,mia.smith.294@example.com
962,Olivia Martin,olivia.martin.128@testmail.com
963,William Johnson,william.johnson.324@techcorp.org
964,Charlotte Clark,charlotte.clark.588@mail.net
965,Amelia Clark,amelia.clark.632@rdbms.dev
966,Ava Johnson,ava.johnson.983@testmail.com
967,Ava White,ava.white.535@testmail.com
968,Charles Lewis,charles.lewis.261@testmail.com
969,Isabella Smith,isabella.smith.885@techcorp.org
970,Isabella Taylor,isabella.taylor.592@mail.net
971,Charlotte Lewis,charlotte.lewis.419@rdbms.dev
972,Charles Lee,charles.lee.661@rdbms.dev
973,Sophia Jackson,sophia.jackson.751@rdbms.dev
974,Richard Martin,richard.martin.164@mail.net
975,Sophia Harris,sophia.harris.293@example.com
976,Ava Lewis,ava.lewis.964@mail.net
977,Joseph Harris,joseph.harris.700@techcorp.org
978,Charles Sanchez,charles.sanchez.137@mail.net
979,Michael Sanchez,michael.sanchez.374@techcorp.org
980,David Martin,david.martin.434@techcorp.org
981,Charles Martin,charles.martin.283@testmail.com
982,James Smith,james.smith.258@mail.net
983,Charlotte Lee,charlotte.lee.269@example.com
984,Emily Walker,emily.walker.163@rdbms.dev
985,Charles Miller,charles.miller.947@rdbms.dev
986,Jane Miller,jane.miller.497@mail.net
987,Richard Sanchez,richard.sanchez.969@techcorp.org
988,William Wilson,william.wilson.847@example.com
989,Joseph Harris,joseph.harris.621@techcorp.org
990,Emily Ramirez,emily.ramirez.926@mail.net
991,Charles Walker,charles.walker.996@testmail.com
992,Thomas Thompson,thomas.thompson.875@example.com
993,Emma Ramirez,emma.ramirez.777@example.com
994,Isabella Wilson,isabella.wilson.988@rdbms.dev
995,James Sanchez,james.sanchez.676@example.com
996,Amelia Wilson,amelia.wilson.610@mail.net
997,Emily Harris,emily.harris.355@example.com
998,Michael Jackson,michael.jackson.596@rdbms.dev
999,Richard Harris,richard.harris.401@mail.net
1000,Emma Johnson,emma.johnson.320@example.com
1001,Charles Lewis,charles.lewis.692@testmail.com
1002,Charlotte Sanchez,charlotte.sanchez.234@techcorp.org
1003,Olivia Lewis,olivia.lewis.535@example.com
1004,Joseph Johnson,joseph.johnson.947@example.com
1005,Joseph Jackson,joseph.jackson.200@rdbms.dev
1006,Thomas Martin,thomas.martin.477@rdbms.dev
1007,Joseph Martin,joseph.martin.129@testmail.com
1008,Jane Perez,jane.perez.387@example.com
1009,Michael Lewis,michael.lewis.782@testmail.com
1010,Charles Brown,charles.brown.832@testmail.com
1011,David Jackson,david.jackson.977@example.com
1012,John Perez,john.perez.638@rdbms.dev
1013,Thomas Taylor,thomas.taylor.636@rdbms.dev
1014,Michael White,michael.white.662@techcorp.org
1015,Michael Smith,michael.smith.598@rdbms.dev
1016,Mia Harris,mia.harris.375@example.com
1017,Joseph Clark,joseph.clark.798@techcorp.org
1018,Isabella Martin,isabella.martin.869@techcorp.org
1019,Emma Martin,emma.martin.962@example.com
1020,John White,john.white.306@example.com
1021,Olivia Johnson,olivia.johnson.269@techcorp.org
1022,Emma Perez,emma.perez.981@mail.net
1023,Richard Wilson,richard.wilson.894@mail.net
1024,David Lewis,david.lewis.778@example.com
1025,Michael Martin,michael.martin.179@example.com
1026,Richard Taylor,richard.taylor.425@mail.net
1027,Sophia Moore,sophia.moore.170@mail.net
1028,Jane Miller,jane.miller.693@rdbms.dev
1029,James Clark,james.clark.881@example.com
1030,Charlotte Lee,charlotte.lee.564@testmail.com
1031,Richard Lewis,richard.lewis.400@example.com
1032,John Jackson,john.jackson.418@techcorp.org
1033,Charlotte Lee,charlotte.lee.655@rdbms.dev
1034,Charlotte Miller,charlotte.miller.129@testmail.com
1035,Sophia Clark,sophia.clark.126@testmail.com
1036,John Harris,john.harris.584@testmail.com
1037,David Lewis,david.lewis.194@rdbms.dev
1038,John Johnson,john.johnson.309@rdbms.dev
1039,Jane Smith,jane.smith.717@mail.net
1040,William Miller,william.miller.160@rdbms.dev
1041,Ava Miller,ava.miller.961@example.com
1042,John Lewis,john.lewis.466@testmail.com
1043,Sophia Ramirez,sophia.ramirez.161@testmail.com
1044,Amelia Smith,amelia.smith.762@techcorp.org
1045,Michael Clark,michael.clark.624@testmail.com
1046,Emily Martin,emily.martin.563@rdbms.dev
1047,Emily Moore,emily.moore.560@techcorp.org
1048,Sophia Miller,sophia.miller.139@mail.net
1049,Olivia Perez,olivia.perez.148@mail.net
1050,Richard Thompson,richard.thompson.535@testmail.com
1051,Emma Clark,emma.clark.329@rdbms.dev
1052,Charles Lewis,charles.lewis.848@testmail.com
1053,Amelia Sanchez,amelia.sanchez.151@testmail.com
1054,James Lee,james.lee.518@testmail.com
1055,Emily White,emily.white.222@mail.net
1056,Richard Johnson,richard.johnson.683@example.com
1057,Richard Clark,richard.clark.145@techcorp.org
1058,Ava Lee,ava.lee.378@mail.net
1059,Isabella Thompson,isabella.thompson.712@testmail.com
1060,Robert Lee,robert.lee.317@example.com
1061,Ava Walker,ava.walker.816@techcorp.org
1062,Emily Clark,emily.clark.645@testmail.com
1063,Robert Lewis,robert.lewis.864@mail.net
1064,Jane Johnson,jane.johnson.410@mail.net
1065,Charles White,charles.white.487@example.com
1066,Thomas Clark,thomas.clark.539@testmail.com
1067,Isabella Jackson,isabella.jackson.335@rdbms.dev
1068,William Ramirez,william.ramirez.698@techcorp.org
1069,Joseph Ramirez,joseph.ramirez.395@rdbms.dev
1070,Sophia Lee,sophia.lee.686@mail.net
1071,David Taylor,david.taylor.361@testmail.com
1072,Jane Moore,jane.moore.755@testmail.com
1073,James Thompson,james.thompson.840@mail.net
1074,David Ramirez,david.ramirez.197@rdbms.dev
1075,James Martin,james.martin.356@rdbms.dev
1076,Richard Jackson,richard.jackson.455@techcorp.org
1077,Emily Wilson,emily.wilson.529@example.com
1078,Charles White,charles.white.163@example.com
1079,Charlotte Robinson,charlotte.robinson.566@techcorp.org
1080,Charles Perez,charles.perez.812@techcorp.org
1081,Joseph Jackson,joseph.jackson.372@testmail.com
1082,Amelia Sanchez,amelia.sanchez.619@example.com
1083,Joseph Martin,joseph.martin.519@rdbms.dev
1084,Mia Smith,mia.smith.954@rdbms.dev
1085,John Martin,john.martin.616@example.com
1086,David Johnson,david.johnson.332@mail.net
1087,Emily Moore,emily.moore.549@example.com
1088,Amelia Walker,amelia.walker.765@example.com
1089,William Harris,william.harris.217@testmail.com
1090,Olivia Smith,olivia.smith.513@example.com
1091,James Ramirez,james.ramirez.264@rdbms.dev
1092,Jane Clark,jane.clark.765@techcorp.org
1093,Emma Sanchez,emma.sanchez.695@rdbms.dev
1094,John Thompson,john.thompson.758@example.com
1095,William White,william.white.208@techcorp.org
1096,Richard Lee,richard.lee.513@techcorp.org
1097,Charlotte Lewis,charlotte.lewis.863@testmail.com
1098,Sophia Lewis,sophia.lewis.735@rdbms.dev
1099,David Lewis,david.lewis.602@example.com
1100,Charles Sanchez,charles.sanchez.599@rdbms.dev
1101,Ava Moore,ava.moore.693@mail.net
1102,Richard Miller,richard.miller.936@rdbms.dev
1103,Sophia Martin,sophia.martin.198@rdbms.dev
1104,Ava Lee,ava.lee.332@example.com
1105,Isabella Harris,isabella.harris.840@example.com
1106,David Robinson,david.robinson.479@techcorp.org
1107,Richard Jackson,richard.jackson.879@rdbms.dev
1108,Emma Perez,emma.perez.805@techcorp.org
1109,Jane Lee,jane.lee.401@example.com
1110,Michael Johnson,michael.johnson.153@mail.net
1111,Charlotte Jackson,charlotte.jackson.566@testmail.com
1112,David Ramirez,david.ramirez.917@testmail.com
1113,Richard Moore,richard.moore.952@mail.net
1114,Isabella Smith,isabella.smith.740@testmail.com
1115,Sophia Perez,sophia.perez.312@techcorp.org
1116,Sophia Miller,sophia.miller.322@techcorp.org
1117,Richard Wilson,richard.wilson.906@mail.net
1118,David White,david.white.705@rdbms.dev
1119,Thomas Brown,thomas.brown.879@rdbms.dev
1120,Mia Moore,mia.moore.161@mail.net
1121,Isabella White,isabella.white.102@testmail.com
1122,Richard Thompson,richard.thompson.482@testmail.com
1123,Michael Lee,michael.lee.440@mail.net
1124,Sophia Moore,sophia.moore.353@example.com
1125,William Brown,william.brown.782@techcorp.org
1126,Olivia Miller,olivia.miller.534@example.com
1127,Thomas Brown,thomas.brown.719@example.com
1128,Michael Thompson,michael.thompson.958@example.com
1129,Sophia Jackson,sophia.jackson.897@rdbms.dev
1130,Emily Martin,emily.martin.300@rdbms.dev
1131,Emma Martin,emma.martin.446@mail.net
1132,Sophia Wilson,sophia.wilson.674@techcorp.org
1133,Richard Robinson,richard.robinson.504@mail.net
1134,John Taylor,john.taylor.913@rdbms.dev
1135,James Lewis,james.lewis.369@example.com
1136,Charles Lewis,charles.lewis.738@rdbms.dev
1137,Thomas Wilson,thomas.wilson.684@rdbms.dev
1138,Emily Martin,emily.martin.686@rdbms.dev
1139,Emma Martin,emma.martin.629@rdbms.dev
1140,Thomas Moore,thomas.moore.385@techcorp.org
1141,Robert Lee,robert.lee.577@testmail.com
1142,Ava Lee,ava.lee.383@testmail.com
1143,Emma Smith,emma.smith.803@example.com
1144,Richard Walker,richard.walker.211@mail.net
1145,John Robinson,john.robinson.330@techcorp.org
1146,Jane Jackson,jane.jackson.380@testmail.com
1147,Charles Clark,charles.clark.708@rdbms.dev
1148,Jane Thompson,jane.thompson.232@mail.net
1149,Joseph Sanchez,joseph.sanchez.178@example.com
1150,Olivia Robinson,olivia.robinson.538@mail.net
1151,Joseph Clark,joseph.clark.236@testmail.com
1152,Thomas Miller,thomas.miller.801@rdbms.dev
1153,Charlotte Moore,charlotte.moore.938@rdbms.dev
1154,Amelia Smith,amelia.smith.289@testmail.com
1155,David Martin,david.martin.981@testmail.com
1156,Thomas Ramirez,thomas.ramirez.399@rdbms.dev
1157,Amelia Robinson,amelia.robinson.839@mail.net
1158,William Brown,william.brown.359@testmail.com
1159,Jane Robinson,jane.robinson.149@rdbms.dev
1160,Olivia Lewis,olivia.lewis.189@mail.net
1161,Amelia Brown,amelia.brown.630@example.com
1162,William Miller,william.miller.296@testmail.com
1163,Joseph Ramirez,joseph.ramirez.721@example.com
1164,Charles Brown,charles.brown.297@rdbms.dev
1165,Charlotte White,charlotte.white.994@testmail.com
1166,James Clark,james.clark.507@rdbms.dev
1167,Charles Thompson,charles.thompson.506@rdbms.dev
1168,Sophia Perez,sophia.perez.681@techcorp.org
1169,Isabella Johnson,isabella.johnson.716@testmail.com
1170,Sophia Lewis,sophia.lewis.958@example.com
1171,David White,david.white.362@rdbms.dev
1172,James Lee,james.lee.624@example.com
1173,John Robinson,john.robinson.296@rdbms.dev
1174,Mia Clark,mia.clark.721@mail.net
1175,Michael Moore,michael.moore.220@rdbms.dev
1176,Michael Johnson,michael.johnson.624@techcorp.org
1177,Ava Smith,ava.smith.623@rdbms.dev
1178,Ava Perez,ava.perez.330@rdbms.dev
1179,William Harris,william.harris.946@testmail.com
1180,Amelia White,amelia.white.541@example.com
1181,Ava Moore,ava.moore.930@testmail.com
1182,Emma Martin,emma.martin.660@techcorp.org
1183,Emma Sanchez,emma.sanchez.909@rdbms.dev
1184,John Perez,john.perez.194@rdbms.dev
1185,Isabella Clark,isabella.clark.606@example.com
1186,William Walker,william.walker.936@rdbms.dev
1187,Isabella Smith,isabella.smith.672@rdbms.dev
1188,Amelia Brown,amelia.brown.102@mail.net
1189,Amelia Perez,amelia.perez.455@techcorp.org
1190,Emily Clark,emily.clark.904@example.com
1191,Amelia Wilson,amelia.wilson.830@techcorp.org
1192,Joseph Clark,joseph.clark.559@testmail.com
1193,Joseph Ramirez,joseph.ramirez.327@example.com
1194,Michael Jackson,michael.jackson.500@testmail.com
1195,Joseph Harris,joseph.harris.593@rdbms.dev
1196,Amelia Moore,amelia.moore.393@testmail.com
1197,Robert Walker,robert.walker.246@testmail.com
1198,James Brown,james.brown.463@mail.net
1199,Joseph Thompson,joseph.thompson.895@mail.net
1200,David White,david.white.906@mail.net
1201,Amelia Martin,amelia.martin.192@testmail.com
1202,Charles Lewis,charles.lewis.195@testmail.com
1203,Emma Martin,emma.martin.645@testmail.com
1204,Charles Harris,charles.harris.141@techcorp.org
1205,Mia Lewis,mia.lewis.683@testmail.com
1206,Ava Jackson,ava.jackson.690@rdbms.dev
1207,Thomas Martin,thomas.martin.926@example.com
1208,Richard Lee,richard.lee.683@techcorp.org
1209,Ava Brown,ava.brown.277@mail.net
1210,Ava Walker,ava.walker.934@example.com
1211,James Perez,james.perez.721@testmail.com
1212,Thomas Lee,thomas.lee.768@techcorp.org
1213,Sophia Miller,sophia.miller.707@rdbms.dev
1214,Richard Taylor,richard.taylor.412@example.com
1215,David Moore,david.moore.236@rdbms.dev
1216,Emma Brown,emma.brown.965@mail.net
1217,Sophia Ramirez,sophia.ramirez.247@techcorp.org
1218,James Martin,james.martin.370@rdbms.dev
1219,Olivia Wilson,olivia.wilson.512@rdbms.dev
1220,Robert Clark,robert.clark.213@example.com
1221,Mia Lee,mia.lee.174@techcorp.org
1222,Mia Sanchez,mia.sanchez.195@mail.net
1223,William Wilson,william.wilson.174@mail.net
1224,Charles Ramirez,charles.ramirez.759@techcorp.org
1225,Michael Walker,michael.walker.601@example.com
1226,Olivia Clark,olivia.clark.209@mail.net
1227,Amelia Robinson,amelia.robinson.349@rdbms.dev
1228,Isabella Smith,isabella.smith.428@mail.net
1229,Charles Harris,charles.harris.166@example.com
1230,Sophia Lewis,sophia.lewis.645@rdbms.dev
1231,Amelia Moore,amelia.moore.244@techcorp.org
1232,Emily Brown,emily.brown.144@techcorp.org
1233,Emily Ramirez,emily.ramirez.413@rdbms.dev
1234,Jane Wilson,jane.wilson.585@example.com
1235,William Clark,william.clark.239@techcorp.org
1236,Olivia Walker,olivia.walker.227@example.com
1237,Joseph Lewis,joseph.lewis.374@mail.net
1238,James Wilson,james.wilson.582@rdbms.dev
1239,William White,william.white.115@example.com
1240,Sophia Jackson,sophia.jackson.852@rdbms.dev
1241,Charlotte White,charlotte.white.697@rdbms.dev
1242,Ava Martin,ava.martin.643@rdbms.dev
1243,Robert Thompson,robert.thompson.938@example.com
1244,Isabella Robinson,isabella.robinson.969@techcorp.org
1245,Emma Walker,emma.walker.868@mail.net
1246,Amelia Miller,amelia.miller.543@techcorp.org
1247,Richard Lewis,richard.lewis.863@mail.net
1248,Sophia Martin,sophia.martin.349@rdbms.dev
1249,Mia Moore,mia.moore.685@testmail.com
1250,Mia Martin,mia.martin.551@testmail.com
1251,Mia Johnson,mia.johnson.563@mail.net
1252,Amelia Miller,amelia.miller.166@rdbms.dev
1253,Ava Lewis,ava.lewis.831@example.com
1254,Charles Thompson,charles.thompson.645@mail.net
1255,William Clark,william.clark.253@example.com
1256,Richard Moore,richard.moore.536@example.com
1257,Michael Jackson,michael.jackson.992@testmail.com
1258,John White,john.white.682@example.com
1259,Emily Walker,emily.walker.330@example.com
1260,Thomas Moore,thomas.moore.301@mail.net
1261,Olivia Jackson,olivia.jackson.161@mail.net
1262,Richard Harris,richard.harris.248@techcorp.org
1263,Isabella White,isabella.white.259@example.com
1264,Olivia Lee,olivia.lee.863@techcorp.org
1265,Emma Smith,emma.smith.602@techcorp.org
1266,James Jackson,james.jackson.569@rdbms.dev
1267,James Lewis,james.lewis.224@rdbms.dev
1268,Emily Johnson,emily.johnson.921@techcorp.org
1269,John White,john.white.442@techcorp.org
1270,Olivia Ramirez,olivia.ramirez.229@rdbms.dev
1271,Michael Brown,michael.brown.976@example.com
1272,Mia Wilson,mia.wilson.172@mail.net
1273,Isabella Wilson,isabella.wilson.623@rdbms.dev
1274,Mia Ramirez,mia.ramirez.520@techcorp.org
1275,Emma Martin,emma.martin.405@techcorp.org
1276,Emily Lee,emily.lee.629@example.com
1277,Olivia Brown,olivia.brown.532@testmail.com
1278,Joseph Johnson,joseph.johnson.813@mail.net
1279,Jane Sanchez,jane.sanchez.453@rdbms.dev
1280,Isabella Ramirez,isabella.ramirez.400@techcorp.org
1281,Richard Jackson,richard.jackson.775@example.com
1282,Olivia Perez,olivia.perez.648@testmail.com
1283,Thomas Jackson,thomas.jackson.879@rdbms.dev
1284,Charlotte Perez,charlotte.perez.530@mail.net
1285,Charles Jackson,charles.jackson.167@techcorp.org
1286,Joseph Miller,joseph.miller.947@techcorp.org
1287,Olivia Clark,olivia.clark.454@techcorp.org
1288,Thomas Thompson,thomas.thompson.366@mail.net
1289,Thomas Thompson,thomas.thompson.444@rdbms.dev
1290,Mia Smith,mia.smith.281@testmail.com
1291,Thomas Wilson,thomas.wilson.647@example.com
1292,Michael Brown,michael.brown.553@example.com
1293,William Harris,william.harris.399@rdbms.dev
1294,Sophia Moore,sophia.moore.685@testmail.com
1295,Ava Miller,ava.miller.882@rdbms.dev
1296,Joseph White,joseph.white.758@testmail.com
1297,Olivia Miller,olivia.miller.544@testmail.com
1298,Michael Clark,michael.clark.860@rdbms.dev
1299,Jane Harris,jane.harris.238@example.com
1300,Charlotte Walker,charlotte.walker.784@testmail.com
1301,Olivia Martin,olivia.martin.890@mail.net
1302,James Lewis,james.lewis.819@testmail.com
1303,Emily Sanchez,emily.sanchez.654@techcorp.org
1304,Michael Robinson,michael.robinson.198@techcorp.org
1305,Olivia Lewis,olivia.lewis.771@mail.net
1306,Robert Miller,robert.miller.241@rdbms.dev
1307,John Lee,john.lee.142@techcorp.org
1308,Amelia Johnson,amelia.johnson.627@example.com
1309,Amelia Ramirez,amelia.ramirez.646@example.com
1310,Michael Robinson,michael.robinson.560@mail.net
1311,John White,john.white.291@testmail.com
1312,Charles Harris,charles.harris.720@example.com
1313,Olivia Brown,olivia.brown.954@rdbms.dev
1314,Charles Ramirez,charles.ramirez.885@testmail.com
1315,Jane Smith,jane.smith.119@rdbms.dev
1316,David Perez,david.perez.709@techcorp.org
1317,Olivia Taylor,olivia.taylor.786@mail.net
1318,Emily Harris,emily.harris.875@example.com
1319,James Robinson,james.robinson.294@testmail.com
1320,Robert Lewis,robert.lewis.925@mail.net
1321,Robert Perez,robert.perez.747@rdbms.dev
1322,Ava Clark,ava.clark.643@example.com
1323,James Robinson,james.robinson.748@example.com
1324,Isabella Martin,isabella.martin.877@techcorp.org
1325,Sophia Lewis,sophia.lewis.860@testmail.com
1326,James Martin,james.martin.922@rdbms.dev
1327,Joseph Sanchez,joseph.sanchez.972@techcorp.org
1328,James Walker,james.walker.162@rdbms.dev
1329,Thomas Taylor,thomas.taylor.538@example.com
1330,Sophia Clark,sophia.clark.687@rdbms.dev
1331,John Clark,john.clark.145@techcorp.org
1332,Amelia White,amelia.white.893@rdbms.dev
1333,Charlotte Sanchez,charlotte.sanchez.592@testmail.com
1334,John Jackson,john.jackson.883@mail.net
1335,John Jackson,john.jackson.733@testmail.com
1336,Michael Miller,michael.miller.771@testmail.com
1337,Thomas Smith,thomas.smith.884@testmail.com
1338,Sophia Brown,sophia.brown.871@example.com
1339,Sophia Taylor,sophia.taylor.801@example.com
1340,Isabella Martin,isabella.martin.476@example.com
1341,John Jackson,john.jackson.463@testmail.com
1342,Sophia Harris,sophia.harris.472@testmail.com
1343,John Walker,john.walker.512@techcorp.org
1344,Richard Ramirez,richard.ramirez.159@techcorp.org
1345,Michael Thompson,michael.thompson.627@techcorp.org
1346,Emily Perez,emily.perez.777@techcorp.org
1347,James Wilson,james.wilson.698@testmail.com
1348,Charlotte Wilson,charlotte.wilson.373@testmail.com
1349,Emma Ramirez,emma.ramirez.357@rdbms.dev
1350,Ava Clark,ava.clark.972@rdbms.dev
1351,Amelia Thompson,amelia.thompson.646@rdbms.dev
1352,Sophia Taylor,sophia.taylor.452@testmail.com
1353,Charles Jackson,charles.jackson.793@testmail.com
1354,Mia Sanchez,mia.sanchez.238@example.com
1355,Joseph Ramirez,joseph.ramirez.854@example.com
1356,Olivia Brown,olivia.brown.497@example.com
1357,Isabella Sanchez,isabella.sanchez.745@techcorp.org
1358,Richard Robinson,richard.robinson.947@techcorp.org
1359,John Brown,john.brown.189@mail.net
1360,Thomas Miller,thomas.miller.971@techcorp.org
1361,Isabella Smith,isabella.smith.979@example.com
1362,James Johnson,james.johnson.451@testmail.com
1363,Michael Sanchez,michael.sanchez.140@example.com
1364,Olivia Moore,olivia.moore.757@rdbms.dev
1365,Joseph Perez,joseph.perez.502@rdbms.dev
1366,Olivia Robinson,olivia.robinson.495@example.com
1367,Robert Walker,robert.walker.406@testmail.com
1368,Charles Johnson,charles.johnson.293@techcorp.org
1369,Robert Perez,robert.perez.889@testmail.com
1370,Isabella White,isabella.white.972@techcorp.org
1371,Michael Johnson,michael.johnson.222@rdbms.dev
1372,John Wilson,john.wilson.273@testmail.com
1373,Ava Clark,ava.clark.677@mail.net
1374,Robert Walker,robert.walker.994@example.com
1375,Sophia Jackson,sophia.jackson.697@techcorp.org
1376,David Martin,david.martin.491@rdbms.dev
1377,Robert Lee,robert.lee.240@mail.net
1378,Richard Clark,richard.clark.258@testmail.com
1379,Richard Jackson,richard.jackson.914@techcorp.org
1380,Mia Brown,mia.brown.479@testmail.com
1381,Emma Wilson,emma.wilson.278@rdbms.dev
1382,Jane Jackson,jane.jackson.149@testmail.com
1383,David Wilson,david.wilson.721@techcorp.org
1384,Emily Wilson,emily.wilson.749@example.com
1385,William White,william.white.168@rdbms.dev
1386,Mia Thompson,mia.thompson.737@example.com
1387,Amelia Moore,amelia.moore.879@techcorp.org
1388,Michael Lee,michael.lee.734@mail.net
1389,Isabella Sanchez,isabella.sanchez.325@testmail.com
1390,Jane Lee,jane.lee.594@rdbms.dev
1391,Charlotte Miller,charlotte.miller.914@testmail.com
1392,Emma Brown,emma.brown.973@testmail.com
1393,Charlotte Johnson,charlotte.johnson.851@example.com
1394,Jane Smith,jane.smith.782@example.com
1395,David Ramirez,david.ramirez.261@example.com
1396,Mia Harris,mia.harris.220@rdbms.dev
1397,Charles Harris,charles.harris.932@techcorp.org
1398,Joseph Moore,joseph.moore.988@rdbms.dev
1399,Jane White,jane.white.518@rdbms.dev
1400,Olivia Wilson,olivia.wilson.856@rdbms.dev
1401,William Miller,william.miller.254@example.com
1402,Emily Perez,emily.perez.705@example.com
1403,Emily Lee,emily.lee.926@techcorp.org
1404,Thomas Miller,thomas.miller.772@rdbms.dev
1405,Thomas Martin,thomas.martin.484@mail.net
1406,Joseph Harris,joseph.harris.655@techcorp.org
1407,Amelia Thompson,amelia.thompson.892@example.com
1408,James Perez,james.perez.931@testmail.com
1409,Robert Walker,robert.walker.645@techcorp.org
1410,Charles Lee,charles.lee.599@techcorp.org
1411,Robert Clark,robert.clark.137@example.com
1412,Jane Miller,jane.miller.890@example.com
1413,Robert Clark,robert.clark.443@rdbms.dev
1414,Emily Thompson,emily.thompson.485@example.com
1415,William Thompson,william.thompson.730@techcorp.org
1416,Charlotte Johnson,charlotte.johnson.775@rdbms.dev
1417,Ava Martin,ava.martin.142@example.com
1418,Charlotte White,charlotte.white.313@testmail.com
1419,Sophia Wilson,sophia.wilson.271@techcorp.org
1420,Amelia Lee,amelia.lee.427@mail.net
1421,David Harris,david.harris.846@mail.net
1422,Amelia Taylor,amelia.taylor.821@techcorp.org
1423,William Lee,william.lee.844@testmail.com
1424,Charles Moore,charles.moore.143@testmail.com
1425,Mia Robinson,mia.robinson.310@techcorp.org
1426,Amelia Ramirez,amelia.ramirez.298@mail.net
1427,Robert Brown,robert.brown.888@rdbms.dev
1428,Isabella Robinson,isabella.robinson.735@techcorp.org
1429,Joseph Clark,joseph.clark.604@example.com
1430,Amelia Clark,amelia.clark.757@rdbms.dev
1431,Joseph Smith,joseph.smith.187@mail.net
1432,David Smith,david.smith.250@techcorp.org
1433,John Brown,john.brown.404@testmail.com
1434,Olivia Johnson,olivia.johnson.746@example.com
1435,Charlotte Brown,charlotte.brown.971@rdbms.dev
1436,William Smith,william.smith.614@mail.net
1437,Richard Clark,richard.clark.347@testmail.com
1438,Thomas Walker,thomas.walker.902@example.com
1439,James Wilson,james.wilson.581@techcorp.org
1440,Richard Jackson,richard.jackson.766@testmail.com
1441,Jane Taylor,jane.taylor.496@rdbms.dev
1442,David Miller,david.miller.252@mail.net
1443,Ava Clark,ava.clark.271@techcorp.org
1444,Emma Robinson,emma.robinson.394@mail.net
1445,Emma Lee,emma.lee.482@rdbms.dev
1446,John Martin,john.martin.998@example.com
1447,John Martin,john.martin.392@techcorp.org
1448,Ava Lee,ava.lee.166@testmail.com
1449,Isabella White,isabella.white.879@testmail.com
1450,Richard Harris,richard.harris.487@mail.net
1451,Richard Walker,richard.walker.130@mail.net
1452,Emma Moore,emma.moore.648@testmail.com
1453,Olivia Smith,olivia.smith.167@mail.net
1454,Charles Lewis,charles.lewis.728@techcorp.org
1455,Amelia Martin,amelia.martin.164@rdbms.dev
1456,Sophia Walker,sophia.walker.947@testmail.com
1457,Joseph Smith,joseph.smith.163@mail.net
1458,Mia Brown,mia.brown.497@example.com
1459,Ava Perez,ava.perez.130@example.com
1460,Charlotte Johnson,charlotte.johnson.458@techcorp.org
1461,Robert Lee,robert.lee.862@testmail.com
1462,Michael White,michael.white.453@example.com
1463,Robert Brown,robert.brown.553@rdbms.dev
1464,Mia Ramirez,mia.ramirez.831@example.com
1465,David Clark,david.clark.174@testmail.com
1466,Emma Martin,emma.martin.511@testmail.com
1467,Amelia Lee,amelia.lee.727@rdbms.dev
1468,Ava White,ava.white.454@example.com
1469,Amelia Johnson,amelia.johnson.275@example.com
1470,Richard Smith,richard.smith.584@techcorp.org
1471,Amelia Clark,amelia.clark.890@mail.net
1472,Jane Clark,jane.clark.946@rdbms.dev
1473,David Sanchez,david.sanchez.541@example.com
1474,Mia Johnson,mia.johnson.648@techcorp.org
1475,Amelia Robinson,amelia.robinson.491@testmail.com
1476,Thomas Robinson,thomas.robinson.228@testmail.com
1477,Joseph Johnson,joseph.johnson.371@testmail.com
1478,Olivia Perez,olivia.perez.982@rdbms.dev
1479,James Martin,james.martin.401@mail.net
1480,Robert Wilson,robert.wilson.342@testmail.com
1481,Olivia Ramirez,olivia.ramirez.226@mail.net
1482,Robert Taylor,robert.taylor.442@techcorp.org
1483,Ava Robinson,ava.robinson.604@techcorp.org
1484,Joseph Harris,joseph.harris.781@testmail.com
1485,Sophia Moore,sophia.moore.695@testmail.com
1486,James Lee,james.lee.696@rdbms.dev
1487,Charles Sanchez,charles.sanchez.417@techcorp.org
1488,Jane Ramirez,jane.ramirez.369@mail.net
1489,Olivia White,olivia.white.343@testmail.com
1490,Michael Taylor,michael.taylor.201@example.com
1491,Sophia White,sophia.white.809@example.com
1492,Richard Smith,richard.smith.142@techcorp.org
1493,Emma Brown,emma.brown.123@example.com
1494,William Johnson,william.johnson.399@rdbms.dev
1495,James Harris,james.harris.643@mail.net
1496,Jane Perez,jane.perez.341@mail.net
1497,Isabella Moore,isabella.moore.522@testmail.com
1498,Charles Jackson,charles.jackson.457@mail.net
1499,Charles Brown,charles.brown.157@rdbms.dev
1500,Thomas Sanchez,thomas.sanchez.420@rdbms.dev
1501,Emma Jackson,emma.jackson.407@mail.net
1502,James Robinson,james.robinson.741@techcorp.org
1503,Robert White,robert.white.616@mail.net
1504,Olivia Brown,olivia.brown.521@mail.net
1505,Amelia Ramirez,amelia.ramirez.311@example.com
1506,Richard Lee,richard.lee.642@techcorp.org
1507,Charlotte Harris,charlotte.harris.885@rdbms.dev
1508,Emily Thompson,emily.thompson.216@example.com
1509,Thomas Moore,thomas.moore.419@techcorp.org
1510,Isabella Smith,isabella.smith.980@example.com
1511,Charles Jackson,charles.jackson.375@rdbms.dev
1512,Charles Smith,charles.smith.324@example.com
1513,Thomas Clark,thomas.clark.461@rdbms.dev
1514,Charlotte Smith,charlotte.smith.412@mail.net
1515,Charlotte Robinson,charlotte.robinson.868@example.com
1516,Michael Wilson,michael.wilson.594@example.com
1517,Olivia Thompson,olivia.thompson.584@testmail.com
1518,Charles Ramirez,charles.ramirez.603@example.com
1519,Thomas Harris,thomas.harris.738@testmail.com
1520,Ava Robinson,ava.robinson.797@example.com
1521,Emma Brown,emma.brown.116@example.com
1522,James Taylor,james.taylor.514@example.com
1523,Michael Moore,michael.moore.198@testmail.com
1524,Sophia Lee,sophia.lee.221@rdbms.dev
1525,David Sanchez,david.sanchez.508@mail.net
1526,Charles Taylor,charles.taylor.972@rdbms.dev
1527,John Sanchez,john.sanchez.171@testmail.com
1528,Emma Walker,emma.walker.239@rdbms.dev
1529,Charles White,charles.white.175@techcorp.org
1530,Emma White,emma.white.396@rdbms.dev
1531,Michael Walker,michael.walker.324@example.com
1532,Charlotte Jackson,charlotte.jackson.992@example.com
1533,Olivia Moore,olivia.moore.398@example.com
1534,Ava Johnson,ava.johnson.860@rdbms.dev
1535,Michael Walker,michael.walker.981@techcorp.org
1536,William Taylor,william.taylor.400@techcorp.org
1537,Ava Martin,ava.martin.578@testmail.com
1538,David Johnson,david.johnson.316@example.com
1539,James Moore,james.moore.941@mail.net
1540,James White,james.white.736@techcorp.org
1541,Jane Martin,jane.martin.152@rdbms.dev
1542,John Martin,john.martin.154@mail.net
1543,Charlotte Lewis,charlotte.lewis.923@testmail.com
1544,Isabella Wilson,isabella.wilson.991@example.com
1545,Thomas Sanchez,thomas.sanchez.801@techcorp.org
1546,John Martin,john.martin.122@rdbms.dev
1547,Ava Wilson,ava.wilson.457@mail.net
1548,David Smith,david.smith.991@techcorp.org
1549,Isabella Martin,isabella.martin.549@example.com
1550,John Lewis,john.lewis.435@techcorp.org
1551,Amelia Lee,amelia.lee.461@techcorp.org
1552,Olivia Clark,olivia.clark.431@techcorp.org
1553,James Perez,james.perez.606@techcorp.org
1554,James Smith,james.smith.172@example.com
1555,Emily Smith,emily.smith.551@mail.net
1556,Isabella Sanchez,isabella.sanchez.772@mail.net
1557,William Moore,william.moore.971@mail.net
1558,Emily Clark,emily.clark.555@techcorp.org
1559,William White,william.white.880@techcorp.org
1560,Emily White,emily.white.660@rdbms.dev
1561,James Taylor,james.taylor.548@techcorp.org
1562,Joseph Brown,joseph.brown.781@testmail.com
1563,William Wilson,william.wilson.504@mail.net
1564,Richard Jackson,richard.jackson.294@mail.net
1565,David Johnson,david.johnson.785@example.com
1566,Michael Lewis,michael.lewis.176@techcorp.org
1567,Sophia White,sophia.white.227@techcorp.org
1568,David Walker,david.walker.431@rdbms.dev
1569,Charles Ramirez,charles.ramirez.736@example.com
1570,Michael Perez,michael.perez.883@techcorp.org
1571,Joseph Smith,joseph.smith.758@mail.net
1572,Robert Harris,robert.harris.807@rdbms.dev
1573,Mia Robinson,mia.robinson.963@testmail.com
1574,Emma Brown,emma.brown.408@mail.net
1575,William Miller,william.miller.946@mail.net
1576,Richard Ramirez,richard.ramirez.852@mail.net
1577,Joseph Clark,joseph.clark.220@example.com
1578,James Wilson,james.wilson.277@techcorp.org
1579,Ava Jackson,ava.jackson.606@rdbms.dev
1580,Robert Perez,robert.perez.206@example.com
1581,Michael Martin,michael.martin.231@techcorp.org
1582,Joseph Harris,joseph.harris.371@mail.net
1583,James Robinson,james.robinson.170@rdbms.dev
1584,Joseph Sanchez,joseph.sanchez.159@techcorp.org
1585,Jane Harris,jane.harris.121@techcorp.org
1586,Mia Walker,mia.walker.513@example.com
1587,Amelia Harris,amelia.harris.136@techcorp.org
1588,Emma Wilson,emma.wilson.148@mail.net
1589,Mia Taylor,mia.taylor.700@testmail.com
1590,James White,james.white.746@testmail.com
1591,Robert Lewis,robert.lewis.724@rdbms.dev
1592,Amelia Lewis,amelia.lewis.790@rdbms.dev
1593,Thomas Clark,thomas.clark.703@example.com
1594,James Smith,james.smith.263@mail.net
1595,Amelia Miller,amelia.miller.366@mail.net
1596,Joseph Perez,joseph.perez.958@testmail.com
1597,Joseph White,joseph.white.776@techcorp.org
1598,Thomas Martin,thomas.martin.474@mail.net
1599,Michael Brown,michael.brown.374@example.com
1600,Charles Miller,charles.miller.642@testmail.com
1601,Emily Smith,emily.smith.115@rdbms.dev
1602,James White,james.white.404@example.com
1603,David Lewis,david.lewis.573@example.com
1604,Michael Sanchez,michael.sanchez.972@rdbms.dev
1605,Mia Robinson,mia.robinson.886@testmail.com
1606,Emma Clark,emma.clark.472@testmail.com
1607,David Lee,david.lee.928@techcorp.org
1608,Thomas Moore,thomas.moore.586@testmail.com
1609,Thomas Martin,thomas.martin.208@mail.net
1610,Isabella Harris,isabella.harris.903@techcorp.org
1611,Ava Taylor,ava.taylor.666@testmail.com
1612,Robert Robinson,robert.robinson.391@rdbms.dev
1613,Isabella Jackson,isabella.jackson.807@techcorp.org
1614,Richard Clark,richard.clark.956@example.com
1615,Richard Sanchez,richard.sanchez.847@testmail.com
1616,Michael Walker,michael.walker.812@techcorp.org
1617,Mia Johnson,mia.johnson.794@rdbms.dev
1618,William Wilson,william.wilson.179@testmail.com
1619,John White,john.white.762@rdbms.dev
1620,Joseph Thompson,joseph.thompson.161@rdbms.dev
1621,Jane Perez,jane.perez.774@rdbms.dev
1622,Michael Smith,michael.smith.500@rdbms.dev
1623,Ava Sanchez,ava.sanchez.472@techcorp.org
1624,Michael Ramirez,michael.ramirez.289@testmail.com
1625,David Taylor,david.taylor.782@techcorp.org
1626,Sophia Wilson,sophia.wilson.374@mail.net
1627,Isabella Harris,isabella.harris.603@testmail.com
1628,Olivia Clark,olivia.clark.547@rdbms.dev
1629,Charlotte Jackson,charlotte.jackson.190@example.com
1630,Charles Harris,charles.harris.451@example.com
1631,Joseph Moore,joseph.moore.851@testmail.com
1632,Jane Lee,jane.lee.167@rdbms.dev
1633,James Martin,james.martin.862@mail.net
1634,Emma Walker,emma.walker.887@mail.net
1635,Joseph Thompson,joseph.thompson.806@testmail.com
1636,Olivia Perez,olivia.perez.416@techcorp.org
1637,Emma Sanchez,emma.sanchez.387@techcorp.org
1638,Isabella Taylor,isabella.taylor.650@techcorp.org
1639,Joseph Clark,joseph.clark.966@example.com
1640,Charlotte Johnson,charlotte.johnson.280@example.com
1641,Robert Clark,robert.clark.678@mail.net
1642,Ava White,ava.white.278@testmail.com
1643,Richard Walker,richard.walker.958@rdbms.dev
1644,Isabella Taylor,isabella.taylor.648@mail.net
1645,Amelia Thompson,amelia.thompson.945@example.com
1646,Charles Johnson,charles.johnson.501@example.com
1647,William Johnson,william.johnson.415@techcorp.org
1648,Charles Moore,charles.moore.455@example.com
1649,Thomas Johnson,thomas.johnson.639@mail.net
1650,Robert Wilson,robert.wilson.417@techcorp.org
1651,Emily Sanchez,emily.sanchez.305@mail.net
1652,Richard Smith,richard.smith.812@rdbms.dev
1653,David Martin,david.martin.977@rdbms.dev
1654,David Miller,david.miller.642@example.com
1655,Olivia Thompson,olivia.thompson.919@mail.net
1656,Mia Walker,mia.walker.194@example.com
1657,Robert Brown,robert.brown.847@rdbms.dev
1658,Michael Lee,michael.lee.593@techcorp.org
1659,Robert White,robert.white.228@example.com
1660,Thomas Johnson,thomas.johnson.667@testmail.com
1661,James Sanchez,james.sanchez.539@testmail.com
1662,Jane Jackson,jane.jackson.624@mail.net
1663,Robert Robinson,robert.robinson.463@mail.net
1664,Mia Brown,mia.brown.472@rdbms.dev
1665,Amelia Clark,amelia.clark.231@testmail.com
1666,Isabella Jackson,isabella.jackson.759@techcorp.org
1667,Charles Martin,charles.martin.787@techcorp.org
1668,William Brown,william.brown.913@testmail.com
1669,Amelia Miller,amelia.miller.622@techcorp.org
1670,James Martin,james.martin.918@rdbms.dev
1671,Mia Taylor,mia.taylor.304@mail.net
1672,Emily Clark,emily.clark.862@techcorp.org
1673,Thomas Walker,thomas.walker.365@testmail.com
1674,Sophia Sanchez,sophia.sanchez.256@rdbms.dev
1675,Joseph Harris,joseph.harris.351@techcorp.org
1676,Isabella Miller,isabella.miller.446@testmail.com
1677,Charles Walker,charles.walker.238@techcorp.org
1678,Sophia Brown,sophia.brown.511@testmail.com
1679,Isabella White,isabella.white.877@example.com
1680,Amelia Smith,amelia.smith.247@mail.net
1681,David Wilson,david.wilson.548@example.com
1682,Richard Walker,richard.walker.922@rdbms.dev
1683,Emma Clark,emma.clark.302@rdbms.dev
1684,Isabella Martin,isabella.martin.498@techcorp.org
1685,Thomas Ramirez,thomas.ramirez.767@testmail.com
1686,Jane White,jane.white.360@techcorp.org
1687,Amelia Smith,amelia.smith.941@techcorp.org
1688,David Johnson,david.johnson.669@example.com
1689,Emma Perez,emma.perez.731@techcorp.org
1690,Amelia Moore,amelia.moore.219@rdbms.dev
1691,Sophia Johnson,sophia.johnson.621@techcorp.org
1692,James Walker,james.walker.288@testmail.com
1693,Sophia Brown,sophia.brown.137@rdbms.dev
1694,Ava Moore,ava.moore.951@techcorp.org
1695,Sophia Harris,sophia.harris.844@mail.net
1696,David White,david.white.339@example.com
1697,Amelia Moore,amelia.moore.661@techcorp.org
1698,James Miller,james.miller.758@mail.net
1699,William Sanchez,william.sanchez.294@techcorp.org
1700,Charlotte Taylor,charlotte.taylor.337@techcorp.org
1701,James Perez,james.perez.198@techcorp.org
1702,Charlotte Sanchez,charlotte.sanchez.472@rdbms.dev
1703,Robert White,robert.white.925@testmail.com
1704,Charles Sanchez,charles.sanchez.589@techcorp.org
1705,John Jackson,john.jackson.531@mail.net
1706,John Walker,john.walker.871@techcorp.org
1707,Ava Walker,ava.walker.687@testmail.com
1708,Emily Clark,emily.clark.222@rdbms.dev
1709,John Harris,john.harris.348@example.com
1710,Robert Wilson,robert.wilson.431@testmail.com
1711,Jane Lewis,jane.lewis.878@example.com
1712,Joseph Thompson,joseph.thompson.974@mail.net
1713,Joseph Sanchez,joseph.sanchez.550@example.com
1714,John Miller,john.miller.670@testmail.com
1715,David Harris,david.harris.294@techcorp.org
1716,Olivia Perez,olivia.perez.932@rdbms.dev
1717,Charlotte Martin,charlotte.martin.832@example.com
1718,Olivia Sanchez,olivia.sanchez.668@rdbms.dev
1719,Sophia White,sophia.white.738@mail.net
1720,Amelia Walker,amelia.walker.124@rdbms.dev
1721,Michael Jackson,michael.jackson.294@rdbms.dev
1722,David Lewis,david.lewis.225@techcorp.org
1723,David White,david.white.303@example.com
1724,Richard Perez,richard.perez.686@mail.net
1725,William Lewis,william.lewis.600@testmail.com
1726,Charles Robinson,charles.robinson.198@example.com
1727,James Moore,james.moore.697@rdbms.dev
1728,Olivia Sanchez,olivia.sanchez.182@techcorp.org
1729,Isabella Ramirez,isabella.ramirez.783@example.com
1730,Sophia Clark,sophia.clark.767@techcorp.org
1731,Richard Jackson,richard.jackson.379@example.com
1732,Robert Smith,robert.smith.675@example.com
1733,Thomas Walker,thomas.walker.516@testmail.com
1734,Emily Thompson,emily.thompson.534@mail.net
1735,Emma Miller,emma.miller.672@mail.net
1736,Charles Brown,charles.brown.557@techcorp.org
1737,Olivia White,olivia.white.703@mail.net
1738,Olivia Smith,olivia.smith.758@testmail.com
1739,Charlotte Miller,charlotte.miller.689@example.com
1740,Isabella Lewis,isabella.lewis.258@testmail.com
1741,Ava Robinson,ava.robinson.524@mail.net
1742,John Walker,john.walker.720@mail.net
1743,Jane White,jane.white.962@testmail.com
1744,Emma Jackson,emma.jackson.712@testmail.com
1745,Jane Thompson,jane.thompson.282@techcorp.org
1746,Sophia Walker,sophia.walker.801@example.com
1747,Sophia Taylor,sophia.taylor.844@testmail.com
1748,Emma Jackson,emma.jackson.913@rdbms.dev
1749,David White,david.white.936@testmail.com
1750,Thomas Miller,thomas.miller.521@example.com
1751,Emma Taylor,emma.taylor.148@example.com
1752,Ava Walker,ava.walker.343@techcorp.org
1753,Jane Brown,jane.brown.666@techcorp.org
1754,Richard Smith,richard.smith.187@example.com
1755,William Brown,william.brown.581@mail.net
1756,Michael Brown,michael.brown.718@testmail.com
1757,Mia Lewis,mia.lewis.145@testmail.com
1758,Emma Harris,emma.harris.639@example.com
1759,Sophia Walker,sophia.walker.276@rdbms.dev
1760,Isabella Lewis,isabella.lewis.558@rdbms.dev
1761,John Clark,john.clark.419@techcorp.org
1762,Mia Lee,mia.lee.547@techcorp.org
1763,Olivia Wilson,olivia.wilson.343@rdbms.dev
1764,Joseph Miller,joseph.miller.409@testmail.com
1765,Thomas Moore,thomas.moore.692@techcorp.org
1766,Amelia Johnson,amelia.johnson.684@techcorp.org
1767,Robert Smith,robert.smith.752@mail.net
1768,Joseph Robinson,joseph.robinson.634@example.com
1769,Ava Smith,ava.smith.673@example.com
1770,Charles Perez,charles.perez.338@mail.net
1771,Michael Brown,michael.brown.153@rdbms.dev
1772,Mia Smith,mia.smith.857@testmail.com
1773,John Thompson,john.thompson.224@rdbms.dev
1774,Ava Clark,ava.clark.970@testmail.com
1775,Isabella Brown,isabella.brown.833@techcorp.org
1776,Mia Lewis,mia.lewis.493@testmail.com
1777,Jane Thompson,jane.thompson.316@example.com
1778,Emma Moore,emma.moore.341@techcorp.org
1779,Thomas Thompson,thomas.thompson.200@techcorp.org
1780,Jane Harris,jane.harris.748@testmail.com
1781,John Martin,john.martin.429@mail.net
1782,James Lee,james.lee.210@mail.net
1783,Joseph Martin,joseph.martin.705@mail.net
1784,Mia Thompson,mia.thompson.949@rdbms.dev
1785,Joseph Martin,joseph.martin.138@rdbms.dev
1786,Mia White,mia.white.693@example.com
1787,Emily Ramirez,emily.ramirez.702@rdbms.dev
1788,Charles Wilson,charles.wilson.842@mail.net
1789,David Thompson,david.thompson.386@techcorp.org
1790,Mia Taylor,mia.taylor.905@techcorp.org
1791,William Walker,william.walker.948@testmail.com
1792,Charles Walker,charles.walker.747@mail.net
1793,Mia Robinson,mia.robinson.982@testmail.com
1794,Michael Walker,michael.walker.819@techcorp.org
1795,Charlotte Moore,charlotte.moore.959@rdbms.dev
1796,William Lewis,william.lewis.130@example.com
1797,Olivia White,olivia.white.597@example.com
1798,Charlotte Lee,charlotte.lee.251@rdbms.dev
1799,Charlotte Perez,charlotte.perez.374@techcorp.org
1800,Mia Thompson,mia.thompson.753@rdbms.dev
1801,Richard Lewis,richard.lewis.195@testmail.com
1802,Charles Moore,charles.moore.787@example.com
1803,Emma Johnson,emma.johnson.373@example.com
1804,Jane Johnson,jane.johnson.599@rdbms.dev
1805,Michael Sanchez,michael.sanchez.832@example.com
1806,William Johnson,william.johnson.653@techcorp.org
1807,Joseph Smith,joseph.smith.300@testmail.com
1808,David Johnson,david.johnson.708@mail.net
1809,Mia Moore,mia.moore.476@example.com
1810,Emma White,emma.white.879@rdbms.dev
1811,Charlotte Brown,charlotte.brown.640@rdbms.dev
1812,Emily Smith,emily.smith.434@rdbms.dev
1813,Charlotte Jackson,charlotte.jackson.262@example.com
1814,Isabella Thompson,isabella.thompson.596@rdbms.dev
1815,Emma White,emma.white.553@testmail.com
1816,James Perez,james.perez.800@rdbms.dev
1817,Emily Smith,emily.smith.124@mail.net
1818,Amelia Brown,amelia.brown.516@rdbms.dev
1819,Michael Lee,michael.lee.496@mail.net
1820,David Sanchez,david.sanchez.517@testmail.com
1821,David Lee,david.lee.658@mail.net
1822,Amelia Jackson,amelia.jackson.866@testmail.com
1823,John Taylor,john.taylor.781@mail.net
1824,Emma Smith,emma.smith.806@mail.net
1825,Richard Johnson,richard.johnson.822@mail.net
1826,Robert Taylor,robert.taylor.290@techcorp.org
1827,Amelia Martin,amelia.martin.710@mail.net
1828,Thomas Harris,thomas.harris.512@example.com
1829,Richard Robinson,richard.robinson.212@testmail.com
1830,Charlotte Johnson,charlotte.johnson.600@testmail.com
1831,Sophia Perez,sophia.perez.392@example.com
1832,Emma Martin,emma.martin.623@example.com
1833,Charlotte Robinson,charlotte.robinson.737@mail.net
1834,Isabella Thompson,isabella.thompson.794@example.com
1835,Amelia White,amelia.white.873@techcorp.org
1836,Robert Miller,robert.miller.254@testmail.com
1837,James Lewis,james.lewis.679@testmail.com
1838,John Johnson,john.johnson.847@rdbms.dev
1839,Charlotte Harris,charlotte.harris.121@testmail.com
1840,Isabella Clark,isabella.clark.954@rdbms.dev
1841,Sophia Johnson,sophia.johnson.135@example.com
1842,Emma Jackson,emma.jackson.672@rdbms.dev
1843,Robert Sanchez,robert.sanchez.531@testmail.com
1844,Isabella Sanchez,isabella.sanchez.537@example.com
1845,David Jackson,david.jackson.365@example.com
1846,Michael Harris,michael.harris.354@rdbms.dev
1847,Ava Martin,ava.martin.202@testmail.com
1848,Amelia Perez,amelia.perez.938@example.com
1849,John Harris,john.harris.166@example.com
1850,Charles Lee,charles.lee.789@techcorp.org
1851,Robert Moore,robert.moore.956@techcorp.org
1852,Joseph White,joseph.white.288@testmail.com
1853,Isabella Robinson,isabella.robinson.574@testmail.com
1854,Joseph Clark,joseph.clark.230@testmail.com
1855,Jane Taylor,jane.taylor.520@testmail.com
1856,Thomas Perez,thomas.perez.870@mail.net
1857,Amelia Ramirez,amelia.ramirez.166@example.com
1858,Jane Lewis,jane.lewis.618@example.com
1859,James Martin,james.martin.430@rdbms.dev
1860,Amelia Walker,amelia.walker.108@testmail.com
1861,Joseph Wilson,joseph.wilson.647@testmail.com
1862,Richard Taylor,richard.taylor.914@testmail.com
1863,Sophia Lewis,sophia.lewis.581@techcorp.org
1864,James Wilson,james.wilson.691@example.com
1865,Charlotte White,charlotte.white.148@techcorp.org
1866,Emma Moore,emma.moore.138@testmail.com
1867,John Brown,john.brown.319@techcorp.org
1868,Charlotte Ramirez,charlotte.ramirez.131@rdbms.dev
1869,Sophia Clark,sophia.clark.614@techcorp.org
1870,Joseph Moore,joseph.moore.561@testmail.com
1871,James Brown,james.brown.870@example.com
1872,Robert Smith,robert.smith.710@rdbms.dev
1873,James Sanchez,james.sanchez.475@example.com
1874,Richard Martin,richard.martin.777@example.com
1875,Mia Perez,mia.perez.739@example.com
1876,Sophia Johnson,sophia.johnson.526@rdbms.dev
1877,Ava Moore,ava.moore.448@techcorp.org
1878,Sophia Clark,sophia.clark.401@example.com
1879,William Perez,william.perez.592@testmail.com
1880,Michael Ramirez,michael.ramirez.900@example.com
1881,Emily Miller,emily.miller.151@rdbms.dev
1882,Thomas Taylor,thomas.taylor.570@techcorp.org
1883,Michael Perez,michael.perez.572@testmail.com
1884,William Miller,william.miller.390@example.com
1885,Olivia Wilson,olivia.wilson.762@example.com
1886,Charlotte Perez,charlotte.perez.911@rdbms.dev
1887,Michael Lee,michael.lee.667@testmail.com
1888,Amelia Walker,amelia.walker.248@example.com
1889,Michael Thompson,michael.thompson.194@example.com
1890,Robert Walker,robert.walker.205@techcorp.org
1891,John Lee,john.lee.693@example.com
1892,Isabella Miller,isabella.miller.246@example.com
1893,Emily Moore,emily.moore.985@testmail.com
1894,Mia Harris,mia.harris.478@testmail.com
1895,Mia Clark,mia.clark.453@rdbms.dev
1896,Sophia Miller,sophia.miller.502@techcorp.org
1897,Isabella Walker,isabella.walker.887@testmail.com
1898,Richard Harris,richard.harris.962@techcorp.org
1899,Thomas Perez,thomas.perez.776@testmail.com
1900,Charles White,charles.white.254@example.com
1901,Robert Martin,robert.martin.691@testmail.com
1902,Ava Ramirez,ava.ramirez.357@testmail.com
1903,Emma Thompson,emma.thompson.771@mail.net
1904,Emily Clark,emily.clark.456@techcorp.org
1905,Jane White,jane.white.960@techcorp.org
1906,Emma Wilson,emma.wilson.371@testmail.com
1907,Charles Moore,charles.moore.409@techcorp.org
1908,Emma Thompson,emma.thompson.322@example.com
1909,Charles Moore,charles.moore.238@techcorp.org
1910,Thomas Ramirez,thomas.ramirez.534@rdbms.dev
1911,Emily Brown,emily.brown.597@rdbms.dev
1912,Richard Ramirez,richard.ramirez.354@testmail.com
1913,William White,william.white.300@example.com
1914,Charles Perez,charles.perez.453@rdbms.dev
1915,Charlotte Harris,charlotte.harris.710@techcorp.org
1916,Michael Johnson,michael.johnson.753@mail.net
1917,Jane Harris,jane.harris.287@testmail.com
1918,Amelia Jackson,amelia.jackson.795@example.com
1919,Olivia Jackson,olivia.jackson.414@techcorp.org
1920,John Walker,john.walker.523@testmail.com
1921,Robert White,robert.white.247@rdbms.dev
1922,Emily Ramirez,emily.ramirez.153@techcorp.org
1923,Ava Johnson,ava.johnson.466@testmail.com
1924,Ava Ramirez,ava.ramirez.436@rdbms.dev
1925,Emily Moore,emily.moore.283@testmail.com
1926,Richard Clark,richard.clark.461@mail.net
1927,John Harris,john.harris.561@example.com
1928,Isabella Miller,isabella.miller.143@example.com
1929,Olivia Wilson,olivia.wilson.851@rdbms.dev
1930,Isabella Sanchez,isabella.sanchez.552@mail.net
1931,Olivia Thompson,olivia.thompson.202@techcorp.org
1932,Richard Perez,richard.perez.551@mail.net
1933,Jane Brown,jane.brown.612@testmail.com
1934,William White,william.white.346@testmail.com
1935,Mia Smith,mia.smith.494@mail.net
1936,David Taylor,david.taylor.764@mail.net
1937,Emma Ramirez,emma.ramirez.164@example.com
1938,Richard Wilson,richard.wilson.665@mail.net
1939,William Martin,william.martin.428@techcorp.org
1940,Emily Perez,emily.perez.297@techcorp.org
1941,Isabella Thompson,isabella.thompson.763@testmail.com
1942,Emma Taylor,emma.taylor.526@example.com
1943,Ava Lewis,ava.lewis.615@mail.net
1944,Sophia Lee,sophia.lee.190@mail.net
1945,Sophia Smith,sophia.smith.571@testmail.com
1946,Ava Robinson,ava.robinson.698@mail.net
1947,John Perez,john.perez.708@mail.net
1948,Emily Jackson,emily.jackson.723@example.com
1949,David Johnson,david.johnson.970@example.com
1950,Mia Jackson,mia.jackson.494@rdbms.dev
1951,James Lee,james.lee.171@testmail.com
1952,Mia Johnson,mia.johnson.232@mail.net
1953,John Wilson,john.wilson.294@rdbms.dev
1954,Emily Miller,emily.miller.354@example.com
1955,James Lee,james.lee.757@example.com
1956,Jane Thompson,jane.thompson.883@techcorp.org
1957,Emma Martin,emma.martin.699@techcorp.org
1958,Amelia Brown,amelia.brown.508@techcorp.org
1959,Richard Lee,richard.lee.346@example.com
1960,William Sanchez,william.sanchez.999@mail.net
1961,Richard Wilson,richard.wilson.503@testmail.com
1962,James Thompson,james.thompson.427@testmail.com
1963,Jane Robinson,jane.robinson.492@example.com
1964,Jane Moore,jane.moore.121@rdbms.dev
1965,Emma Sanchez,emma.sanchez.606@rdbms.dev
1966,Ava Walker,ava.walker.162@rdbms.dev
1967,Olivia Ramirez,olivia.ramirez.172@mail.net
1968,Olivia Smith,olivia.smith.355@testmail.com
1969,William Taylor,william.taylor.462@example.com
1970,Mia Walker,mia.walker.325@example.com
1971,Ava Martin,ava.martin.469@rdbms.dev
1972,David Sanchez,david.sanchez.923@techcorp.org
1973,Michael Jackson,michael.jackson.524@testmail.com
1974,James Miller,james.miller.720@techcorp.org
1975,Charles Ramirez,charles.ramirez.878@rdbms.dev
1976,Charles Jackson,charles.jackson.983@testmail.com
1977,Emily Taylor,emily.taylor.883@techcorp.org
1978,Jane Clark,jane.clark.231@testmail.com
1979,Emily Miller,emily.miller.168@techcorp.org
1980,Olivia Johnson,olivia.johnson.744@example.com
1981,Ava Walker,ava.walker.695@rdbms.dev
1982,Robert Harris,robert.harris.901@mail.net
1983,Olivia Johnson,olivia.johnson.954@testmail.com
1984,Richard Thompson,richard.thompson.923@testmail.com
1985,Olivia Ramirez,olivia.ramirez.722@rdbms.dev
1986,Robert Miller,robert.miller.620@testmail.com
1987,Michael Brown,michael.brown.555@example.com
1988,Michael Wilson,michael.wilson.372@example.com
1989,Mia Brown,mia.brown.661@mail.net
1990,James Wilson,james.wilson.578@mail.net
1991,Emily Taylor,emily.taylor.347@rdbms.dev
1992,Michael Perez,michael.perez.544@techcorp.org
1993,Sophia Smith,sophia.smith.579@mail.net
1994,Michael Clark,michael.clark.526@mail.net
1995,Sophia Walker,sophia.walker.313@example.com
1996,David Walker,david.walker.393@testmail.com
1997,Sophia Harris,sophia.harris.791@techcorp.org
1998,Charlotte Brown,charlotte.brown.206@rdbms.dev
1999,Ava Thompson,ava.thompson.350@example.com
2000,Joseph Wilson,joseph.wilson.163@example.com
2001,Olivia Miller,olivia.miller.238@rdbms.dev
2002,David Martin,david.martin.335@rdbms.dev
2003,David Johnson,david.johnson.175@rdbms.dev
2004,Sophia Ramirez,sophia.ramirez.919@mail.net
2005,Isabella Harris,isabella.harris.662@techcorp.org
2006,William Wilson,william.wilson.174@mail.net
2007,David Moore,david.moore.759@testmail.com
2008,Richard Taylor,richard.taylor.325@testmail.com
2009,William Lewis,william.lewis.653@example.com
2010,Charles Smith,charles.smith.342@testmail.com
2011,John Johnson,john.johnson.633@techcorp.org
2012,David Smith,david.smith.573@rdbms.dev
2013,Michael White,michael.white.306@example.com
2014,Jane Perez,jane.perez.836@techcorp.org
2015,John Sanchez,john.sanchez.559@mail.net
2016,Jane Robinson,jane.robinson.508@rdbms.dev
2017,Emma Clark,emma.clark.264@testmail.com
2018,David Johnson,david.johnson.581@example.com
2019,Charlotte Jackson,charlotte.jackson.286@example.com
2020,Olivia Wilson,olivia.wilson.122@testmail.com
2021,Isabella Thompson,isabella.thompson.429@mail.net
2022,Amelia Ramirez,amelia.ramirez.244@rdbms.dev
2023,Ava Clark,ava.clark.992@mail.net
2024,Mia Johnson,mia.johnson.789@testmail.com
2025,Robert Lewis,robert.lewis.781@techcorp.org
2026,Olivia Wilson,olivia.wilson.386@rdbms.dev
2027,James Sanchez,james.sanchez.395@testmail.com
2028,Emma White,emma.white.606@testmail.com
2029,Olivia Miller,olivia.miller.989@rdbms.dev
2030,Jane Wilson,jane.wilson.203@example.com
2031,James White,james.white.918@mail.net
2032,Joseph Smith,joseph.smith.198@testmail.com
2033,William Taylor,william.taylor.499@mail.net
2034,Thomas Ramirez,thomas.ramirez.937@example.com
2035,Thomas Harris,thomas.harris.556@example.com
2036,Thomas Robinson,thomas.robinson.450@techcorp.org
2037,Thomas Moore,thomas.moore.221@mail.net
2038,Ava Wilson,ava.wilson.612@mail.net
2039,David Jackson,david.jackson.239@testmail.com
2040,Emily Thompson,emily.thompson.802@mail.net
2041,Michael Sanchez,michael.sanchez.565@testmail.com
2042,Thomas Perez,thomas.perez.814@example.com
2043,James White,james.white.384@mail.net
2044,Olivia Taylor,olivia.taylor.701@techcorp.org
2045,Thomas Taylor,thomas.taylor.317@mail.net
2046,Joseph Jackson,joseph.jackson.943@mail.net
2047,Michael Lee,michael.lee.195@mail.net
2048,Mia Wilson,mia.wilson.307@mail.net
2049,Joseph Harris,joseph.harris.772@techcorp.org
2050,Joseph Wilson,joseph.wilson.529@example.com
2051,Mia Martin,mia.martin.977@testmail.com
2052,Thomas Moore,thomas.moore.349@mail.net
2053,James Jackson,james.jackson.327@techcorp.org
2054,Joseph Taylor,joseph.taylor.337@rdbms.dev
2055,Jane Harris,jane.harris.503@mail.net
2056,John Taylor,john.taylor.626@rdbms.dev
2057,Sophia Brown,sophia.brown.457@rdbms.dev
2058,Mia Martin,mia.martin.701@example.com
2059,William Ramirez,william.ramirez.672@techcorp.org
2060,Isabella Lee,isabella.lee.674@rdbms.dev
2061,Ava Martin,ava.martin.513@example.com
2062,Amelia Smith,amelia.smith.896@techcorp.org
2063,John Ramirez,john.ramirez.625@testmail.com
2064,James Brown,james.brown.885@rdbms.dev
2065,Thomas Taylor,thomas.taylor.224@mail.net
2066,Michael Miller,michael.miller.268@techcorp.org
2067,Amelia Wilson,amelia.wilson.481@mail.net
2068,David Wilson,david.wilson.679@mail.net
2069,Richard Sanchez,richard.sanchez.876@techcorp.org
2070,William Miller,william.miller.416@example.com
2071,Michael Harris,michael.harris.379@techcorp.org
2072,Isabella Wilson,isabella.wilson.709@example.com
2073,Robert Harris,robert.harris.925@example.com
2074,Charles Perez,charles.perez.700@testmail.com
2075,Mia Lee,mia.lee.661@testmail.com
2076,William Jackson,william.jackson.652@rdbms.dev
2077,Charlotte Wilson,charlotte.wilson.274@mail.net
2078,Richard Brown,richard.brown.787@mail.net
2079,Mia Miller,mia.miller.708@mail.net
2080,Robert Taylor,robert.taylor.239@mail.net
2081,Richard Wilson,richard.wilson.488@testmail.com
2082,Emma Clark,emma.clark.714@example.com
2083,Joseph Sanchez,joseph.sanchez.747@mail.net
2084,Joseph Miller,joseph.miller.149@rdbms.dev
2085,Emily Jackson,emily.jackson.985@techcorp.org
2086,Michael Lee,michael.lee.610@mail.net
2087,Sophia Brown,sophia.brown.351@mail.net
2088,David Thompson,david.thompson.310@example.com
2089,James Robinson,james.robinson.126@rdbms.dev
2090,Jane Robinson,jane.robinson.667@example.com
2091,Joseph Robinson,joseph.robinson.706@testmail.com
2092,David Perez,david.perez.487@mail.net
2093,Emma Walker,emma.walker.807@rdbms.dev
2094,Mia Wilson,mia.wilson.869@mail.net
2095,Joseph Walker,joseph.walker.418@example.com
2096,Mia Miller,mia.miller.431@techcorp.org
2097,Charles Perez,charles.perez.974@testmail.com
2098,Amelia Lewis,amelia.lewis.130@testmail.com
2099,John Smith,john.smith.380@techcorp.org
2100,William Ramirez,william.ramirez.488@rdbms.dev
2101,David Walker,david.walker.369@rdbms.dev
2102,Richard Lewis,richard.lewis.851@techcorp.org
2103,Michael Ramirez,michael.ramirez.698@rdbms.dev
2104,William Walker,william.walker.499@example.com
2105,Olivia Walker,olivia.walker.396@mail.net
2106,Richard Harris,richard.harris.370@example.com
2107,Robert Ramirez,robert.ramirez.393@example.com
2108,Joseph Smith,joseph.smith.879@rdbms.dev
2109,William Miller,william.miller.723@example.com
2110,Robert Ramirez,robert.ramirez.291@rdbms.dev
2111,Ava White,ava.white.772@testmail.com
2112,Mia Perez,mia.perez.953@example.com
2113,Mia Ramirez,mia.ramirez.934@testmail.com
2114,Emma Harris,emma.harris.159@testmail.com
2115,Amelia Jackson,amelia.jackson.304@rdbms.dev
2116,James Taylor,james.taylor.107@example.com
2117,Emma Walker,emma.walker.777@testmail.com
2118,Sophia Moore,sophia.moore.962@example.com
2119,James Smith,james.smith.538@mail.net
2120,Michael Sanchez,michael.sanchez.420@example.com
2121,Ava Thompson,ava.thompson.751@mail.net
2122,Ava White,ava.white.968@testmail.com
2123,Olivia Perez,olivia.perez.338@testmail.com
2124,Thomas Brown,thomas.brown.923@techcorp.org
2125,Robert Thompson,robert.thompson.744@example.com
2126,Emma Perez,emma.perez.616@testmail.com
2127,John Thompson,john.thompson.531@techcorp.org
2128,Charlotte Taylor,charlotte.taylor.146@rdbms.dev
2129,Isabella Thompson,isabella.thompson.170@techcorp.org
2130,Emma Ramirez,emma.ramirez.511@techcorp.org
2131,William Lee,william.lee.926@mail.net
2132,Emily Perez,emily.perez.839@example.com
2133,David Johnson,david.johnson.944@mail.net
2134,Amelia Smith,amelia.smith.614@techcorp.org
2135,Olivia Perez,olivia.perez.861@rdbms.dev
2136,Isabella Clark,isabella.clark.773@techcorp.org
2137,William Miller,william.miller.825@example.com
2138,Richard Wilson,richard.wilson.915@techcorp.org
2139,Joseph Johnson,joseph.johnson.995@testmail.com
2140,Charlotte Sanchez,charlotte.sanchez.431@techcorp.org
2141,Robert Martin,robert.martin.701@testmail.com
2142,Ava Lee,ava.lee.917@testmail.com
2143,Emily Lewis,emily.lewis.485@mail.net
2144,James Thompson,james.thompson.651@mail.net
2145,Charles Taylor,charles.taylor.132@mail.net
2146,Olivia Jackson,olivia.jackson.573@rdbms.dev
2147,Charles Lewis,charles.lewis.268@mail.net
2148,Charles Lee,charles.lee.190@testmail.com
2149,Michael Miller,michael.miller.923@mail.net
2150,Michael Lewis,michael.lewis.917@mail.net
2151,Thomas Taylor,thomas.taylor.642@example.com
2152,David Brown,david.brown.743@mail.net
2153,Amelia Clark,amelia.clark.830@example.com
2154,David Brown,david.brown.552@rdbms.dev
2155,Thomas Brown,thomas.brown.692@testmail.com
2156,John Jackson,john.jackson.906@techcorp.org
2157,Charles Martin,charles.martin.901@example.com
2158,Emily Johnson,emily.johnson.731@example.com
2159,Mia Sanchez,mia.sanchez.279@techcorp.org
2160,David Jackson,david.jackson.645@example.com
2161,Amelia Jackson,amelia.jackson.571@techcorp.org
2162,Emily Moore,emily.moore.787@techcorp.org
2163,David Robinson,david.robinson.509@mail.net
2164,Sophia Lee,sophia.lee.240@rdbms.dev
2165,Thomas Lewis,thomas.lewis.825@rdbms.dev
2166,William Perez,william.perez.995@rdbms.dev
2167,Charles Ramirez,charles.ramirez.140@rdbms.dev
2168,Emily Wilson,emily.wilson.222@techcorp.org
2169,Jane Miller,jane.miller.553@techcorp.org
2170,Ava Martin,ava.martin.151@techcorp.org
2171,Thomas Wilson,thomas.wilson.280@testmail.com
2172,Richard Walker,richard.walker.742@techcorp.org
2173,Charles Robinson,charles.robinson.144@techcorp.org
2174,Ava Lewis,ava.lewis.839@rdbms.dev
2175,Richard Martin,richard.martin.616@example.com
2176,Emma Thompson,emma.thompson.367@techcorp.org
2177,Jane White,jane.white.449@techcorp.org
2178,Isabella White,isabella.white.354@rdbms.dev
2179,John Martin,john.martin.983@example.com
2180,Charlotte Jackson,charlotte.jackson.497@rdbms.dev
2181,Olivia Taylor,olivia.taylor.318@testmail.com
2182,Joseph Robinson,joseph.robinson.411@mail.net
2183,Jane Walker,jane.walker.660@example.com
2184,Jane Harris,jane.harris.555@rdbms.dev
2185,Olivia Clark,olivia.clark.912@mail.net
2186,Sophia Jackson,sophia.jackson.161@techcorp.org
2187,Isabella Brown,isabella.brown.513@techcorp.org
2188,David Moore,david.moore.930@mail.net
2189,Sophia Johnson,sophia.johnson.554@rdbms.dev
2190,Thomas Perez,thomas.perez.403@rdbms.dev
2191,Joseph Ramirez,joseph.ramirez.678@techcorp.org
2192,Joseph Lee,joseph.lee.585@rdbms.dev
2193,John Clark,john.clark.549@testmail.com
2194,Robert Jackson,robert.jackson.398@testmail.com
2195,William Johnson,william.johnson.202@example.com
2196,Amelia Johnson,amelia.johnson.667@rdbms.dev
2197,Isabella Harris,isabella.harris.709@example.com
2198,Olivia Martin,olivia.martin.138@testmail.com
2199,Joseph Smith,joseph.smith.167@example.com
2200,Isabella Miller,isabella.miller.982@example.com
2201,James Walker,james.walker.987@rdbms.dev
2202,Thomas Lee,thomas.lee.238@example.com
2203,Mia Thompson,mia.thompson.896@testmail.com
2204,Mia Taylor,mia.taylor.868@rdbms.dev
2205,Charles Perez,charles.perez.127@mail.net
2206,Mia Wilson,mia.wilson.132@mail.net
2207,James Thompson,james.thompson.215@example.com
2208,Ava Johnson,ava.johnson.751@techcorp.org
2209,Ava Sanchez,ava.sanchez.580@mail.net
2210,Olivia White,olivia.white.787@example.com
2211,John Wilson,john.wilson.193@techcorp.org
2212,Amelia Robinson,amelia.robinson.500@rdbms.dev
2213,Isabella Perez,isabella.perez.433@rdbms.dev
2214,Robert Martin,robert.martin.186@rdbms.dev
2215,Emma Martin,emma.martin.416@rdbms.dev
2216,Emily Sanchez,emily.sanchez.192@example.com
2217,James Moore,james.moore.377@example.com
2218,John Sanchez,john.sanchez.191@mail.net
2219,Emily Walker,emily.walker.748@example.com
2220,Emma Taylor,emma.taylor.929@example.com
2221,Amelia Robinson,amelia.robinson.329@testmail.com
2222,Amelia Smith,amelia.smith.973@testmail.com
2223,Emma Sanchez,emma.sanchez.315@rdbms.dev
2224,Amelia Brown,amelia.brown.619@testmail.com
2225,Charles Ramirez,charles.ramirez.462@rdbms.dev
2226,Jane Wilson,jane.wilson.305@rdbms.dev
2227,Charles Harris,charles.harris.156@mail.net
2228,Michael Robinson,michael.robinson.633@techcorp.org
2229,Ava Wilson,ava.wilson.413@techcorp.org
2230,William Moore,william.moore.154@testmail.com
2231,Jane White,jane.white.900@mail.net
2232,Olivia Taylor,olivia.taylor.446@mail.net
2233,Sophia Harris,sophia.harris.159@testmail.com
2234,Isabella Martin,isabella.martin.263@example.com
2235,Mia Ramirez,mia.ramirez.838@testmail.com
2236,Joseph Sanchez,joseph.sanchez.123@mail.net
2237,Charlotte Brown,charlotte.brown.785@example.com
2238,Olivia Lee,olivia.lee.924@testmail.com
2239,Isabella Wilson,isabella.wilson.883@rdbms.dev
2240,Jane Harris,jane.harris.282@mail.net
2241,Jane Smith,jane.smith.262@example.com
2242,John Lee,john.lee.129@rdbms.dev
2243,Ava Thompson,ava.thompson.569@example.com
2244,James Wilson,james.wilson.795@example.com
2245,Amelia Miller,amelia.miller.973@rdbms.dev
2246,David Smith,david.smith.917@example.com
2247,Emily Brown,emily.brown.122@mail.net
2248,Sophia Ramirez,sophia.ramirez.481@example.com
2249,Sophia Perez,sophia.perez.358@rdbms.dev
2250,David Moore,david.moore.559@techcorp.org
2251,Charlotte Lee,charlotte.lee.841@example.com
2252,William Brown,william.brown.574@example.com
2253,Sophia Lee,sophia.lee.350@mail.net
2254,Isabella Sanchez,isabella.sanchez.946@mail.net
2255,William Perez,william.perez.122@techcorp.org
2256,William Wilson,william.wilson.640@mail.net
2257,Sophia Brown,sophia.brown.166@techcorp.org
2258,Joseph Moore,joseph.moore.408@rdbms.dev
2259,David Clark,david.clark.927@mail.net
2260,Isabella Jackson,isabella.jackson.540@rdbms.dev
2261,Emily Moore,emily.moore.826@rdbms.dev
2262,Jane White,jane.white.615@rdbms.dev
2263,Richard Lee,richard.lee.358@techcorp.org
2264,David Martin,david.martin.312@rdbms.dev
2265,Thomas Jackson,thomas.jackson.844@testmail.com
2266,Robert Lewis,robert.lewis.450@example.com
2267,David Thompson,david.thompson.497@example.com
2268,David Moore,david.moore.820@techcorp.org
2269,William Wilson,william.wilson.621@testmail.com
2270,William Ramirez,william.ramirez.609@testmail.com
2271,Sophia Perez,sophia.perez.781@mail.net
2272,Emily Smith,emily.smith.255@example.com
2273,John Brown,john.brown.573@rdbms.dev
2274,Olivia Miller,olivia.miller.730@testmail.com
2275,Sophia Brown,sophia.brown.758@rdbms.dev
2276,Robert Robinson,robert.robinson.472@example.com
2277,Mia Jackson,mia.jackson.444@example.com
2278,Ava Smith,ava.smith.450@mail.net
2279,Thomas Martin,thomas.martin.209@example.com
2280,Joseph Jackson,joseph.jackson.600@rdbms.dev
2281,James Smith,james.smith.354@techcorp.org
2282,Thomas Moore,thomas.moore.504@techcorp.org
2283,James Moore,james.moore.355@techcorp.org
2284,Sophia Perez,sophia.perez.458@techcorp.org
2285,Amelia Johnson,amelia.johnson.963@example.com
2286,Mia Perez,mia.perez.416@techcorp.org
2287,Olivia Lewis,olivia.lewis.157@rdbms.dev
2288,Jane Moore,jane.moore.341@rdbms.dev
2289,Isabella Ramirez,isabella.ramirez.960@mail.net
2290,James Perez,james.perez.530@testmail.com
2291,Joseph Taylor,joseph.taylor.947@techcorp.org
2292,Robert Lewis,robert.lewis.147@techcorp.org
2293,Amelia Jackson,amelia.jackson.453@techcorp.org
2294,Ava Martin,ava.martin.383@mail.net
2295,Joseph Taylor,joseph.taylor.357@mail.net
2296,David Brown,david.brown.839@mail.net
2297,Sophia Thompson,sophia.thompson.231@techcorp.org
2298,Robert Thompson,robert.thompson.930@techcorp.org
2299,Emily Robinson,emily.robinson.180@testmail.com
2300,Robert Harris,robert.harris.195@testmail.com
2301,Richard Ramirez,richard.ramirez.104@techcorp.org
2302,Charles Perez,charles.perez.504@example.com
2303,John Johnson,john.johnson.760@example.com
2304,Amelia Jackson,amelia.jackson.405@example.com
2305,Michael White,michael.white.819@example.com
2306,Joseph Johnson,joseph.johnson.988@techcorp.org
2307,David Lewis,david.lewis.630@rdbms.dev
2308,Mia Walker,mia.walker.774@techcorp.org
2309,Mia Johnson,mia.johnson.666@techcorp.org
2310,Robert Moore,robert.moore.383@techcorp.org
2311,James Walker,james.walker.384@testmail.com
2312,William Lewis,william.lewis.251@testmail.com
2313,Sophia Clark,sophia.clark.798@mail.net
2314,Mia Wilson,mia.wilson.288@mail.net
2315,Robert Miller,robert.miller.851@mail.net
2316,Sophia Johnson,sophia.johnson.151@example.com
2317,Thomas Miller,thomas.miller.489@rdbms.dev
2318,James Martin,james.martin.158@testmail.com
2319,David White,david.white.358@example.com
2320,Michael Ramirez,michael.ramirez.588@rdbms.dev
2321,Joseph Lee,joseph.lee.390@techcorp.org
2322,Joseph Martin,joseph.martin.870@example.com
2323,John Lewis,john.lewis.744@techcorp.org
2324,Olivia Smith,olivia.smith.433@rdbms.dev
2325,Ava Perez,ava.perez.548@testmail.com
2326,Charlotte Wilson,charlotte.wilson.133@techcorp.org
2327,David Robinson,david.robinson.114@techcorp.org
2328,Mia Lewis,mia.lewis.256@testmail.com
2329,Charlotte Sanchez,charlotte.sanchez.166@testmail.com
2330,Olivia Clark,olivia.clark.968@rdbms.dev
2331,Emma Miller,emma.miller.897@example.com
2332,David Ramirez,david.ramirez.499@example.com
2333,Sophia Ramirez,sophia.ramirez.678@testmail.com
2334,Charlotte Robinson,charlotte.robinson.136@rdbms.dev
2335,Jane Taylor,jane.taylor.171@mail.net
2336,Joseph Harris,joseph.harris.470@rdbms.dev
2337,John White,john.white.516@rdbms.dev
2338,John Smith,john.smith.204@rdbms.dev
2339,Thomas Walker,thomas.walker.464@mail.net
2340,David Miller,david.miller.779@techcorp.org
2341,William Ramirez,william.ramirez.576@testmail.com
2342,Joseph Lee,joseph.lee.124@example.com
2343,James Wilson,james.wilson.400@testmail.com
2344,Isabella White,isabella.white.186@mail.net
2345,William Johnson,william.johnson.294@rdbms.dev
2346,Mia Brown,mia.brown.507@example.com
2347,Sophia Robinson,sophia.robinson.965@rdbms.dev
2348,Isabella Smith,isabella.smith.556@testmail.com
2349,Jane Perez,jane.perez.368@mail.net
2350,Michael Ramirez,michael.ramirez.316@testmail.com
2351,Mia Ramirez,mia.ramirez.948@rdbms.dev
2352,Isabella Martin,isabella.martin.675@techcorp.org
2353,Sophia Miller,sophia.miller.265@testmail.com
2354,Isabella Lewis,isabella.lewis.563@rdbms.dev
2355,Isabella Brown,isabella.brown.492@example.com
2356,Emma Sanchez,emma.sanchez.882@example.com
2357,Emma Moore,emma.moore.458@example.com
2358,Emma Wilson,emma.wilson.171@techcorp.org
2359,Ava Sanchez,ava.sanchez.438@example.com
2360,Mia Ramirez,mia.ramirez.316@mail.net
2361,Charles Miller,charles.miller.280@testmail.com
2362,Amelia Smith,amelia.smith.585@example.com
2363,William Thompson,william.thompson.962@techcorp.org
2364,Charles Smith,charles.smith.440@techcorp.org
2365,Emily Walker,emily.walker.569@mail.net
2366,John Lewis,john.lewis.706@rdbms.dev
2367,Charles Wilson,charles.wilson.949@example.com
2368,Richard Thompson,richard.thompson.232@mail.net
2369,Charlotte Brown,charlotte.brown.424@rdbms.dev
2370,John Martin,john.martin.205@rdbms.dev
2371,James Clark,james.clark.176@mail.net
2372,Emily White,emily.white.692@testmail.com
2373,James Harris,james.harris.707@mail.net
2374,Michael Miller,michael.miller.554@mail.net
2375,Emma Smith,emma.smith.927@rdbms.dev
2376,Olivia Robinson,olivia.robinson.606@mail.net
2377,Jane Jackson,jane.jackson.960@example.com
2378,David Martin,david.martin.496@mail.net
2379,Michael Lee,michael.lee.465@testmail.com
2380,Michael Moore,michael.moore.406@mail.net
2381,Charlotte Harris,charlotte.harris.173@rdbms.dev
2382,Thomas Taylor,thomas.taylor.829@techcorp.org
2383,Olivia Moore,olivia.moore.330@rdbms.dev
2384,David Perez,david.perez.920@example.com
2385,David Brown,david.brown.253@rdbms.dev
2386,Emma Ramirez,emma.ramirez.692@techcorp.org
2387,Emma Johnson,emma.johnson.643@techcorp.org
2388,Mia Perez,mia.perez.720@testmail.com
2389,Isabella Lewis,isabella.lewis.975@example.com
2390,Charlotte Perez,charlotte.perez.908@techcorp.org
2391,Jane Walker,jane.walker.621@testmail.com
2392,Michael Jackson,michael.jackson.432@rdbms.dev
2393,Joseph White,joseph.white.217@testmail.com
2394,John Harris,john.harris.668@techcorp.org
2395,Jane Taylor,jane.taylor.932@techcorp.org
2396,Ava Johnson,ava.johnson.702@example.com
2397,Charles Wilson,charles.wilson.612@testmail.com
2398,Sophia Taylor,sophia.taylor.290@techcorp.org
2399,Charlotte Thompson,charlotte.thompson.478@example.com
2400,Jane Martin,jane.martin.524@rdbms.dev
2401,Robert Harris,robert.harris.417@rdbms.dev
2402,James Martin,james.martin.229@testmail.com
2403,Charles Clark,charles.clark.269@rdbms.dev
2404,David Sanchez,david.sanchez.975@testmail.com
2405,Emma Walker,emma.walker.570@rdbms.dev
2406,Charlotte Ramirez,charlotte.ramirez.318@example.com
2407,Emily Walker,emily.walker.207@rdbms.dev
2408,Olivia Ramirez,olivia.ramirez.162@techcorp.org
2409,David Smith,david.smith.279@testmail.com
2410,Ava Perez,ava.perez.225@rdbms.dev
2411,Sophia Perez,sophia.perez.767@techcorp.org
2412,Olivia Wilson,olivia.wilson.288@rdbms.dev
2413,Ava Brown,ava.brown.306@techcorp.org
2414,John Wilson,john.wilson.831@rdbms.dev
2415,Emily Perez,emily.perez.133@example.com
2416,Sophia Walker,sophia.walker.274@techcorp.org
2417,David Walker,david.walker.972@mail.net
2418,Charlotte Thompson,charlotte.thompson.545@mail.net
2419,John Moore,john.moore.693@rdbms.dev
2420,Ava Sanchez,ava.sanchez.269@mail.net
2421,James White,james.white.193@mail.net
2422,Richard Perez,richard.perez.183@rdbms.dev
2423,James Robinson,james.robinson.179@example.com
2424,John Jackson,john.jackson.269@testmail.com
2425,Joseph Wilson,joseph.wilson.489@mail.net
2426,John White,john.white.294@techcorp.org
2427,Mia Smith,mia.smith.387@example.com
2428,Emma Taylor,emma.taylor.597@techcorp.org
2429,Olivia White,olivia.white.785@testmail.com
2430,Jane Jackson,jane.jackson.501@techcorp.org
2431,James Taylor,james.taylor.289@example.com
2432,Isabella Robinson,isabella.robinson.891@techcorp.org
2433,Robert Harris,robert.harris.597@rdbms.dev
2434,William Wilson,william.wilson.881@mail.net
2435,Charles Martin,charles.martin.132@techcorp.org
2436,Joseph Robinson,joseph.robinson.548@rdbms.dev
2437,Amelia Sanchez,amelia.sanchez.831@rdbms.dev
2438,Isabella Smith,isabella.smith.518@example.com
2439,Jane Sanchez,jane.sanchez.382@example.com
2440,Michael Harris,michael.harris.312@rdbms.dev
2441,Isabella Miller,isabella.miller.505@example.com
2442,William Taylor,william.taylor.205@rdbms.dev
2443,Charlotte Sanchez,charlotte.sanchez.677@techcorp.org
2444,Richard Jackson,richard.jackson.481@testmail.com
2445,Emma Walker,emma.walker.468@rdbms.dev
2446,Michael Walker,michael.walker.266@example.com
2447,Emma Smith,emma.smith.881@testmail.com
2448,Joseph Lee,joseph.lee.974@mail.net
2449,Michael Martin,michael.martin.900@mail.net
2450,Sophia Smith,sophia.smith.558@testmail.com
2451,Emily Smith,emily.smith.704@rdbms.dev
2452,Charles Johnson,charles.johnson.688@example.com
2453,John Clark,john.clark.892@testmail.com
2454,Isabella Ramirez,isabella.ramirez.927@example.com
2455,Charles Taylor,charles.taylor.349@rdbms.dev
2456,William Smith,william.smith.968@rdbms.dev
2457,William Martin,william.martin.123@testmail.com
2458,Olivia Ramirez,olivia.ramirez.947@example.com
2459,Joseph White,joseph.white.883@rdbms.dev
2460,William Miller,william.miller.814@example.com
2461,Joseph Clark,joseph.clark.154@mail.net
2462,Olivia Taylor,olivia.taylor.264@testmail.com
2463,James Johnson,james.johnson.105@example.com
2464,Olivia Martin,olivia.martin.244@techcorp.org
2465,Ava Moore,ava.moore.366@mail.net
2466,Emily Lewis,emily.lewis.471@example.com
2467,Jane Taylor,jane.taylor.452@techcorp.org
2468,Sophia Ramirez,sophia.ramirez.734@rdbms.dev
2469,John Walker,john.walker.999@example.com
2470,Jane Robinson,jane.robinson.935@rdbms.dev
2471,John Johnson,john.johnson.674@testmail.com
2472,Isabella Sanchez,isabella.sanchez.757@example.com
2473,Robert Johnson,robert.johnson.867@example.com
2474,Joseph Lewis,joseph.lewis.605@rdbms.dev
2475,Sophia Taylor,sophia.taylor.318@example.com
2476,Olivia Brown,olivia.brown.957@mail.net
2477,Thomas Taylor,thomas.taylor.208@rdbms.dev
2478,Jane Smith,jane.smith.622@mail.net
2479,Olivia Moore,olivia.moore.377@mail.net
2480,Joseph Smith,joseph.smith.503@testmail.com
2481,Robert Miller,robert.miller.113@mail.net
2482,Ava Perez,ava.perez.104@rdbms.dev
2483,Mia Taylor,mia.taylor.613@rdbms.dev
2484,John Perez,john.perez.551@mail.net
2485,Charles Thompson,charles.thompson.341@example.com
2486,Jane Sanchez,jane.sanchez.189@mail.net
2487,David Thompson,david.thompson.150@mail.net
2488,Thomas Ramirez,thomas.ramirez.705@testmail.com
2489,James Sanchez,james.sanchez.733@testmail.com
2490,James Robinson,james.robinson.932@testmail.com
2491,Emma Brown,emma.brown.869@mail.net
2492,Amelia Clark,amelia.clark.213@example.com
2493,Sophia White,sophia.white.757@example.com
2494,Joseph Jackson,joseph.jackson.196@rdbms.dev
2495,Amelia Moore,amelia.moore.871@techcorp.org
2496,Jane Taylor,jane.taylor.294@rdbms.dev
2497,Amelia Lewis,amelia.lewis.741@techcorp.org
2498,Mia Sanchez,mia.sanchez.124@mail.net
2499,Joseph Wilson,joseph.wilson.412@techcorp.org
2500,Jane Brown,jane.brown.951@techcorp.org
2501,Emma Lewis,emma.lewis.196@rdbms.dev
2502,John Johnson,john.johnson.527@example.com
2503,David Clark,david.clark.491@example.com
2504,Michael Johnson,michael.johnson.782@testmail.com
2505,Richard Ramirez,richard.ramirez.682@testmail.com
2506,James Walker,james.walker.994@rdbms.dev
2507,Olivia Brown,olivia.brown.497@techcorp.org
2508,John Taylor,john.taylor.728@example.com
2509,Richard Perez,richard.perez.851@testmail.com
2510,James Johnson,james.johnson.462@rdbms.dev
2511,Emily Lee,emily.lee.712@rdbms.dev
2512,James Smith,james.smith.150@testmail.com
2513,Emily Moore,emily.moore.220@testmail.com
2514,Richard Brown,richard.brown.452@example.com
2515,James Ramirez,james.ramirez.875@techcorp.org
2516,Emily Lewis,emily.lewis.890@mail.net
2517,Ava Thompson,ava.thompson.591@example.com
2518,Amelia Wilson,amelia.wilson.177@techcorp.org
2519,John Wilson,john.wilson.766@testmail.com
2520,Amelia Martin,amelia.martin.765@example.com
2521,Robert Perez,robert.perez.313@testmail.com
2522,John Perez,john.perez.587@testmail.com
2523,Mia Robinson,mia.robinson.667@rdbms.dev
2524,Olivia Clark,olivia.clark.527@rdbms.dev
2525,Robert Brown,robert.brown.193@example.com
2526,Richard Lee,richard.lee.635@example.com
2527,James Jackson,james.jackson.502@mail.net
2528,Mia Sanchez,mia.sanchez.655@testmail.com
2529,Isabella Smith,isabella.smith.573@techcorp.org
2530,John Moore,john.moore.117@example.com
2531,Joseph Lewis,joseph.lewis.809@testmail.com
2532,Olivia Lee,olivia.lee.701@techcorp.org
2533,William Moore,william.moore.503@mail.net
2534,Sophia Johnson,sophia.johnson.783@techcorp.org
2535,Richard Taylor,richard.taylor.210@rdbms.dev
2536,William Wilson,william.wilson.120@rdbms.dev
2537,Olivia Perez,olivia.perez.462@rdbms.dev
2538,Thomas Thompson,thomas.thompson.638@rdbms.dev
2539,Thomas Ramirez,thomas.ramirez.891@rdbms.dev
2540,Emma Clark,emma.clark.908@techcorp.org
2541,Charlotte Harris,charlotte.harris.913@rdbms.dev
2542,David Taylor,david.taylor.137@techcorp.org
2543,Richard Walker,richard.walker.173@techcorp.org
2544,James Robinson,james.robinson.476@rdbms.dev
2545,Emily Thompson,emily.thompson.559@example.com
2546,Olivia Lewis,olivia.lewis.571@testmail.com
2547,Joseph Moore,joseph.moore.712@mail.net
2548,Emma Harris,emma.harris.688@testmail.com
2549,Emily Thompson,emily.thompson.930@testmail.com
2550,Olivia Clark,olivia.clark.419@rdbms.dev
2551,Emma Robinson,emma.robinson.305@example.com
2552,Charlotte Clark,charlotte.clark.695@techcorp.org
2553,David White,david.white.583@example.com
2554,Olivia Jackson,olivia.jackson.713@rdbms.dev
2555,William Wilson,william.wilson.701@example.com
2556,Jane Robinson,jane.robinson.486@techcorp.org
2557,Sophia Brown,sophia.brown.341@rdbms.dev
2558,Robert Perez,robert.perez.713@example.com
2559,Mia White,mia.white.578@mail.net
2560,Joseph Harris,joseph.harris.568@mail.net
2561,Michael Miller,michael.miller.685@mail.net
2562,Charles Moore,charles.moore.608@mail.net
2563,William Wilson,william.wilson.463@techcorp.org
2564,Ava White,ava.white.123@mail.net
2565,Richard Thompson,richard.thompson.870@mail.net
2566,Charlotte Brown,charlotte.brown.574@mail.net
2567,James Harris,james.harris.377@testmail.com
2568,Sophia White,sophia.white.172@testmail.com
2569,Olivia Miller,olivia.miller.530@mail.net
2570,Sophia Perez,sophia.perez.659@example.com
2571,Richard Harris,richard.harris.257@testmail.com
2572,Michael Lewis,michael.lewis.461@example.com
2573,Sophia White,sophia.white.915@mail.net
2574,David Taylor,david.taylor.771@rdbms.dev
2575,Jane Moore,jane.moore.115@testmail.com
2576,Thomas Wilson,thomas.wilson.843@rdbms.dev
2577,Olivia Sanchez,olivia.sanchez.788@testmail.com
2578,Robert Jackson,robert.jackson.220@rdbms.dev
2579,Richard Lewis,richard.lewis.659@techcorp.org
2580,Amelia Perez,amelia.perez.201@example.com
2581,Amelia Harris,amelia.harris.992@example.com
2582,Ava White,ava.white.251@techcorp.org
2583,Charles Johnson,charles.johnson.291@example.com
2584,Mia Ramirez,mia.ramirez.821@mail.net
2585,Charles Walker,charles.walker.474@testmail.com
2586,William Lee,william.lee.766@techcorp.org
2587,Thomas Ramirez,thomas.ramirez.769@example.com
2588,Jane Lee,jane.lee.140@example.com
2589,Olivia Ramirez,olivia.ramirez.857@rdbms.dev
2590,John Wilson,john.wilson.721@mail.net
2591,Emma Moore,emma.moore.890@example.com
2592,Isabella Moore,isabella.moore.417@rdbms.dev
2593,Sophia Walker,sophia.walker.472@techcorp.org
2594,David Jackson,david.jackson.474@example.com
2595,Emily Wilson,emily.wilson.547@rdbms.dev
2596,William Lewis,william.lewis.525@testmail.com
2597,Emily Johnson,emily.johnson.156@example.com
2598,William Thompson,william.thompson.272@example.com
2599,Ava Wilson,ava.wilson.944@testmail.com
2600,John Taylor,john.taylor.843@mail.net
2601,Jane Johnson,jane.johnson.886@mail.net
2602,John Robinson,john.robinson.579@mail.net
2603,William Ramirez,william.ramirez.623@techcorp.org
2604,Sophia Johnson,sophia.johnson.786@rdbms.dev
2605,Robert Lee,robert.lee.537@rdbms.dev
2606,Ava Smith,ava.smith.278@mail.net
2607,Joseph Lee,joseph.lee.339@mail.net
2608,Mia Lee,mia.lee.231@rdbms.dev
2609,Emma Wilson,emma.wilson.241@mail.net
2610,Olivia Moore,olivia.moore.170@mail.net
2611,Thomas Smith,thomas.smith.343@rdbms.dev
2612,Isabella Martin,isabella.martin.711@example.com
2613,William Lewis,william.lewis.659@techcorp.org
2614,Joseph Harris,joseph.harris.205@testmail.com
2615,Olivia Lewis,olivia.lewis.381@rdbms.dev
2616,Isabella Clark,isabella.clark.490@rdbms.dev
2617,Thomas Brown,thomas.brown.476@testmail.com
2618,Amelia Miller,amelia.miller.573@testmail.com
2619,Thomas Robinson,thomas.robinson.585@rdbms.dev
2620,William Lee,william.lee.100@techcorp.org
2621,Ava White,ava.white.488@techcorp.org
2622,Thomas Robinson,thomas.robinson.629@rdbms.dev
2623,Ava Sanchez,ava.sanchez.244@testmail.com
2624,Olivia Wilson,olivia.wilson.243@testmail.com
2625,Isabella Taylor,isabella.taylor.921@example.com
2626,James Ramirez,james.ramirez.147@testmail.com
2627,William Brown,william.brown.133@mail.net
2628,Ava Wilson,ava.wilson.654@mail.net
2629,Sophia Harris,sophia.harris.283@techcorp.org
2630,Charles White,charles.white.464@techcorp.org
2631,Isabella Wilson,isabella.wilson.480@techcorp.org
2632,Amelia Lee,amelia.lee.319@rdbms.dev
2633,Sophia Thompson,sophia.thompson.814@example.com
2634,Richard Thompson,richard.thompson.611@example.com
2635,Jane Martin,jane.martin.484@techcorp.org
2636,William Thompson,william.thompson.801@techcorp.org
2637,Richard Lewis,richard.lewis.525@example.com
2638,Olivia Clark,olivia.clark.138@testmail.com
2639,Ava Wilson,ava.wilson.692@mail.net
2640,Mia Wilson,mia.wilson.659@techcorp.org
2641,Amelia Thompson,amelia.thompson.900@techcorp.org
2642,Olivia Robinson,olivia.robinson.917@mail.net
2643,William Lee,william.lee.146@mail.net
2644,John Lewis,john.lewis.288@testmail.com
2645,Mia Johnson,mia.johnson.983@example.com
2646,Olivia Lewis,olivia.lewis.169@example.com
2647,Charlotte Brown,charlotte.brown.578@example.com
2648,Ava White,ava.white.103@example.com
2649,Mia Harris,mia.harris.533@testmail.com
2650,Richard Taylor,richard.taylor.120@example.com
2651,William Martin,william.martin.788@techcorp.org
2652,Michael Harris,michael.harris.828@rdbms.dev
2653,Jane Taylor,jane.taylor.379@mail.net
2654,Emma Ramirez,emma.ramirez.538@testmail.com
2655,Amelia White,amelia.white.163@testmail.com
2656,Joseph Walker,joseph.walker.316@testmail.com
2657,Ava Brown,ava.brown.115@rdbms.dev
2658,Mia Wilson,mia.wilson.738@example.com
2659,David White,david.white.540@example.com
2660,Mia Lee,mia.lee.671@mail.net
2661,Sophia Ramirez,sophia.ramirez.429@techcorp.org
2662,Amelia Moore,amelia.moore.959@rdbms.dev
2663,Sophia Brown,sophia.brown.704@testmail.com
2664,Emma Taylor,emma.taylor.465@example.com
2665,Thomas Ramirez,thomas.ramirez.132@rdbms.dev
2666,Isabella Thompson,isabella.thompson.408@mail.net
2667,Jane Martin,jane.martin.786@example.com
2668,Charles Walker,charles.walker.695@techcorp.org
2669,Olivia Johnson,olivia.johnson.998@techcorp.org
2670,Michael Lee,michael.lee.632@techcorp.org
2671,James Wilson,james.wilson.597@rdbms.dev
2672,David Johnson,david.johnson.788@rdbms.dev
2673,Michael Smith,michael.smith.178@techcorp.org
2674,Olivia Taylor,olivia.taylor.135@example.com
2675,Emma Harris,emma.harris.396@testmail.com
2676,Charlotte Brown,charlotte.brown.953@rdbms.dev
2677,Amelia Wilson,amelia.wilson.603@rdbms.dev
2678,David Sanchez,david.sanchez.965@mail.net
2679,James Walker,james.walker.451@example.com
2680,Isabella Clark,isabella.clark.652@testmail.com
2681,Charlotte Ramirez,charlotte.ramirez.236@rdbms.dev
2682,Emma Jackson,emma.jackson.148@mail.net
2683,Charles Johnson,charles.johnson.792@techcorp.org
2684,Isabella Taylor,isabella.taylor.979@techcorp.org
2685,James White,james.white.749@example.com
2686,Michael Robinson,michael.robinson.940@example.com
2687,Amelia Walker,amelia.walker.340@techcorp.org
2688,Richard Robinson,richard.robinson.433@rdbms.dev
2689,James White,james.white.195@techcorp.org
2690,Charles Johnson,charles.johnson.829@testmail.com
2691,Amelia Harris,amelia.harris.273@example.com
2692,Amelia Miller,amelia.miller.796@example.com
2693,Charles Lewis,charles.lewis.689@mail.net
2694,Mia Jackson,mia.jackson.774@techcorp.org
2695,David Sanchez,david.sanchez.308@techcorp.org
2696,Joseph Wilson,joseph.wilson.987@testmail.com
2697,Olivia Miller,olivia.miller.930@testmail.com
2698,Ava Sanchez,ava.sanchez.491@example.com
2699,John Moore,john.moore.752@testmail.com
2700,Amelia Robinson,amelia.robinson.218@testmail.com
2701,David Moore,david.moore.207@techcorp.org
2702,Michael Martin,michael.martin.240@example.com
2703,Amelia Moore,amelia.moore.996@mail.net
2704,Amelia Moore,amelia.moore.878@example.com
2705,John Walker,john.walker.948@testmail.com
2706,John Sanchez,john.sanchez.389@rdbms.dev
2707,John Harris,john.harris.712@testmail.com
2708,Ava Miller,ava.miller.907@techcorp.org
2709,James Johnson,james.johnson.347@testmail.com
2710,Jane Moore,jane.moore.951@rdbms.dev
2711,Sophia Wilson,sophia.wilson.408@mail.net
2712,Robert Miller,robert.miller.438@example.com
2713,James Perez,james.perez.632@techcorp.org
2714,Ava Jackson,ava.jackson.347@techcorp.org
2715,Michael Robinson,michael.robinson.151@example.com
2716,Thomas Taylor,thomas.taylor.549@techcorp.org
2717,Emma Ramirez,emma.ramirez.321@example.com
2718,Charles Wilson,charles.wilson.408@techcorp.org
2719,Joseph Ramirez,joseph.ramirez.983@techcorp.org
2720,William Lewis,william.lewis.113@example.com
2721,Isabella Taylor,isabella.taylor.933@testmail.com
2722,Emma Taylor,emma.taylor.175@techcorp.org
2723,Joseph Sanchez,joseph.sanchez.138@testmail.com
2724,Charlotte Perez,charlotte.perez.109@mail.net
2725,David Walker,david.walker.901@testmail.com
2726,David Perez,david.perez.528@rdbms.dev
2727,David Wilson,david.wilson.852@techcorp.org
2728,Amelia Sanchez,amelia.sanchez.473@rdbms.dev
2729,William Moore,william.moore.787@mail.net
2730,Amelia Sanchez,amelia.sanchez.748@testmail.com
2731,Joseph Thompson,joseph.thompson.618@testmail.com
2732,Robert Wilson,robert.wilson.380@mail.net
2733,Jane Clark,jane.clark.364@mail.net
2734,Emma Johnson,emma.johnson.597@techcorp.org
2735,Michael Walker,michael.walker.120@testmail.com
2736,Isabella Brown,isabella.brown.435@techcorp.org
2737,Thomas Wilson,thomas.wilson.107@testmail.com
2738,William Brown,william.brown.567@example.com
2739,Amelia Jackson,amelia.jackson.429@rdbms.dev
2740,David Lee,david.lee.909@example.com
2741,Jane Harris,jane.harris.634@mail.net
2742,Joseph Sanchez,joseph.sanchez.567@techcorp.org
2743,Charlotte Moore,charlotte.moore.588@mail.net
2744,Emma Harris,emma.harris.806@rdbms.dev
2745,Amelia Moore,amelia.moore.903@testmail.com
2746,William Robinson,william.robinson.451@mail.net
2747,Emma Lewis,emma.lewis.527@example.com
2748,Ava Wilson,ava.wilson.295@techcorp.org
2749,Isabella Robinson,isabella.robinson.720@testmail.com
2750,Charles Wilson,charles.wilson.796@testmail.com
2751,John White,john.white.885@testmail.com
2752,Ava Jackson,ava.jackson.546@mail.net
2753,Emma Walker,emma.walker.101@mail.net
2754,Sophia Moore,sophia.moore.601@techcorp.org
2755,Olivia Wilson,olivia.wilson.470@techcorp.org
2756,Joseph Brown,joseph.brown.964@rdbms.dev
2757,Emma Perez,emma.perez.565@mail.net
2758,James Martin,james.martin.624@techcorp.org
2759,Amelia Brown,amelia.brown.888@testmail.com
2760,William Ramirez,william.ramirez.558@testmail.com
2761,Charles Harris,charles.harris.102@rdbms.dev
2762,Olivia Thompson,olivia.thompson.767@example.com
2763,David Sanchez,david.sanchez.266@techcorp.org
2764,Mia Wilson,mia.wilson.588@techcorp.org
2765,James Thompson,james.thompson.866@techcorp.org
2766,Thomas Lee,thomas.lee.547@example.com
2767,Michael Brown,michael.brown.943@testmail.com
2768,William Lewis,william.lewis.599@techcorp.org
2769,Olivia Lee,olivia.lee.267@techcorp.org
2770,Ava Wilson,ava.wilson.573@example.com
2771,Charlotte Martin,charlotte.martin.734@rdbms.dev
2772,Joseph Sanchez,joseph.sanchez.309@example.com
2773,Charlotte Clark,charlotte.clark.171@techcorp.org
2774,Mia Johnson,mia.johnson.638@techcorp.org
2775,Olivia Walker,olivia.walker.446@rdbms.dev
2776,Joseph Martin,joseph.martin.452@mail.net
2777,Charlotte White,charlotte.white.997@techcorp.org
2778,William White,william.white.899@example.com
2779,Olivia Wilson,olivia.wilson.250@techcorp.org
2780,Sophia Moore,sophia.moore.727@example.com
2781,Thomas Walker,thomas.walker.584@mail.net
2782,Michael Smith,michael.smith.313@testmail.com
2783,Richard Brown,richard.brown.629@example.com
2784,Isabella Walker,isabella.walker.502@example.com
2785,Charles Robinson,charles.robinson.311@techcorp.org
2786,Thomas Walker,thomas.walker.308@mail.net
2787,Richard Clark,richard.clark.907@example.com
2788,John Walker,john.walker.932@example.com
2789,James Wilson,james.wilson.839@mail.net
2790,Emma Wilson,emma.wilson.514@mail.net
2791,Ava Clark,ava.clark.309@techcorp.org
2792,Olivia Miller,olivia.miller.380@techcorp.org
2793,Emily Brown,emily.brown.147@testmail.com
2794,Mia Walker,mia.walker.245@mail.net
2795,Emily Robinson,emily.robinson.365@techcorp.org
2796,Emily Taylor,emily.taylor.158@testmail.com
2797,Joseph Harris,joseph.harris.171@techcorp.org
2798,David Moore,david.moore.863@example.com
2799,Olivia Brown,olivia.brown.578@testmail.com
2800,Olivia Lee,olivia.lee.376@testmail.com
2801,David Taylor,david.taylor.209@mail.net
2802,Mia Taylor,mia.taylor.158@rdbms.dev
2803,John Clark,john.clark.533@rdbms.dev
2804,Joseph Jackson,joseph.jackson.266@example.com
2805,Joseph Lewis,joseph.lewis.708@testmail.com
2806,Charlotte Lewis,charlotte.lewis.873@example.com
2807,Richard Martin,richard.martin.569@testmail.com
2808,Thomas Taylor,thomas.taylor.590@techcorp.org
2809,Emma Lewis,emma.lewis.124@rdbms.dev
2810,John Jackson,john.jackson.373@mail.net
2811,Robert Brown,robert.brown.603@techcorp.org
2812,Mia Harris,mia.harris.247@example.com
2813,Emily Lewis,emily.lewis.320@rdbms.dev
2814,Amelia Lewis,amelia.lewis.175@rdbms.dev
2815,William Lee,william.lee.243@example.com
2816,Jane Martin,jane.martin.795@example.com
2817,Richard Taylor,richard.taylor.371@mail.net
2818,Mia Martin,mia.martin.714@rdbms.dev
2819,Jane Moore,jane.moore.279@techcorp.org
2820,Ava Smith,ava.smith.748@techcorp.org
2821,Sophia Ramirez,sophia.ramirez.878@mail.net
2822,Richard Martin,richard.martin.499@techcorp.org
2823,Charlotte Lee,charlotte.lee.788@rdbms.dev
2824,Emma Miller,emma.miller.619@testmail.com
2825,Isabella Miller,isabella.miller.670@example.com
2826,Amelia Walker,amelia.walker.191@testmail.com
2827,Amelia Perez,amelia.perez.222@techcorp.org
2828,Robert Ramirez,robert.ramirez.526@testmail.com
2829,Charlotte Perez,charlotte.perez.651@rdbms.dev
2830,John White,john.white.836@techcorp.org
2831,John Lee,john.lee.693@rdbms.dev
2832,Emma Robinson,emma.robinson.760@rdbms.dev
2833,Emma Harris,emma.harris.484@example.com
2834,Joseph Jackson,joseph.jackson.149@mail.net
2835,Thomas Moore,thomas.moore.504@example.com
2836,Jane Perez,jane.perez.148@rdbms.dev
2837,Emma Taylor,emma.taylor.616@mail.net
2838,Charlotte Thompson,charlotte.thompson.451@rdbms.dev
2839,Emma Robinson,emma.robinson.895@testmail.com
2840,Ava Wilson,ava.wilson.217@example.com
2841,Robert Walker,robert.walker.225@example.com
2842,Ava Moore,ava.moore.147@example.com
2843,Sophia Clark,sophia.clark.776@testmail.com
2844,Emily Miller,emily.miller.612@mail.net
2845,Emma Smith,emma.smith.154@testmail.com
2846,Amelia Ramirez,amelia.ramirez.688@example.com
2847,Michael Sanchez,michael.sanchez.271@example.com
2848,James White,james.white.108@mail.net
2849,Michael Moore,michael.moore.920@techcorp.org
2850,Jane Taylor,jane.taylor.358@rdbms.dev
2851,Amelia Harris,amelia.harris.348@techcorp.org
2852,Isabella Wilson,isabella.wilson.972@rdbms.dev
2853,Mia Wilson,mia.wilson.703@example.com
2854,Charlotte Moore,charlotte.moore.518@testmail.com
2855,Ava Brown,ava.brown.884@rdbms.dev
2856,Olivia Taylor,olivia.taylor.962@example.com
2857,Michael Ramirez,michael.ramirez.558@testmail.com
2858,James Walker,james.walker.961@mail.net
2859,Richard Lee,richard.lee.672@techcorp.org
2860,Amelia Sanchez,amelia.sanchez.301@techcorp.org
2861,Ava Clark,ava.clark.257@mail.net
2862,Amelia Robinson,amelia.robinson.103@mail.net
2863,Emma Johnson,emma.johnson.324@rdbms.dev
2864,David Smith,david.smith.344@testmail.com
2865,Sophia White,sophia.white.926@techcorp.org
2866,Olivia Taylor,olivia.taylor.634@testmail.com
2867,Emily Harris,emily.harris.840@example.com
2868,Charles Clark,charles.clark.816@rdbms.dev
2869,Charlotte Wilson,charlotte.wilson.924@techcorp.org
2870,Joseph Moore,joseph.moore.118@mail.net
2871,Olivia Thompson,olivia.thompson.139@rdbms.dev
2872,Robert Robinson,robert.robinson.254@techcorp.org
2873,Ava Smith,ava.smith.566@testmail.com
2874,John Smith,john.smith.114@techcorp.org
2875,Ava Thompson,ava.thompson.733@testmail.com
2876,John Moore,john.moore.956@rdbms.dev
2877,Ava Robinson,ava.robinson.934@rdbms.dev
2878,Thomas Thompson,thomas.thompson.268@example.com
2879,Thomas Miller,thomas.miller.329@rdbms.dev
2880,Ava Perez,ava.perez.663@testmail.com
2881,Thomas White,thomas.white.928@example.com
2882,Olivia Robinson,olivia.robinson.131@rdbms.dev
2883,James Harris,james.harris.693@rdbms.dev
2884,Michael Martin,michael.martin.159@rdbms.dev
2885,Olivia Martin,olivia.martin.667@example.com
2886,Thomas Moore,thomas.moore.675@rdbms.dev
2887,Robert Brown,robert.brown.651@techcorp.org
2888,Charles Wilson,charles.wilson.853@example.com
2889,Thomas Lee,thomas.lee.272@mail.net
2890,Mia Martin,mia.martin.957@mail.net
2891,Isabella Walker,isabella.walker.549@mail.net
2892,Emma Johnson,emma.johnson.668@testmail.com
2893,Charles Perez,charles.perez.678@mail.net
2894,Richard Clark,richard.clark.768@mail.net
2895,Charles Brown,charles.brown.369@example.com
2896,William Robinson,william.robinson.748@example.com
2897,Emma White,emma.white.862@rdbms.dev
2898,Ava Miller,ava.miller.360@example.com
2899,Emily Harris,emily.harris.378@techcorp.org
2900,John Thompson,john.thompson.595@rdbms.dev
2901,Michael Perez,michael.perez.910@techcorp.org
2902,Amelia Perez,amelia.perez.611@techcorp.org
2903,James Clark,james.clark.876@mail.net
2904,David Thompson,david.thompson.998@rdbms.dev
2905,Charlotte Lewis,charlotte.lewis.119@testmail.com
2906,Emma Ramirez,emma.ramirez.321@testmail.com
2907,Olivia Lewis,olivia.lewis.782@mail.net
2908,Jane Clark,jane.clark.573@rdbms.dev
2909,James Miller,james.miller.808@testmail.com
2910,Richard Ramirez,richard.ramirez.589@mail.net
2911,Ava Taylor,ava.taylor.877@techcorp.org
2912,Charlotte Jackson,charlotte.jackson.921@mail.net
2913,Richard Taylor,richard.taylor.292@testmail.com
2914,Thomas Lewis,thomas.lewis.212@techcorp.org
2915,Isabella White,isabella.white.879@mail.net
2916,Charlotte Perez,charlotte.perez.552@mail.net
2917,William Ramirez,william.ramirez.533@testmail.com
2918,William Harris,william.harris.560@techcorp.org
2919,Amelia Thompson,amelia.thompson.433@testmail.com
2920,Michael Clark,michael.clark.872@testmail.com
2921,Thomas Lewis,thomas.lewis.245@mail.net
2922,Emma Walker,emma.walker.999@testmail.com
2923,William Johnson,william.johnson.521@rdbms.dev
2924,Isabella Jackson,isabella.jackson.449@techcorp.org
2925,James Brown,james.brown.166@testmail.com
2926,Ava Smith,ava.smith.448@example.com
2927,Thomas Brown,thomas.brown.715@example.com
2928,Joseph White,joseph.white.406@rdbms.dev
2929,Amelia Harris,amelia.harris.612@mail.net
2930,Thomas Sanchez,thomas.sanchez.223@mail.net
2931,Joseph Smith,joseph.smith.140@mail.net
2932,Charles Thompson,charles.thompson.878@rdbms.dev
2933,John Lewis,john.lewis.966@mail.net
2934,James Perez,james.perez.810@rdbms.dev
2935,Robert Jackson,robert.jackson.943@techcorp.org
2936,Joseph Perez,joseph.perez.524@example.com
2937,John Johnson,john.johnson.617@rdbms.dev
2938,Isabella Miller,isabella.miller.234@techcorp.org
2939,Sophia Lee,sophia.lee.832@mail.net
2940,Emma White,emma.white.987@rdbms.dev
2941,Sophia Perez,sophia.perez.165@testmail.com
2942,Isabella Lee,isabella.lee.983@example.com
2943,Joseph Jackson,joseph.jackson.519@techcorp.org
2944,Ava Miller,ava.miller.195@rdbms.dev
2945,Thomas Clark,thomas.clark.256@mail.net
2946,James Taylor,james.taylor.520@rdbms.dev
2947,Mia Lee,mia.lee.250@mail.net
2948,Emily Wilson,emily.wilson.771@rdbms.dev
2949,Charlotte Perez,charlotte.perez.690@testmail.com
2950,William Wilson,william.wilson.492@example.com
2951,Isabella Perez,isabella.perez.835@techcorp.org
2952,Richard Perez,richard.perez.879@example.com
2953,David Clark,david.clark.729@testmail.com
2954,Isabella Clark,isabella.clark.284@testmail.com
2955,James Johnson,james.johnson.376@mail.net
2956,Charlotte Clark,charlotte.clark.428@testmail.com
2957,Mia Sanchez,mia.sanchez.215@techcorp.org
2958,Olivia Jackson,olivia.jackson.624@example.com
2959,Jane Taylor,jane.taylor.114@rdbms.dev
2960,Ava Sanchez,ava.sanchez.483@mail.net
2961,William Martin,william.martin.525@testmail.com
2962,John Thompson,john.thompson.769@rdbms.dev
2963,Mia Harris,mia.harris.903@techcorp.org
2964,Richard Ramirez,richard.ramirez.640@rdbms.dev
2965,Olivia Taylor,olivia.taylor.944@testmail.com
2966,Joseph Sanchez,joseph.sanchez.769@techcorp.org
2967,Michael Wilson,michael.wilson.436@example.com
2968,William Taylor,william.taylor.173@techcorp.org
2969,Thomas White,thomas.white.493@testmail.com
2970,Jane White,jane.white.468@rdbms.dev
2971,Joseph Walker,joseph.walker.133@rdbms.dev
2972,Isabella White,isabella.white.769@techcorp.org
2973,Emma Smith,emma.smith.143@mail.net
2974,Ava Sanchez,ava.sanchez.223@techcorp.org
2975,Charles Martin,charles.martin.204@mail.net
2976,Amelia Lee,amelia.lee.959@rdbms.dev
2977,James Robinson,james.robinson.314@mail.net
2978,Thomas Harris,thomas.harris.722@example.com
2979,Joseph Ramirez,joseph.ramirez.235@techcorp.org
2980,Sophia Lee,sophia.lee.959@rdbms.dev
2981,Emily Miller,emily.miller.597@rdbms.dev
2982,Emma Robinson,emma.robinson.793@mail.net
2983,Isabella Wilson,isabella.wilson.148@rdbms.dev
2984,Amelia Smith,amelia.smith.496@techcorp.org
2985,Isabella Walker,isabella.walker.371@example.com
2986,Emily Miller,emily.miller.761@mail.net
2987,James Brown,james.brown.164@mail.net
2988,Sophia Miller,sophia.miller.385@mail.net
2989,Charlotte Sanchez,charlotte.sanchez.821@techcorp.org
2990,Charlotte Brown,charlotte.brown.405@testmail.com
2991,Ava Jackson,ava.jackson.262@mail.net
2992,Sophia Lewis,sophia.lewis.226@example.com
2993,Emma Perez,emma.perez.229@testmail.com
2994,Charlotte Brown,charlotte.brown.436@example.com
2995,Jane Brown,jane.brown.152@example.com
2996,Ava Johnson,ava.johnson.978@techcorp.org
2997,James Martin,james.martin.806@rdbms.dev
2998,Robert Smith,robert.smith.124@rdbms.dev
2999,David Perez,david.perez.557@mail.net
3000,John White,john.white.759@techcorp.org
3001,Ava Moore,ava.moore.143@testmail.com
3002,Richard Brown,richard.brown.666@example.com
3003,Emma Taylor,emma.taylor.508@example.com
3004,James Smith,james.smith.770@rdbms.dev
3005,Ava Walker,ava.walker.363@example.com
3006,James Sanchez,james.sanchez.263@example.com
3007,Emily Brown,emily.brown.241@example.com
3008,Jane Sanchez,jane.sanchez.180@techcorp.org
3009,Ava Perez,ava.perez.535@mail.net
3010,David Moore,david.moore.315@rdbms.dev
3011,Emily Martin,emily.martin.823@techcorp.org
3012,David Taylor,david.taylor.478@rdbms.dev
3013,Charles Brown,charles.brown.155@rdbms.dev
3014,James Clark,james.clark.672@techcorp.org
3015,Thomas Wilson,thomas.wilson.673@rdbms.dev
3016,John Martin,john.martin.844@mail.net
3017,Mia Lewis,mia.lewis.137@example.com
3018,Sophia Jackson,sophia.jackson.797@example.com
3019,Mia Miller,mia.miller.469@techcorp.org
3020,Charlotte Sanchez,charlotte.sanchez.103@testmail.com
3021,James Moore,james.moore.963@techcorp.org
3022,David Taylor,david.taylor.806@testmail.com
3023,Amelia White,amelia.white.805@testmail.com
3024,Olivia Ramirez,olivia.ramirez.854@testmail.com
3025,Charlotte Taylor,charlotte.taylor.599@example.com
3026,Olivia Brown,olivia.brown.788@example.com
3027,John Lewis,john.lewis.557@techcorp.org
3028,Charles Perez,charles.perez.248@mail.net
3029,Robert Robinson,robert.robinson.220@example.com
3030,William Johnson,william.johnson.225@techcorp.org
3031,James Wilson,james.wilson.315@testmail.com
3032,Thomas Miller,thomas.miller.203@testmail.com
3033,Olivia Robinson,olivia.robinson.973@mail.net
3034,William Clark,william.clark.303@rdbms.dev
3035,Emma Wilson,emma.wilson.763@example.com
3036,John Sanchez,john.sanchez.737@techcorp.org
3037,Sophia Walker,sophia.walker.419@techcorp.org
3038,William Harris,william.harris.711@example.com
3039,James Perez,james.perez.406@rdbms.dev
3040,William Lee,william.lee.511@rdbms.dev
3041,Richard Wilson,richard.wilson.487@testmail.com
3042,Thomas Wilson,thomas.wilson.207@example.com
3043,Robert Brown,robert.brown.786@techcorp.org
3044,Michael Ramirez,michael.ramirez.595@testmail.com
3045,Jane Martin,jane.martin.301@testmail.com
3046,Amelia Jackson,amelia.jackson.707@mail.net
3047,Robert Miller,robert.miller.311@testmail.com
3048,Amelia Taylor,amelia.taylor.255@mail.net
3049,Jane Walker,jane.walker.794@techcorp.org
3050,Jane Clark,jane.clark.809@example.com
3051,Emily Robinson,emily.robinson.247@mail.net
3052,Robert Harris,robert.harris.595@testmail.com
3053,Richard Brown,richard.brown.272@mail.net
3054,Olivia Perez,olivia.perez.541@testmail.com
3055,Olivia Miller,olivia.miller.587@rdbms.dev
3056,Mia Jackson,mia.jackson.886@rdbms.dev
3057,William Lee,william.lee.131@mail.net
3058,Charles Johnson,charles.johnson.454@rdbms.dev
3059,Isabella Harris,isabella.harris.693@example.com
3060,Charlotte Robinson,charlotte.robinson.202@techcorp.org
3061,Charles Moore,charles.moore.489@mail.net
3062,Isabella Johnson,isabella.johnson.376@techcorp.org
3063,Emily Brown,emily.brown.370@mail.net
3064,Michael Walker,michael.walker.215@rdbms.dev
3065,Ava Brown,ava.brown.525@testmail.com
3066,Jane White,jane.white.569@testmail.com
3067,David Harris,david.harris.929@techcorp.org
3068,William Sanchez,william.sanchez.138@mail.net
3069,Joseph Harris,joseph.harris.664@example.com
3070,Joseph White,joseph.white.384@testmail.com
3071,Richard Martin,richard.martin.726@techcorp.org
3072,Joseph Brown,joseph.brown.299@example.com
3073,Charlotte Smith,charlotte.smith.539@testmail.com
3074,Olivia Sanchez,olivia.sanchez.373@mail.net
3075,David Miller,david.miller.994@techcorp.org
3076,Thomas Walker,thomas.walker.112@mail.net
3077,David Lewis,david.lewis.311@mail.net
3078,Sophia Thompson,sophia.thompson.253@techcorp.org
3079,Sophia White,sophia.white.659@mail.net
3080,Charles Lee,charles.lee.164@testmail.com
3081,David Thompson,david.thompson.876@mail.net
3082,Isabella Robinson,isabella.robinson.310@example.com
3083,Amelia Perez,amelia.perez.793@techcorp.org
3084,Richard Clark,richard.clark.291@techcorp.org
3085,Emma Brown,emma.brown.179@example.com
3086,Joseph Taylor,joseph.taylor.240@testmail.com
3087,Joseph Clark,joseph.clark.128@mail.net
3088,Mia Thompson,mia.thompson.715@techcorp.org
3089,Joseph Jackson,joseph.jackson.794@rdbms.dev
3090,Richard Clark,richard.clark.315@techcorp.org
3091,Emily Brown,emily.brown.835@mail.net
3092,Thomas Jackson,thomas.jackson.564@example.com
3093,Thomas Perez,thomas.perez.782@mail.net
3094,Emily Jackson,emily.jackson.547@techcorp.org
3095,Jane Walker,jane.walker.722@rdbms.dev
3096,Charles Clark,charles.clark.686@mail.net
3097,Michael Jackson,michael.jackson.809@rdbms.dev
3098,Emma Moore,emma.moore.297@testmail.com
3099,Emily Lewis,emily.lewis.355@testmail.com
3100,Thomas Wilson,thomas.wilson.853@rdbms.dev
3101,Jane Walker,jane.walker.564@rdbms.dev
3102,Emily Thompson,emily.thompson.300@techcorp.org
3103,Joseph Perez,joseph.perez.622@example.com
3104,Mia Johnson,mia.johnson.103@rdbms.dev
3105,Sophia Taylor,sophia.taylor.242@rdbms.dev
3106,James Ramirez,james.ramirez.620@example.com
3107,Robert Smith,robert.smith.393@example.com
3108,Charles Miller,charles.miller.161@rdbms.dev
3109,Olivia Martin,olivia.martin.188@techcorp.org
3110,Isabella Lee,isabella.lee.547@mail.net
3111,Jane Brown,jane.brown.767@techcorp.org
3112,John Clark,john.clark.432@mail.net
3113,Isabella Walker,isabella.walker.450@testmail.com
3114,Emily Moore,emily.moore.428@testmail.com
3115,William Harris,william.harris.437@example.com
3116,Thomas Lewis,thomas.lewis.849@techcorp.org
3117,Charles Taylor,charles.taylor.130@mail.net
3118,Michael Clark,michael.clark.988@techcorp.org
3119,James Ramirez,james.ramirez.979@example.com
3120,William Miller,william.miller.237@mail.net
3121,David Wilson,david.wilson.334@testmail.com
3122,Isabella Moore,isabella.moore.387@techcorp.org
3123,Emma Robinson,emma.robinson.539@rdbms.dev
3124,Richard Lee,richard.lee.384@testmail.com
3125,Joseph Jackson,joseph.jackson.785@testmail.com
3126,Richard Jackson,richard.jackson.646@mail.net
3127,Jane Moore,jane.moore.239@techcorp.org
3128,James Miller,james.miller.825@rdbms.dev
3129,Emily Harris,emily.harris.799@example.com
3130,Jane Miller,jane.miller.249@rdbms.dev
3131,Robert Clark,robert.clark.239@mail.net
3132,Amelia Jackson,amelia.jackson.929@techcorp.org
3133,Richard Martin,richard.martin.698@techcorp.org
3134,Robert Lewis,robert.lewis.662@mail.net
3135,John Clark,john.clark.102@testmail.com
3136,Emily Lee,emily.lee.961@testmail.com
3137,Jane Harris,jane.harris.203@mail.net
3138,Joseph Lee,joseph.lee.842@techcorp.org
3139,Ava Miller,ava.miller.599@testmail.com
3140,Robert White,robert.white.411@testmail.com
3141,Joseph Miller,joseph.miller.143@testmail.com
3142,William Brown,william.brown.542@testmail.com
3143,William Smith,william.smith.959@rdbms.dev
3144,Thomas Miller,thomas.miller.739@mail.net
3145,Olivia Sanchez,olivia.sanchez.934@rdbms.dev
3146,Sophia Moore,sophia.moore.289@techcorp.org
3147,Jane Miller,jane.miller.488@example.com
3148,James Ramirez,james.ramirez.692@rdbms.dev
3149,Charlotte Brown,charlotte.brown.188@testmail.com
3150,Sophia Lewis,sophia.lewis.637@techcorp.org
3151,John Jackson,john.jackson.426@testmail.com
3152,David Taylor,david.taylor.495@rdbms.dev
3153,Sophia Perez,sophia.perez.866@testmail.com
3154,John Martin,john.martin.854@mail.net
3155,David Brown,david.brown.798@testmail.com
3156,Amelia Smith,amelia.smith.876@mail.net
3157,James Perez,james.perez.511@mail.net
3158,John Walker,john.walker.370@mail.net
3159,Thomas Walker,thomas.walker.171@techcorp.org
3160,Thomas Harris,thomas.harris.226@techcorp.org
3161,Ava Johnson,ava.johnson.135@testmail.com
3162,Amelia White,amelia.white.348@techcorp.org
3163,Sophia Johnson,sophia.johnson.465@mail.net
3164,James Thompson,james.thompson.448@testmail.com
3165,Emma Moore,emma.moore.832@rdbms.dev
3166,Charlotte Clark,charlotte.clark.605@example.com
3167,Robert Clark,robert.clark.610@techcorp.org
3168,Michael White,michael.white.614@example.com
3169,Mia Lewis,mia.lewis.865@rdbms.dev
3170,Olivia Moore,olivia.moore.683@testmail.com
3171,Robert White,robert.white.478@techcorp.org
3172,Jane Robinson,jane.robinson.679@techcorp.org
3173,James Thompson,james.thompson.812@testmail.com
3174,John White,john.white.871@rdbms.dev
3175,Joseph White,joseph.white.148@example.com
3176,Richard Sanchez,richard.sanchez.242@mail.net
3177,Joseph Moore,joseph.moore.753@techcorp.org
3178,Charles Martin,charles.martin.574@techcorp.org
3179,Ava Ramirez,ava.ramirez.851@testmail.com
3180,Amelia Jackson,amelia.jackson.292@testmail.com
3181,Charlotte Wilson,charlotte.wilson.293@rdbms.dev
3182,John Taylor,john.taylor.216@example.com
3183,Amelia Brown,amelia.brown.826@mail.net
3184,Richard White,richard.white.929@rdbms.dev
3185,Amelia Brown,amelia.brown.602@techcorp.org
3186,Mia Thompson,mia.thompson.218@techcorp.org
3187,Isabella Taylor,isabella.taylor.715@techcorp.org
3188,Charles Lewis,charles.lewis.883@techcorp.org
3189,Mia Martin,mia.martin.103@rdbms.dev
3190,Emma Thompson,emma.thompson.872@rdbms.dev
3191,Michael Lee,michael.lee.611@mail.net
3192,Michael Perez,michael.perez.964@techcorp.org
3193,Mia Johnson,mia.johnson.770@rdbms.dev
3194,William Wilson,william.wilson.410@techcorp.org
3195,Thomas Johnson,thomas.johnson.732@techcorp.org
3196,Amelia Robinson,amelia.robinson.128@techcorp.org
3197,Joseph Lee,joseph.lee.544@techcorp.org
3198,Thomas Moore,thomas.moore.207@testmail.com
3199,Robert Jackson,robert.jackson.866@mail.net
3200,David Johnson,david.johnson.444@rdbms.dev
3201,Isabella Lee,isabella.lee.384@example.com
3202,Richard Sanchez,richard.sanchez.614@example.com
3203,Ava Taylor,ava.taylor.287@example.com
3204,Amelia Jackson,amelia.jackson.333@techcorp.org
3205,David Perez,david.perez.823@testmail.com
3206,Jane Harris,jane.harris.164@mail.net
3207,Robert Wilson,robert.wilson.811@rdbms.dev
3208,John Martin,john.martin.624@example.com
3209,William Clark,william.clark.213@mail.net
3210,Richard Taylor,richard.taylor.599@mail.net
3211,Mia Ramirez,mia.ramirez.682@techcorp.org
3212,Charles White,charles.white.200@rdbms.dev
3213,Emily Taylor,emily.taylor.206@techcorp.org
3214,Amelia Taylor,amelia.taylor.627@rdbms.dev
3215,Joseph Perez,joseph.perez.254@rdbms.dev
3216,William Clark,william.clark.278@techcorp.org
3217,James Taylor,james.taylor.862@example.com
3218,Charlotte Taylor,charlotte.taylor.920@example.com
3219,Charlotte Harris,charlotte.harris.581@testmail.com
3220,Isabella Taylor,isabella.taylor.166@example.com
3221,Charlotte Thompson,charlotte.thompson.895@techcorp.org
3222,Jane Brown,jane.brown.899@testmail.com
3223,Joseph Robinson,joseph.robinson.722@mail.net
3224,Emma Jackson,emma.jackson.106@testmail.com
3225,Joseph Ramirez,joseph.ramirez.837@example.com
3226,Michael Thompson,michael.thompson.547@testmail.com
3227,William Moore,william.moore.903@example.com
3228,Amelia Walker,amelia.walker.663@rdbms.dev
3229,Emma Miller,emma.miller.449@mail.net
3230,Jane Ramirez,jane.ramirez.934@rdbms.dev
3231,Isabella Perez,isabella.perez.183@techcorp.org
3232,Olivia Miller,olivia.miller.985@mail.net
3233,Charles Clark,charles.clark.815@techcorp.org
3234,Mia Thompson,mia.thompson.712@example.com
3235,Joseph Jackson,joseph.jackson.170@testmail.com
3236,Emma Moore,emma.moore.190@techcorp.org
3237,Mia Taylor,mia.taylor.781@example.com
3238,Joseph Wilson,joseph.wilson.831@mail.net
3239,Richard Martin,richard.martin.270@testmail.com
3240,Charles Lee,charles.lee.760@techcorp.org
3241,John Johnson,john.johnson.435@mail.net
3242,David Johnson,david.johnson.498@techcorp.org
3243,Charles Jackson,charles.jackson.144@mail.net
3244,Jane Clark,jane.clark.193@rdbms.dev
3245,John White,john.white.701@testmail.com
3246,Richard Sanchez,richard.sanchez.230@techcorp.org
3247,Ava Clark,ava.clark.457@techcorp.org
3248,Richard Smith,richard.smith.736@techcorp.org
3249,Charles Martin,charles.martin.982@testmail.com
3250,Ava Lee,ava.lee.980@testmail.com
3251,Charles Jackson,charles.jackson.557@rdbms.dev
3252,Jane Lewis,jane.lewis.244@example.com
3253,Ava Harris,ava.harris.835@rdbms.dev
3254,Thomas Lewis,thomas.lewis.868@testmail.com
3255,Charles Johnson,charles.johnson.150@rdbms.dev
3256,Richard Miller,richard.miller.483@testmail.com
3257,Charles Johnson,charles.johnson.802@techcorp.org
3258,John Walker,john.walker.269@mail.net
3259,Thomas Wilson,thomas.wilson.290@rdbms.dev
3260,William Robinson,william.robinson.418@testmail.com
3261,Thomas Johnson,thomas.johnson.364@techcorp.org
3262,Olivia Smith,olivia.smith.419@example.com
3263,Charles Miller,charles.miller.416@example.com
3264,Jane White,jane.white.545@rdbms.dev
3265,Thomas Perez,thomas.perez.499@techcorp.org
3266,Amelia Walker,amelia.walker.492@mail.net
3267,Isabella Miller,isabella.miller.438@example.com
3268,John Clark,john.clark.429@techcorp.org
3269,Charles White,charles.white.444@example.com
3270,Isabella Sanchez,isabella.sanchez.518@testmail.com
3271,Amelia Wilson,amelia.wilson.190@mail.net
3272,David Smith,david.smith.327@example.com
3273,Emma Robinson,emma.robinson.367@rdbms.dev
3274,Amelia Lewis,amelia.lewis.367@mail.net
3275,Charlotte Clark,charlotte.clark.628@mail.net
3276,Robert Ramirez,robert.ramirez.391@mail.net
3277,Sophia Johnson,sophia.johnson.417@techcorp.org
3278,Joseph Robinson,joseph.robinson.607@techcorp.org
3279,Ava Harris,ava.harris.817@testmail.com
3280,Olivia Smith,olivia.smith.487@mail.net
3281,Emma Perez,emma.perez.696@rdbms.dev
3282,Jane Robinson,jane.robinson.238@rdbms.dev
3283,Sophia Jackson,sophia.jackson.939@testmail.com
3284,James Johnson,james.johnson.771@techcorp.org
3285,Olivia Taylor,olivia.taylor.671@testmail.com
3286,Isabella Clark,isabella.clark.574@example.com
3287,Michael Wilson,michael.wilson.844@rdbms.dev
3288,Charlotte Martin,charlotte.martin.762@mail.net
3289,Amelia Sanchez,amelia.sanchez.657@testmail.com
3290,Isabella Miller,isabella.miller.835@testmail.com
3291,Robert Thompson,robert.thompson.314@mail.net
3292,Joseph Brown,joseph.brown.960@techcorp.org
3293,Charlotte Ramirez,charlotte.ramirez.327@techcorp.org
3294,John Jackson,john.jackson.776@example.com
3295,Thomas Lewis,thomas.lewis.275@rdbms.dev
3296,Mia Moore,mia.moore.737@testmail.com
3297,James White,james.white.343@testmail.com
3298,Ava Lewis,ava.lewis.880@mail.net
3299,Sophia Clark,sophia.clark.397@mail.net
3300,John Brown,john.brown.126@rdbms.dev
3301,John White,john.white.709@example.com
3302,Richard Moore,richard.moore.375@mail.net
3303,James Jackson,james.jackson.173@techcorp.org
3304,Charlotte Ramirez,charlotte.ramirez.185@rdbms.dev
3305,Robert Lewis,robert.lewis.677@testmail.com
3306,Ava Perez,ava.perez.472@rdbms.dev
3307,Robert Jackson,robert.jackson.457@testmail.com
3308,Charles Lee,charles.lee.848@mail.net
3309,Olivia Thompson,olivia.thompson.562@rdbms.dev
3310,Thomas Jackson,thomas.jackson.943@rdbms.dev
3311,Thomas Smith,thomas.smith.407@mail.net
3312,William Ramirez,william.ramirez.997@example.com
3313,Jane Taylor,jane.taylor.388@testmail.com
3314,Sophia Moore,sophia.moore.545@techcorp.org
3315,Joseph Sanchez,joseph.sanchez.198@mail.net
3316,Charles Walker,charles.walker.894@rdbms.dev
3317,Robert Jackson,robert.jackson.482@testmail.com
3318,Charlotte Miller,charlotte.miller.225@testmail.com
3319,Richard White,richard.white.623@example.com
3320,Isabella Taylor,isabella.taylor.625@example.com
3321,Isabella Wilson,isabella.wilson.893@mail.net
3322,David Taylor,david.taylor.919@example.com
3323,Charles Taylor,charles.taylor.743@mail.net
3324,Amelia Harris,amelia.harris.682@mail.net
3325,Emily Jackson,emily.jackson.291@rdbms.dev
3326,Robert White,robert.white.623@example.com
3327,Joseph Clark,joseph.clark.501@example.com
3328,James Lee,james.lee.139@rdbms.dev
3329,Richard White,richard.white.736@example.com
3330,Isabella Miller,isabella.miller.289@testmail.com
3331,John Sanchez,john.sanchez.877@example.com
3332,John Thompson,john.thompson.698@example.com
3333,Amelia Martin,amelia.martin.620@example.com
3334,James Smith,james.smith.228@mail.net
3335,Joseph Clark,joseph.clark.355@mail.net
3336,Charlotte Thompson,charlotte.thompson.957@mail.net
3337,Richard White,richard.white.219@rdbms.dev
3338,Joseph Robinson,joseph.robinson.236@techcorp.org
3339,Thomas Thompson,thomas.thompson.662@techcorp.org
3340,William Sanchez,william.sanchez.662@example.com
3341,Robert Smith,robert.smith.396@techcorp.org
3342,Isabella Johnson,isabella.johnson.203@rdbms.dev
3343,Amelia Johnson,amelia.johnson.787@example.com
3344,Emily Clark,emily.clark.121@example.com
3345,Isabella Harris,isabella.harris.819@mail.net
3346,John Lee,john.lee.362@rdbms.dev
3347,James Lewis,james.lewis.210@example.com
3348,Isabella Johnson,isabella.johnson.161@mail.net
3349,John Perez,john.perez.622@rdbms.dev
3350,Ava Smith,ava.smith.135@testmail.com
3351,Michael White,michael.white.190@example.com
3352,Robert Thompson,robert.thompson.700@rdbms.dev
3353,Emily Johnson,emily.johnson.972@example.com
3354,Ava Sanchez,ava.sanchez.177@techcorp.org
3355,William Martin,william.martin.316@testmail.com
3356,William Smith,william.smith.914@example.com
3357,Sophia Harris,sophia.harris.504@rdbms.dev
3358,Ava Martin,ava.martin.341@rdbms.dev
3359,James Thompson,james.thompson.916@mail.net
3360,Richard Lee,richard.lee.457@mail.net
3361,Sophia Brown,sophia.brown.988@rdbms.dev
3362,Ava Moore,ava.moore.773@example.com
3363,David Johnson,david.johnson.526@rdbms.dev
3364,Charles Jackson,charles.jackson.562@mail.net
3365,Sophia Miller,sophia.miller.657@testmail.com
3366,James Harris,james.harris.816@techcorp.org
3367,Charles Walker,charles.walker.568@techcorp.org
3368,Emily Harris,emily.harris.719@rdbms.dev
3369,James Lee,james.lee.343@mail.net
3370,Amelia Moore,amelia.moore.284@testmail.com
3371,Olivia Robinson,olivia.robinson.901@rdbms.dev
3372,Sophia Clark,sophia.clark.291@mail.net
3373,Amelia Harris,amelia.harris.397@testmail.com
3374,James Smith,james.smith.177@testmail.com
3375,William Robinson,william.robinson.799@example.com
3376,Emily Jackson,emily.jackson.257@testmail.com
3377,Emily Wilson,emily.wilson.372@mail.net
3378,Richard Lewis,richard.lewis.989@mail.net
3379,William Sanchez,william.sanchez.540@example.com
3380,Ava Walker,ava.walker.966@testmail.com
3381,Thomas Walker,thomas.walker.308@rdbms.dev
3382,Isabella Moore,isabella.moore.136@techcorp.org
3383,Ava Lee,ava.lee.952@mail.net
3384,Olivia Thompson,olivia.thompson.146@techcorp.org
3385,Emma Johnson,emma.johnson.938@testmail.com
3386,John Johnson,john.johnson.765@testmail.com
3387,William Johnson,william.johnson.762@rdbms.dev
3388,Charlotte Thompson,charlotte.thompson.901@techcorp.org
3389,Robert Johnson,robert.johnson.832@testmail.com
3390,Michael Taylor,michael.taylor.957@mail.net
3391,Emily Thompson,emily.thompson.136@techcorp.org
3392,John Jackson,john.jackson.766@mail.net
3393,Joseph Jackson,joseph.jackson.131@techcorp.org
3394,James Jackson,james.jackson.647@techcorp.org
3395,Joseph Walker,joseph.walker.960@rdbms.dev
3396,Jane Ramirez,jane.ramirez.681@techcorp.org
3397,Olivia Robinson,olivia.robinson.817@mail.net
3398,Ava Ramirez,ava.ramirez.611@mail.net
3399,Emma Brown,emma.brown.859@techcorp.org
3400,Joseph Jackson,joseph.jackson.284@rdbms.dev
3401,Joseph Smith,joseph.smith.328@rdbms.dev
3402,Charles Harris,charles.harris.458@rdbms.dev
3403,Charles Robinson,charles.robinson.784@example.com
3404,Richard Ramirez,richard.ramirez.232@techcorp.org
3405,Isabella Jackson,isabella.jackson.913@testmail.com
3406,Robert Lee,robert.lee.757@example.com
3407,Isabella Ramirez,isabella.ramirez.888@mail.net
3408,Charlotte Robinson,charlotte.robinson.681@techcorp.org
3409,David Ramirez,david.ramirez.921@example.com
3410,Robert Jackson,robert.jackson.697@mail.net
3411,John Martin,john.martin.753@rdbms.dev
3412,David Smith,david.smith.984@example.com
3413,Ava Lee,ava.lee.634@mail.net
3414,Thomas White,thomas.white.375@mail.net
3415,David Clark,david.clark.722@testmail.com
3416,James Taylor,james.taylor.144@techcorp.org
3417,Olivia Harris,olivia.harris.809@example.com
3418,Sophia Brown,sophia.brown.783@testmail.com
3419,Thomas Clark,thomas.clark.251@techcorp.org
3420,Sophia Walker,sophia.walker.267@rdbms.dev
3421,Thomas Johnson,thomas.johnson.709@testmail.com
3422,Emma Miller,emma.miller.686@example.com
3423,Charlotte Lee,charlotte.lee.768@rdbms.dev
3424,Charlotte Harris,charlotte.harris.528@mail.net
3425,John Perez,john.perez.664@example.com
3426,Emma Smith,emma.smith.803@example.com
3427,Thomas Clark,thomas.clark.548@example.com
3428,Michael Clark,michael.clark.730@testmail.com
3429,Charlotte Lewis,charlotte.lewis.209@testmail.com
3430,Joseph Robinson,joseph.robinson.418@mail.net
3431,Joseph Smith,joseph.smith.283@techcorp.org
3432,James Thompson,james.thompson.172@testmail.com
3433,John Wilson,john.wilson.912@mail.net
3434,Charles Miller,charles.miller.395@testmail.com
3435,William Smith,william.smith.293@mail.net
3436,James Smith,james.smith.497@testmail.com
3437,Emily Lee,emily.lee.111@testmail.com
3438,John Thompson,john.thompson.432@techcorp.org
3439,Sophia Ramirez,sophia.ramirez.306@testmail.com
3440,Jane Martin,jane.martin.367@techcorp.org
3441,Isabella Harris,isabella.harris.223@mail.net
3442,Emily Johnson,emily.johnson.351@testmail.com
3443,Mia White,mia.white.660@testmail.com
3444,Charles Johnson,charles.johnson.443@rdbms.dev
3445,Ava Walker,ava.walker.414@example.com
3446,David Harris,david.harris.162@testmail.com
3447,Isabella Clark,isabella.clark.100@example.com
3448,Isabella Harris,isabella.harris.157@mail.net
3449,Charles Taylor,charles.taylor.716@mail.net
3450,Amelia Taylor,amelia.taylor.997@example.com
3451,William Lee,william.lee.468@testmail.com
3452,Emily Wilson,emily.wilson.884@mail.net
3453,Robert Jackson,robert.jackson.919@rdbms.dev
3454,David Martin,david.martin.526@example.com
3455,Olivia Brown,olivia.brown.280@example.com
3456,Isabella Lewis,isabella.lewis.670@testmail.com
3457,Isabella Clark,isabella.clark.105@testmail.com
3458,Amelia Jackson,amelia.jackson.155@techcorp.org
3459,Mia Moore,mia.moore.913@testmail.com
3460,Sophia Moore,sophia.moore.889@testmail.com
3461,Isabella Harris,isabella.harris.296@testmail.com
3462,Emma Wilson,emma.wilson.799@testmail.com
3463,Charles Miller,charles.miller.232@example.com
3464,Ava Perez,ava.perez.584@testmail.com
3465,Amelia Smith,amelia.smith.970@testmail.com
3466,Charlotte Taylor,charlotte.taylor.492@example.com
3467,Sophia Moore,sophia.moore.647@example.com
3468,Charlotte Miller,charlotte.miller.545@techcorp.org
3469,Charles Ramirez,charles.ramirez.882@rdbms.dev
3470,Emma Ramirez,emma.ramirez.685@testmail.com
3471,William Lee,william.lee.642@testmail.com
3472,Charles Smith,charles.smith.270@rdbms.dev
3473,Emma Brown,emma.brown.379@testmail.com
3474,Isabella Moore,isabella.moore.846@rdbms.dev
3475,Isabella Wilson,isabella.wilson.108@mail.net
3476,Joseph Jackson,joseph.jackson.476@techcorp.org
3477,John Brown,john.brown.743@example.com
3478,Charles White,charles.white.663@rdbms.dev
3479,Thomas Miller,thomas.miller.454@testmail.com
3480,Jane Clark,jane.clark.617@testmail.com
3481,James Brown,james.brown.213@techcorp.org
3482,Michael Johnson,michael.johnson.635@example.com
3483,Ava Smith,ava.smith.390@testmail.com
3484,Joseph Harris,joseph.harris.783@mail.net
3485,Isabella Lee,isabella.lee.855@rdbms.dev
3486,James Smith,james.smith.793@techcorp.org
3487,Ava Martin,ava.martin.207@example.com
3488,Joseph Thompson,joseph.thompson.513@techcorp.org
3489,Ava Perez,ava.perez.163@rdbms.dev
3490,Mia Moore,mia.moore.356@mail.net
3491,John Wilson,john.wilson.288@testmail.com
3492,Emma Lewis,emma.lewis.802@testmail.com
3493,Jane Moore,jane.moore.492@techcorp.org
3494,Robert Walker,robert.walker.644@rdbms.dev
3495,Emma Moore,emma.moore.819@mail.net
3496,Olivia Harris,olivia.harris.692@techcorp.org
3497,Charlotte Jackson,charlotte.jackson.458@rdbms.dev
3498,Olivia Robinson,olivia.robinson.327@techcorp.org
3499,Michael Brown,michael.brown.777@testmail.com
3500,Robert Jackson,robert.jackson.507@mail.net
3501,Ava Walker,ava.walker.565@example.com
3502,Charlotte Robinson,charlotte.robinson.579@example.com
3503,James Brown,james.brown.581@example.com
3504,Emily Lewis,emily.lewis.620@techcorp.org
3505,Thomas Clark,thomas.clark.981@testmail.com
3506,Michael Brown,michael.brown.367@example.com
3507,Jane Harris,jane.harris.952@rdbms.dev
3508,Richard White,richard.white.769@example.com
3509,Ava Taylor,ava.taylor.346@testmail.com
3510,Joseph Ramirez,joseph.ramirez.353@rdbms.dev
3511,Charlotte Taylor,charlotte.taylor.785@example.com
3512,Emily Wilson,emily.wilson.264@rdbms.dev
3513,Emma Walker,emma.walker.312@rdbms.dev
3514,Michael Walker,michael.walker.765@rdbms.dev
3515,John White,john.white.152@techcorp.org
3516,Emma Jackson,emma.jackson.955@techcorp.org
3517,Thomas Thompson,thomas.thompson.693@mail.net
3518,Richard Martin,richard.martin.254@techcorp.org
3519,Sophia Perez,sophia.perez.427@techcorp.org
3520,James Ramirez,james.ramirez.996@example.com
3521,John Harris,john.harris.577@techcorp.org
3522,Richard Sanchez,richard.sanchez.989@mail.net
3523,James Moore,james.moore.202@testmail.com
3524,Charlotte Taylor,charlotte.taylor.967@example.com
3525,Charlotte Miller,charlotte.miller.202@techcorp.org
3526,John Lewis,john.lewis.133@testmail.com
3527,Emily Thompson,emily.thompson.515@mail.net
3528,David Martin,david.martin.670@example.com
3529,Olivia Perez,olivia.perez.302@mail.net
3530,David Walker,david.walker.362@example.com
3531,Mia Lee,mia.lee.812@example.com
3532,Jane Moore,jane.moore.374@techcorp.org
3533,Charles Martin,charles.martin.442@mail.net
3534,Charlotte Harris,charlotte.harris.378@testmail.com
3535,David Taylor,david.taylor.178@techcorp.org
3536,Amelia Jackson,amelia.jackson.815@testmail.com
3537,James Jackson,james.jackson.753@mail.net
3538,Charlotte Wilson,charlotte.wilson.427@example.com
3539,Amelia White,amelia.white.195@techcorp.org
3540,Isabella Miller,isabella.miller.646@rdbms.dev
3541,Charles Miller,charles.miller.116@rdbms.dev
3542,Isabella Wilson,isabella.wilson.844@testmail.com
3543,Joseph Thompson,joseph.thompson.526@techcorp.org
3544,Olivia Miller,olivia.miller.464@mail.net
3545,John Perez,john.perez.592@mail.net
3546,William Wilson,william.wilson.850@example.com
3547,Jane Lewis,jane.lewis.621@mail.net
3548,Jane Miller,jane.miller.429@rdbms.dev
3549,John Sanchez,john.sanchez.666@rdbms.dev
3550,Robert Perez,robert.perez.122@techcorp.org
3551,Emily Miller,emily.miller.375@testmail.com
3552,Charlotte Smith,charlotte.smith.322@rdbms.dev
3553,Robert Walker,robert.walker.961@mail.net
3554,John Ramirez,john.ramirez.221@mail.net
3555,Sophia Clark,sophia.clark.954@techcorp.org
3556,Isabella Lewis,isabella.lewis.588@techcorp.org
3557,Emily Sanchez,emily.sanchez.635@rdbms.dev
3558,Michael White,michael.white.478@example.com
3559,Olivia Martin,olivia.martin.403@rdbms.dev
3560,Amelia Wilson,amelia.wilson.131@rdbms.dev
3561,James Robinson,james.robinson.345@rdbms.dev
3562,William Brown,william.brown.904@techcorp.org
3563,Thomas Wilson,thomas.wilson.525@techcorp.org
3564,David Lee,david.lee.865@example.com
3565,Ava Lewis,ava.lewis.713@rdbms.dev
3566,Ava Perez,ava.perez.350@rdbms.dev
3567,Emily Thompson,emily.thompson.919@rdbms.dev
3568,John Robinson,john.robinson.386@techcorp.org
3569,Olivia Walker,olivia.walker.367@mail.net
3570,John Taylor,john.taylor.355@example.com
3571,James Sanchez,james.sanchez.253@example.com
3572,John Jackson,john.jackson.437@mail.net
3573,Jane Jackson,jane.jackson.936@testmail.com
3574,Isabella White,isabella.white.643@rdbms.dev
3575,Jane Perez,jane.perez.689@example.com
3576,Mia Smith,mia.smith.679@testmail.com
3577,William Jackson,william.jackson.861@testmail.com
3578,Olivia Robinson,olivia.robinson.980@example.com
3579,James Johnson,james.johnson.224@techcorp.org
3580,John Ramirez,john.ramirez.398@example.com
3581,Sophia Sanchez,sophia.sanchez.330@rdbms.dev
3582,Ava Perez,ava.perez.720@rdbms.dev
3583,Emily Taylor,emily.taylor.871@example.com
3584,Robert Johnson,robert.johnson.821@techcorp.org
3585,Joseph Clark,joseph.clark.150@techcorp.org
3586,Charlotte Smith,charlotte.smith.764@techcorp.org
3587,Robert White,robert.white.274@mail.net
3588,Thomas Harris,thomas.harris.898@testmail.com
3589,Amelia Sanchez,amelia.sanchez.436@mail.net
3590,David Jackson,david.jackson.738@testmail.com
3591,William Martin,william.martin.357@techcorp.org
3592,Ava Perez,ava.perez.382@rdbms.dev
3593,Michael Sanchez,michael.sanchez.384@testmail.com
3594,Charlotte Perez,charlotte.perez.447@example.com
3595,John Sanchez,john.sanchez.693@testmail.com
3596,Emma Wilson,emma.wilson.271@techcorp.org
3597,Michael Robinson,michael.robinson.499@techcorp.org
3598,James White,james.white.138@example.com
3599,Jane Moore,jane.moore.773@testmail.com
3600,Richard Walker,richard.walker.874@rdbms.dev
3601,Joseph White,joseph.white.782@rdbms.dev
3602,Olivia Wilson,olivia.wilson.607@example.com
3603,James Ramirez,james.ramirez.626@mail.net
3604,Jane Moore,jane.moore.889@example.com
3605,Emily Johnson,emily.johnson.699@example.com
3606,William Brown,william.brown.947@techcorp.org
3607,Michael Martin,michael.martin.915@rdbms.dev
3608,John Robinson,john.robinson.988@techcorp.org
3609,Michael Ramirez,michael.ramirez.985@techcorp.org
3610,Richard Smith,richard.smith.853@mail.net
3611,Isabella Harris,isabella.harris.710@mail.net
3612,Charlotte Lewis,charlotte.lewis.172@rdbms.dev
3613,Richard Thompson,richard.thompson.236@testmail.com
3614,Emma Taylor,emma.taylor.838@rdbms.dev
3615,William Martin,william.martin.519@techcorp.org
3616,Emma Walker,emma.walker.626@techcorp.org
3617,Thomas Wilson,thomas.wilson.380@rdbms.dev
3618,Isabella Jackson,isabella.jackson.873@example.com
3619,John Smith,john.smith.308@mail.net
3620,Emma Thompson,emma.thompson.265@rdbms.dev
3621,Richard Lee,richard.lee.112@techcorp.org
3622,David Harris,david.harris.645@techcorp.org
3623,John Brown,john.brown.280@example.com
3624,David White,david.white.862@rdbms.dev
3625,John Lewis,john.lewis.462@example.com
3626,Jane Robinson,jane.robinson.698@techcorp.org
3627,Amelia Jackson,amelia.jackson.368@example.com
3628,James Robinson,james.robinson.241@mail.net
3629,Sophia Walker,sophia.walker.821@techcorp.org
3630,Richard Lewis,richard.lewis.978@testmail.com
3631,Emily White,emily.white.639@rdbms.dev
3632,Isabella Lee,isabella.lee.225@techcorp.org
3633,David Miller,david.miller.269@techcorp.org
3634,Thomas Taylor,thomas.taylor.431@techcorp.org
3635,Emma Sanchez,emma.sanchez.275@techcorp.org
3636,Charlotte Wilson,charlotte.wilson.324@techcorp.org
3637,Thomas Wilson,thomas.wilson.578@testmail.com
3638,Joseph Ramirez,joseph.ramirez.642@rdbms.dev
3639,Jane Robinson,jane.robinson.765@rdbms.dev
3640,David Johnson,david.johnson.787@example.com
3641,Joseph Walker,joseph.walker.598@rdbms.dev
3642,Mia Wilson,mia.wilson.709@testmail.com
3643,Richard Brown,richard.brown.668@rdbms.dev
3644,Emma Harris,emma.harris.886@example.com
3645,William Clark,william.clark.797@mail.net
3646,Michael Jackson,michael.jackson.270@testmail.com
3647,Ava Jackson,ava.jackson.273@testmail.com
3648,Emma Johnson,emma.johnson.158@rdbms.dev
3649,Robert Thompson,robert.thompson.213@mail.net
3650,Charles Moore,charles.moore.169@rdbms.dev
3651,Robert White,robert.white.993@testmail.com
3652,Michael Clark,michael.clark.488@testmail.com
3653,Emily Miller,emily.miller.863@mail.net
3654,Thomas Brown,thomas.brown.507@rdbms.dev
3655,Sophia Robinson,sophia.robinson.867@rdbms.dev
3656,Mia Harris,mia.harris.616@testmail.com
3657,Sophia Johnson,sophia.johnson.655@techcorp.org
3658,David Harris,david.harris.612@rdbms.dev
3659,Joseph Lee,joseph.lee.320@rdbms.dev
3660,Ava Harris,ava.harris.982@testmail.com
3661,Sophia Wilson,sophia.wilson.709@mail.net
3662,William Taylor,william.taylor.138@mail.net
3663,Michael Taylor,michael.taylor.498@mail.net
3664,Amelia Johnson,amelia.johnson.468@rdbms.dev
3665,Charlotte Walker,charlotte.walker.885@rdbms.dev
3666,William Harris,william.harris.991@rdbms.dev
3667,William Taylor,william.taylor.764@techcorp.org
3668,Michael Moore,michael.moore.413@rdbms.dev
3669,Ava Lee,ava.lee.522@testmail.com
3670,William Walker,william.walker.559@testmail.com
3671,Charlotte Wilson,charlotte.wilson.855@testmail.com
3672,Charles Clark,charles.clark.670@techcorp.org
3673,John Miller,john.miller.502@mail.net
3674,David Lee,david.lee.691@example.com
3675,Michael Robinson,michael.robinson.393@testmail.com
3676,Sophia Sanchez,sophia.sanchez.669@example.com
3677,Joseph Ramirez,joseph.ramirez.946@mail.net
3678,William Wilson,william.wilson.542@testmail.com
3679,John Walker,john.walker.862@techcorp.org
3680,Jane Harris,jane.harris.863@rdbms.dev
3681,John Martin,john.martin.270@testmail.com
3682,Thomas Sanchez,thomas.sanchez.726@rdbms.dev
3683,Mia Martin,mia.martin.175@rdbms.dev
3684,Joseph Robinson,joseph.robinson.776@example.com
3685,Richard Johnson,richard.johnson.416@rdbms.dev
3686,Olivia Thompson,olivia.thompson.499@testmail.com
3687,Mia Miller,mia.miller.965@rdbms.dev
3688,Jane Taylor,jane.taylor.555@testmail.com
3689,Emma Miller,emma.miller.388@example.com
3690,Charlotte Sanchez,charlotte.sanchez.996@testmail.com
3691,Amelia Clark,amelia.clark.167@example.com
3692,Charles Thompson,charles.thompson.786@rdbms.dev
3693,Mia Walker,mia.walker.726@techcorp.org
3694,Olivia Lee,olivia.lee.204@rdbms.dev
3695,Jane Johnson,jane.johnson.581@example.com
3696,Olivia Jackson,olivia.jackson.296@techcorp.org
3697,William Brown,william.brown.437@techcorp.org
3698,Amelia Walker,amelia.walker.366@testmail.com
3699,Emma Smith,emma.smith.549@mail.net
3700,Isabella Sanchez,isabella.sanchez.561@testmail.com
3701,Richard Sanchez,richard.sanchez.966@testmail.com
3702,John Moore,john.moore.360@testmail.com
3703,Sophia Martin,sophia.martin.991@example.com
3704,Joseph Ramirez,joseph.ramirez.346@rdbms.dev
3705,William Smith,william.smith.558@techcorp.org
3706,Robert Robinson,robert.robinson.558@mail.net
3707,Thomas Harris,thomas.harris.698@mail.net
3708,Ava Thompson,ava.thompson.511@example.com
3709,David Smith,david.smith.230@example.com
3710,John Harris,john.harris.455@mail.net
3711,John Harris,john.harris.864@example.com
3712,William Smith,william.smith.234@techcorp.org
3713,John Taylor,john.taylor.509@rdbms.dev
3714,Mia Perez,mia.perez.555@testmail.com
3715,Charles Martin,charles.martin.807@example.com
3716,Mia Thompson,mia.thompson.274@rdbms.dev
3717,James Smith,james.smith.867@techcorp.org
3718,Olivia Robinson,olivia.robinson.573@testmail.com
3719,Emma Wilson,emma.wilson.865@mail.net
3720,John Johnson,john.johnson.222@mail.net
3721,James Sanchez,james.sanchez.873@rdbms.dev
3722,Joseph White,joseph.white.747@rdbms.dev
3723,John Lewis,john.lewis.740@rdbms.dev
3724,Charles Sanchez,charles.sanchez.402@rdbms.dev
3725,William Ramirez,william.ramirez.299@testmail.com
3726,Olivia Robinson,olivia.robinson.565@techcorp.org
3727,Sophia Moore,sophia.moore.574@testmail.com
3728,William Taylor,william.taylor.921@rdbms.dev
3729,Emma Johnson,emma.johnson.582@testmail.com
3730,Thomas Jackson,thomas.jackson.909@example.com
3731,Olivia Johnson,olivia.johnson.407@testmail.com
3732,William Clark,william.clark.726@mail.net
3733,Mia Ramirez,mia.ramirez.103@testmail.com
3734,Sophia Jackson,sophia.jackson.802@example.com
3735,Olivia Moore,olivia.moore.625@techcorp.org
3736,Emma Clark,emma.clark.268@mail.net
3737,Mia Taylor,mia.taylor.740@rdbms.dev
3738,Charles Thompson,charles.thompson.319@example.com
3739,Olivia Wilson,olivia.wilson.810@mail.net
3740,David Robinson,david.robinson.683@rdbms.dev
3741,Richard Thompson,richard.thompson.822@techcorp.org
3742,Charlotte Lewis,charlotte.lewis.259@techcorp.org
3743,Michael Sanchez,michael.sanchez.473@rdbms.dev
3744,Richard Johnson,richard.johnson.756@mail.net
3745,Isabella Lee,isabella.lee.386@techcorp.org
3746,James Perez,james.perez.381@example.com
3747,Jane Ramirez,jane.ramirez.723@techcorp.org
3748,Isabella Wilson,isabella.wilson.505@rdbms.dev
3749,Isabella Smith,isabella.smith.687@mail.net
3750,Joseph Lee,joseph.lee.424@rdbms.dev
3751,Charlotte Smith,charlotte.smith.976@rdbms.dev
3752,Michael Lee,michael.lee.793@example.com
3753,Jane Harris,jane.harris.728@mail.net
3754,John Jackson,john.jackson.815@rdbms.dev
3755,Amelia Wilson,amelia.wilson.716@testmail.com
3756,Richard Perez,richard.perez.514@rdbms.dev
3757,Emily White,emily.white.429@rdbms.dev
3758,Amelia Lewis,amelia.lewis.302@mail.net
3759,Robert Sanchez,robert.sanchez.268@techcorp.org
3760,Charlotte Smith,charlotte.smith.169@mail.net
3761,Jane Walker,jane.walker.100@techcorp.org
3762,Isabella Perez,isabella.perez.627@rdbms.dev
3763,Mia Wilson,mia.wilson.893@mail.net
3764,Emma Harris,emma.harris.547@rdbms.dev
3765,Michael Harris,michael.harris.493@rdbms.dev
3766,Michael Robinson,michael.robinson.366@techcorp.org
3767,Ava Brown,ava.brown.933@techcorp.org
3768,Emily Miller,emily.miller.294@example.com
3769,Isabella Sanchez,isabella.sanchez.539@mail.net
3770,Mia Martin,mia.martin.951@techcorp.org
3771,Charlotte Harris,charlotte.harris.885@mail.net
3772,Richard Jackson,richard.jackson.870@techcorp.org
3773,Amelia Clark,amelia.clark.554@techcorp.org
3774,Emma Lee,emma.lee.525@techcorp.org
3775,Jane Lewis,jane.lewis.198@mail.net
3776,David Martin,david.martin.572@rdbms.dev
3777,Emma Perez,emma.perez.879@example.com
3778,Richard Lewis,richard.lewis.856@rdbms.dev
3779,James Martin,james.martin.662@techcorp.org
3780,Richard Martin,richard.martin.518@techcorp.org
3781,Joseph Jackson,joseph.jackson.587@testmail.com
3782,James Thompson,james.thompson.188@rdbms.dev
3783,Sophia Lewis,sophia.lewis.677@techcorp.org
3784,Mia Robinson,mia.robinson.711@mail.net
3785,Thomas Smith,thomas.smith.528@techcorp.org
3786,Isabella Sanchez,isabella.sanchez.940@rdbms.dev
3787,Olivia Harris,olivia.harris.478@testmail.com
3788,Ava Taylor,ava.taylor.192@rdbms.dev
3789,Jane Martin,jane.martin.836@example.com
3790,Richard Lewis,richard.lewis.709@mail.net
3791,William Walker,william.walker.196@example.com
3792,John Lee,john.lee.384@testmail.com
3793,Olivia Harris,olivia.harris.707@example.com
3794,Sophia Miller,sophia.miller.362@example.com
3795,Robert Wilson,robert.wilson.513@example.com
3796,Ava Robinson,ava.robinson.392@mail.net
3797,John White,john.white.678@example.com
3798,John Robinson,john.robinson.814@mail.net
3799,Emma Lee,emma.lee.755@mail.net
3800,Thomas Brown,thomas.brown.621@mail.net
3801,Charlotte Perez,charlotte.perez.649@example.com
3802,Sophia Taylor,sophia.taylor.625@rdbms.dev
3803,Robert White,robert.white.622@mail.net
3804,Mia Lee,mia.lee.856@rdbms.dev
3805,David Clark,david.clark.261@rdbms.dev
3806,David Taylor,david.taylor.770@rdbms.dev
3807,Ava Martin,ava.martin.650@testmail.com
3808,John Smith,john.smith.861@rdbms.dev
3809,Emma Lewis,emma.lewis.207@rdbms.dev
3810,Amelia Ramirez,amelia.ramirez.506@mail.net
3811,Charles Martin,charles.martin.776@example.com
3812,Charles Lewis,charles.lewis.203@testmail.com
3813,Robert Wilson,robert.wilson.608@rdbms.dev
3814,James Thompson,james.thompson.328@example.com
3815,Emily Sanchez,emily.sanchez.838@mail.net
3816,James Martin,james.martin.455@techcorp.org
3817,Emma Brown,emma.brown.554@techcorp.org
3818,Sophia Miller,sophia.miller.959@testmail.com
3819,Richard Thompson,richard.thompson.145@mail.net
3820,Isabella Taylor,isabella.taylor.842@testmail.com
3821,Thomas Lee,thomas.lee.217@rdbms.dev
3822,John Perez,john.perez.886@testmail.com
3823,Robert Lee,robert.lee.869@rdbms.dev
3824,Mia Taylor,mia.taylor.865@example.com
3825,Isabella Miller,isabella.miller.794@testmail.com
3826,Robert Brown,robert.brown.852@techcorp.org
3827,Charlotte Walker,charlotte.walker.593@example.com
3828,Emma Johnson,emma.johnson.292@mail.net
3829,Ava Clark,ava.clark.849@testmail.com
3830,Joseph Martin,joseph.martin.365@mail.net
3831,James Moore,james.moore.505@testmail.com
3832,Charles Lee,charles.lee.210@techcorp.org
3833,David Sanchez,david.sanchez.670@example.com
3834,Jane Martin,jane.martin.377@testmail.com
3835,William Perez,william.perez.976@example.com
3836,Richard Lewis,richard.lewis.304@mail.net
3837,Joseph Martin,joseph.martin.910@testmail.com
3838,Mia Johnson,mia.johnson.806@testmail.com
3839,Richard Perez,richard.perez.912@rdbms.dev
3840,Charles Harris,charles.harris.170@mail.net
3841,Mia Johnson,mia.johnson.139@rdbms.dev
3842,Joseph Walker,joseph.walker.697@example.com
3843,Isabella Moore,isabella.moore.575@testmail.com
3844,Isabella Jackson,isabella.jackson.997@example.com
3845,Charlotte Johnson,charlotte.johnson.951@mail.net
3846,Thomas Moore,thomas.moore.274@mail.net
3847,John Brown,john.brown.111@rdbms.dev
3848,Sophia Lee,sophia.lee.401@mail.net
3849,Olivia Brown,olivia.brown.811@mail.net
3850,William Harris,william.harris.497@techcorp.org
3851,Ava Perez,ava.perez.785@example.com
3852,Sophia Johnson,sophia.johnson.331@example.com
3853,William Miller,william.miller.545@testmail.com
3854,Joseph Thompson,joseph.thompson.442@techcorp.org
3855,Sophia Jackson,sophia.jackson.301@example.com
3856,William Robinson,william.robinson.190@example.com
3857,Richard Brown,richard.brown.459@example.com
3858,Isabella Johnson,isabella.johnson.552@mail.net
3859,Emily Taylor,emily.taylor.889@techcorp.org
3860,Ava Jackson,ava.jackson.326@example.com
3861,Charlotte Lee,charlotte.lee.474@mail.net
3862,Jane Sanchez,jane.sanchez.884@testmail.com
3863,John Sanchez,john.sanchez.358@techcorp.org
3864,William Robinson,william.robinson.606@techcorp.org
3865,Robert Walker,robert.walker.878@rdbms.dev
3866,Michael Harris,michael.harris.551@testmail.com
3867,Richard Miller,richard.miller.726@testmail.com
3868,Richard Clark,richard.clark.816@techcorp.org
3869,John Ramirez,john.ramirez.318@example.com
3870,Emily Harris,emily.harris.181@mail.net
3871,Emily Sanchez,emily.sanchez.321@mail.net
3872,Richard Harris,richard.harris.578@techcorp.org
3873,Richard Miller,richard.miller.255@techcorp.org
3874,Charlotte Wilson,charlotte.wilson.213@example.com
3875,John Martin,john.martin.732@mail.net
3876,William Wilson,william.wilson.130@rdbms.dev
3877,William Lewis,william.lewis.498@mail.net
3878,John Moore,john.moore.344@rdbms.dev
3879,Sophia Thompson,sophia.thompson.335@example.com
3880,Ava Harris,ava.harris.933@example.com
3881,Amelia Jackson,amelia.jackson.908@testmail.com
3882,Ava Sanchez,ava.sanchez.951@mail.net
3883,Richard Johnson,richard.johnson.322@techcorp.org
3884,Mia Ramirez,mia.ramirez.379@mail.net
3885,Thomas Jackson,thomas.jackson.232@testmail.com
3886,Sophia Miller,sophia.miller.279@example.com
3887,William Lewis,william.lewis.135@techcorp.org
3888,David Jackson,david.jackson.882@techcorp.org
3889,Robert Ramirez,robert.ramirez.873@mail.net
3890,Ava White,ava.white.704@rdbms.dev
3891,Joseph Harris,joseph.harris.920@techcorp.org
3892,Robert Walker,robert.walker.405@testmail.com
3893,Jane Robinson,jane.robinson.141@rdbms.dev
3894,James Thompson,james.thompson.422@testmail.com
3895,David Walker,david.walker.498@techcorp.org
3896,Isabella Robinson,isabella.robinson.650@example.com
3897,Michael Miller,michael.miller.624@example.com
3898,Charlotte Thompson,charlotte.thompson.384@mail.net
3899,Charlotte Perez,charlotte.perez.660@techcorp.org
3900,Jane Brown,jane.brown.445@testmail.com
3901,Sophia Moore,sophia.moore.652@rdbms.dev
3902,Robert Lee,robert.lee.115@rdbms.dev
3903,Robert Harris,robert.harris.852@example.com
3904,Jane Thompson,jane.thompson.512@testmail.com
3905,David Lee,david.lee.607@mail.net
3906,Charlotte Wilson,charlotte.wilson.952@testmail.com
3907,Charlotte Robinson,charlotte.robinson.570@mail.net
3908,Charles Johnson,charles.johnson.405@testmail.com
3909,Amelia Smith,amelia.smith.831@example.com
3910,Joseph White,joseph.white.844@testmail.com
3911,Jane Robinson,jane.robinson.681@testmail.com
3912,Isabella Walker,isabella.walker.287@techcorp.org
3913,Thomas Miller,thomas.miller.423@rdbms.dev
3914,Richard Lee,richard.lee.654@rdbms.dev
3915,Charles Lewis,charles.lewis.527@rdbms.dev
3916,Michael Wilson,michael.wilson.985@example.com
3917,Olivia Robinson,olivia.robinson.445@rdbms.dev
3918,Robert Wilson,robert.wilson.932@rdbms.dev
3919,Ava Thompson,ava.thompson.311@techcorp.org
3920,Richard Moore,richard.moore.632@mail.net
3921,Amelia Lee,amelia.lee.396@techcorp.org
3922,Mia Smith,mia.smith.611@mail.net
3923,Robert Ramirez,robert.ramirez.658@mail.net
3924,Thomas Johnson,thomas.johnson.289@example.com
3925,Isabella Moore,isabella.moore.721@mail.net
3926,Thomas Johnson,thomas.johnson.326@mail.net
3927,Isabella Ramirez,isabella.ramirez.624@techcorp.org
3928,Jane Lewis,jane.lewis.408@techcorp.org
3929,David Clark,david.clark.878@mail.net
3930,Sophia Robinson,sophia.robinson.362@rdbms.dev
3931,Ava Lee,ava.lee.468@example.com
3932,Ava Smith,ava.smith.224@mail.net
3933,Joseph Taylor,joseph.taylor.965@example.com
3934,Thomas Harris,thomas.harris.348@mail.net
3935,Charlotte Robinson,charlotte.robinson.163@rdbms.dev
3936,Emma Robinson,emma.robinson.631@rdbms.dev
3937,Ava Taylor,ava.taylor.191@techcorp.org
3938,John Wilson,john.wilson.420@mail.net
3939,Richard Walker,richard.walker.540@rdbms.dev
3940,Sophia Johnson,sophia.johnson.273@testmail.com
3941,Charles White,charles.white.367@techcorp.org
3942,Jane Martin,jane.martin.412@example.com
3943,Ava Harris,ava.harris.378@example.com
3944,Michael Brown,michael.brown.969@example.com
3945,Thomas White,thomas.white.306@testmail.com
3946,Amelia Moore,amelia.moore.159@techcorp.org
3947,Ava Jackson,ava.jackson.566@testmail.com
3948,James Harris,james.harris.707@techcorp.org
3949,Joseph Lee,joseph.lee.624@example.com
3950,Emily White,emily.white.139@mail.net
3951,William Brown,william.brown.308@rdbms.dev
3952,James Moore,james.moore.621@rdbms.dev
3953,Robert Robinson,robert.robinson.587@techcorp.org
3954,Amelia Brown,amelia.brown.278@testmail.com
3955,Isabella Wilson,isabella.wilson.964@techcorp.org
3956,Charles Moore,charles.moore.639@techcorp.org
3957,Jane Smith,jane.smith.327@techcorp.org
3958,John Perez,john.perez.975@example.com
3959,Robert Martin,robert.martin.382@testmail.com
3960,Amelia White,amelia.white.655@example.com
3961,Charles Smith,charles.smith.464@mail.net
3962,Amelia Robinson,amelia.robinson.794@mail.net
3963,Robert Taylor,robert.taylor.158@testmail.com
3964,Michael Brown,michael.brown.267@example.com
3965,David Wilson,david.wilson.456@mail.net
3966,Isabella Perez,isabella.perez.338@testmail.com
3967,Amelia Ramirez,amelia.ramirez.948@testmail.com
3968,Mia Miller,mia.miller.132@techcorp.org
3969,Thomas Brown,thomas.brown.221@mail.net
3970,Emily Smith,emily.smith.651@example.com
3971,Emily Sanchez,emily.sanchez.203@techcorp.org
3972,Joseph Sanchez,joseph.sanchez.189@testmail.com
3973,Ava Clark,ava.clark.703@testmail.com
3974,Charlotte Lewis,charlotte.lewis.957@rdbms.dev
3975,Charlotte Lee,charlotte.lee.300@techcorp.org
3976,Emily Clark,emily.clark.772@rdbms.dev
3977,Emily Taylor,emily.taylor.920@techcorp.org
3978,Joseph Smith,joseph.smith.176@example.com
3979,Amelia Ramirez,amelia.ramirez.190@testmail.com
3980,William Martin,william.martin.926@example.com
3981,Robert Smith,robert.smith.225@mail.net
3982,Amelia Martin,amelia.martin.471@techcorp.org
3983,Amelia Lee,amelia.lee.909@example.com
3984,David Johnson,david.johnson.470@rdbms.dev
3985,Ava Jackson,ava.jackson.329@mail.net
3986,Mia Ramirez,mia.ramirez.658@testmail.com
3987,Sophia Harris,sophia.harris.151@testmail.com
3988,Charlotte Brown,charlotte.brown.107@example.com
3989,Sophia Martin,sophia.martin.910@techcorp.org
3990,Robert Wilson,robert.wilson.553@example.com
3991,Jane Smith,jane.smith.234@rdbms.dev
3992,James Wilson,james.wilson.282@techcorp.org
3993,Richard Walker,richard.walker.851@techcorp.org
3994,Emma Clark,emma.clark.899@rdbms.dev
3995,James Robinson,james.robinson.568@techcorp.org
3996,Amelia Walker,amelia.walker.901@rdbms.dev
3997,Michael Martin,michael.martin.717@techcorp.org
3998,Mia Johnson,mia.johnson.592@techcorp.org
3999,Olivia Jackson,olivia.jackson.154@testmail.com
4000,Thomas Taylor,thomas.taylor.918@example.com
4001,Mia Perez,mia.perez.698@mail.net
4002,Robert Miller,robert.miller.334@techcorp.org
4003,Sophia Walker,sophia.walker.959@techcorp.org
4004,James Brown,james.brown.437@example.com
4005,Michael Harris,michael.harris.839@mail.net
4006,James Smith,james.smith.297@rdbms.dev
4007,Emily Taylor,emily.taylor.222@testmail.com
4008,Charlotte Sanchez,charlotte.sanchez.687@rdbms.dev
4009,William Harris,william.harris.290@testmail.com
4010,Michael Wilson,michael.wilson.519@mail.net
4011,Sophia Johnson,sophia.johnson.388@rdbms.dev
4012,Ava Harris,ava.harris.654@example.com
4013,Emily Robinson,emily.robinson.577@testmail.com
4014,David Wilson,david.wilson.254@example.com
4015,Richard Perez,richard.perez.718@techcorp.org
4016,Jane Sanchez,jane.sanchez.784@techcorp.org
4017,Charlotte Clark,charlotte.clark.651@techcorp.org
4018,Michael Miller,michael.miller.914@example.com
4019,Isabella Brown,isabella.brown.549@testmail.com
4020,Robert Thompson,robert.thompson.792@mail.net
4021,Amelia Johnson,amelia.johnson.457@example.com
4022,Michael Johnson,michael.johnson.705@rdbms.dev
4023,James Taylor,james.taylor.517@mail.net
4024,Robert Taylor,robert.taylor.515@techcorp.org
4025,Isabella Clark,isabella.clark.149@rdbms.dev
4026,Ava Clark,ava.clark.803@techcorp.org
4027,James Johnson,james.johnson.480@techcorp.org
4028,Joseph Miller,joseph.miller.236@rdbms.dev
4029,Robert Clark,robert.clark.409@mail.net
4030,Isabella White,isabella.white.235@techcorp.org
4031,Thomas Moore,thomas.moore.722@example.com
4032,Ava Wilson,ava.wilson.877@rdbms.dev
4033,David Miller,david.miller.967@mail.net
4034,Emily Lee,emily.lee.812@techcorp.org
4035,Emily Miller,emily.miller.474@techcorp.org
4036,Charlotte Sanchez,charlotte.sanchez.279@techcorp.org
4037,Charles Lee,charles.lee.638@example.com
4038,Sophia Wilson,sophia.wilson.512@testmail.com
4039,Olivia Thompson,olivia.thompson.942@techcorp.org
4040,Sophia Lee,sophia.lee.607@mail.net
4041,Amelia Thompson,amelia.thompson.436@example.com
4042,Jane Taylor,jane.taylor.535@example.com
4043,Mia Walker,mia.walker.110@rdbms.dev
4044,Emily Martin,emily.martin.220@mail.net
4045,William Perez,william.perez.562@rdbms.dev
4046,David Moore,david.moore.954@mail.net
4047,Isabella Robinson,isabella.robinson.462@testmail.com
4048,David Lewis,david.lewis.900@example.com
4049,Robert Sanchez,robert.sanchez.752@testmail.com
4050,Richard Wilson,richard.wilson.876@testmail.com
4051,Jane Ramirez,jane.ramirez.522@techcorp.org
4052,Charlotte Moore,charlotte.moore.674@testmail.com
4053,James Jackson,james.jackson.520@rdbms.dev
4054,Emma Perez,emma.perez.224@example.com
4055,David Perez,david.perez.444@techcorp.org
4056,Jane Taylor,jane.taylor.545@rdbms.dev
4057,Emily Brown,emily.brown.949@example.com
4058,Richard Lewis,richard.lewis.341@example.com
4059,Richard Jackson,richard.jackson.155@testmail.com
4060,Sophia Perez,sophia.perez.974@rdbms.dev
4061,James Johnson,james.johnson.981@rdbms.dev
4062,Charlotte Perez,charlotte.perez.229@mail.net
4063,Amelia Lee,amelia.lee.858@mail.net
4064,Jane Thompson,jane.thompson.359@example.com
4065,Robert Smith,robert.smith.705@testmail.com
4066,Olivia Clark,olivia.clark.286@techcorp.org
4067,John Perez,john.perez.193@techcorp.org
4068,Isabella Johnson,isabella.johnson.727@rdbms.dev
4069,Sophia Sanchez,sophia.sanchez.522@testmail.com
4070,Olivia Robinson,olivia.robinson.999@mail.net
4071,John Sanchez,john.sanchez.412@mail.net
4072,Thomas Moore,thomas.moore.888@example.com
4073,Emma Clark,emma.clark.727@example.com
4074,Sophia Thompson,sophia.thompson.426@example.com
4075,Richard Walker,richard.walker.265@techcorp.org
4076,Robert Ramirez,robert.ramirez.941@rdbms.dev
4077,Mia Harris,mia.harris.194@rdbms.dev
4078,Joseph Smith,joseph.smith.148@rdbms.dev
4079,Joseph Clark,joseph.clark.259@rdbms.dev
4080,Richard Lee,richard.lee.223@mail.net
4081,Isabella Martin,isabella.martin.526@example.com
4082,Michael Sanchez,michael.sanchez.563@testmail.com
4083,Isabella Brown,isabella.brown.309@rdbms.dev
4084,Robert Robinson,robert.robinson.959@mail.net
4085,David Martin,david.martin.737@rdbms.dev
4086,Richard Sanchez,richard.sanchez.832@testmail.com
4087,Amelia Moore,amelia.moore.673@testmail.com
4088,Ava Robinson,ava.robinson.732@techcorp.org
4089,Thomas Perez,thomas.perez.253@mail.net
4090,David Martin,david.martin.749@example.com
4091,Amelia Brown,amelia.brown.240@rdbms.dev
4092,Robert Thompson,robert.thompson.238@testmail.com
4093,John Clark,john.clark.485@techcorp.org
4094,Robert Robinson,robert.robinson.751@example.com
4095,Amelia Johnson,amelia.johnson.244@mail.net
4096,Ava Wilson,ava.wilson.551@testmail.com
4097,David Clark,david.clark.366@rdbms.dev
4098,William Ramirez,william.ramirez.573@testmail.com
4099,Sophia Harris,sophia.harris.237@example.com
4100,John Walker,john.walker.906@techcorp.org
4101,Richard Brown,richard.brown.852@example.com
4102,Charlotte Moore,charlotte.moore.458@testmail.com
4103,Amelia White,amelia.white.348@techcorp.org
4104,Charles Johnson,charles.johnson.528@mail.net
4105,Charles Smith,charles.smith.374@techcorp.org
4106,Olivia Taylor,olivia.taylor.698@rdbms.dev
4107,Robert Miller,robert.miller.454@testmail.com
4108,Charlotte Taylor,charlotte.taylor.736@techcorp.org
4109,Amelia Moore,amelia.moore.352@techcorp.org
4110,Ava Miller,ava.miller.904@rdbms.dev
4111,Olivia Lewis,olivia.lewis.284@testmail.com
4112,Richard Ramirez,richard.ramirez.418@techcorp.org
4113,Thomas Moore,thomas.moore.984@example.com
4114,Ava Wilson,ava.wilson.914@example.com
4115,William Wilson,william.wilson.181@testmail.com
4116,Isabella Lewis,isabella.lewis.853@testmail.com
4117,James Walker,james.walker.692@rdbms.dev
4118,Mia Robinson,mia.robinson.624@mail.net
4119,Sophia Lewis,sophia.lewis.623@mail.net
4120,Richard Martin,richard.martin.793@rdbms.dev
4121,James Smith,james.smith.581@mail.net
4122,James Smith,james.smith.876@mail.net
4123,James Martin,james.martin.186@example.com
4124,Joseph Thompson,joseph.thompson.225@testmail.com
4125,Richard Robinson,richard.robinson.921@rdbms.dev
4126,David Lewis,david.lewis.261@rdbms.dev
4127,Emily Martin,emily.martin.912@example.com
4128,Jane Perez,jane.perez.554@testmail.com
4129,William Taylor,william.taylor.290@rdbms.dev
4130,Amelia Robinson,amelia.robinson.216@testmail.com
4131,Sophia Perez,sophia.perez.890@testmail.com
4132,Sophia Harris,sophia.harris.312@mail.net
4133,Charlotte Robinson,charlotte.robinson.912@example.com
4134,Isabella Johnson,isabella.johnson.643@testmail.com
4135,Robert Clark,robert.clark.870@mail.net
4136,Sophia Sanchez,sophia.sanchez.100@techcorp.org
4137,Olivia Smith,olivia.smith.991@testmail.com
4138,Thomas Lewis,thomas.lewis.573@rdbms.dev
4139,Isabella Jackson,isabella.jackson.639@techcorp.org
4140,Joseph Martin,joseph.martin.727@testmail.com
4141,Amelia Walker,amelia.walker.615@example.com
4142,Isabella Clark,isabella.clark.247@testmail.com
4143,Sophia Thompson,sophia.thompson.486@example.com
4144,Michael Thompson,michael.thompson.851@techcorp.org
4145,Michael Wilson,michael.wilson.191@example.com
4146,Ava Brown,ava.brown.987@testmail.com
4147,John Robinson,john.robinson.656@rdbms.dev
4148,Charlotte Wilson,charlotte.wilson.921@techcorp.org
4149,John Harris,john.harris.183@testmail.com
4150,Charlotte Moore,charlotte.moore.189@mail.net
4151,William Walker,william.walker.894@mail.net
4152,Emma Johnson,emma.johnson.222@techcorp.org
4153,John Lewis,john.lewis.480@mail.net
4154,Thomas Clark,thomas.clark.861@techcorp.org
4155,Isabella Thompson,isabella.thompson.375@mail.net
4156,Richard Jackson,richard.jackson.355@techcorp.org
4157,Isabella Ramirez,isabella.ramirez.575@example.com
4158,Ava Smith,ava.smith.987@rdbms.dev
4159,Charles Smith,charles.smith.366@testmail.com
4160,Charles Walker,charles.walker.689@mail.net
4161,Sophia Taylor,sophia.taylor.300@testmail.com
4162,James Walker,james.walker.710@example.com
4163,Charles Martin,charles.martin.965@testmail.com
4164,Mia Perez,mia.perez.838@techcorp.org
4165,James Harris,james.harris.518@example.com
4166,Joseph Brown,joseph.brown.537@example.com
4167,John Harris,john.harris.763@testmail.com
4168,David Walker,david.walker.466@example.com
4169,Olivia Lewis,olivia.lewis.966@mail.net
4170,John Perez,john.perez.590@techcorp.org
4171,Richard Jackson,richard.jackson.960@mail.net
4172,Richard Brown,richard.brown.296@rdbms.dev
4173,Sophia Johnson,sophia.johnson.667@techcorp.org
4174,Michael Harris,michael.harris.737@mail.net
4175,Mia Thompson,mia.thompson.768@techcorp.org
4176,Amelia Perez,amelia.perez.620@mail.net
4177,Amelia Taylor,amelia.taylor.727@testmail.com
4178,Isabella Thompson,isabella.thompson.200@testmail.com
4179,Olivia Walker,olivia.walker.820@example.com
4180,William Smith,william.smith.735@testmail.com
4181,Ava Perez,ava.perez.386@example.com
4182,Joseph Wilson,joseph.wilson.741@techcorp.org
4183,John Martin,john.martin.558@techcorp.org
4184,Ava White,ava.white.536@testmail.com
4185,Emma Perez,emma.perez.848@techcorp.org
4186,Jane Harris,jane.harris.847@example.com
4187,Ava Clark,ava.clark.559@mail.net
4188,Olivia Moore,olivia.moore.208@testmail.com
4189,Michael White,michael.white.154@example.com
4190,David Lee,david.lee.878@mail.net
4191,Isabella Ramirez,isabella.ramirez.551@testmail.com
4192,Michael Brown,michael.brown.895@example.com
4193,Sophia Brown,sophia.brown.558@testmail.com
4194,Charles Perez,charles.perez.563@testmail.com
4195,Charlotte Sanchez,charlotte.sanchez.849@example.com
4196,Charlotte Smith,charlotte.smith.740@rdbms.dev
4197,Emma Moore,emma.moore.938@rdbms.dev
4198,Isabella Robinson,isabella.robinson.430@example.com
4199,Charlotte Lee,charlotte.lee.300@testmail.com
4200,Sophia Taylor,sophia.taylor.703@testmail.com
4201,Sophia Jackson,sophia.jackson.779@techcorp.org
4202,John Harris,john.harris.819@rdbms.dev
4203,Isabella Sanchez,isabella.sanchez.604@testmail.com
4204,Richard Clark,richard.clark.314@example.com
4205,William Clark,william.clark.798@mail.net
4206,Michael Thompson,michael.thompson.503@example.com
4207,David Wilson,david.wilson.985@testmail.com
4208,Jane Lee,jane.lee.108@techcorp.org
4209,James Taylor,james.taylor.947@mail.net
4210,Emily Lee,emily.lee.132@techcorp.org
4211,Robert Sanchez,robert.sanchez.817@example.com
4212,Michael Lewis,michael.lewis.113@techcorp.org
4213,Charles Moore,charles.moore.305@techcorp.org
4214,David White,david.white.287@rdbms.dev
4215,Emily White,emily.white.682@rdbms.dev
4216,Mia Walker,mia.walker.735@testmail.com
4217,Sophia Johnson,sophia.johnson.988@techcorp.org
4218,Joseph Taylor,joseph.taylor.813@testmail.com
4219,Jane Robinson,jane.robinson.895@mail.net
4220,Thomas Brown,thomas.brown.683@techcorp.org
4221,Mia Robinson,mia.robinson.685@testmail.com
4222,Charlotte Sanchez,charlotte.sanchez.952@example.com
4223,Emma Taylor,emma.taylor.364@rdbms.dev
4224,Emily Lewis,emily.lewis.913@techcorp.org
4225,Ava Miller,ava.miller.132@testmail.com
4226,Jane Martin,jane.martin.547@testmail.com
4227,Charlotte Clark,charlotte.clark.819@testmail.com
4228,Robert Lewis,robert.lewis.565@techcorp.org
4229,Mia White,mia.white.872@testmail.com
4230,Mia Sanchez,mia.sanchez.186@testmail.com
4231,Olivia Lee,olivia.lee.337@mail.net
4232,Amelia Clark,amelia.clark.540@testmail.com
4233,James Thompson,james.thompson.478@techcorp.org
4234,Mia Miller,mia.miller.629@techcorp.org
4235,Sophia Wilson,sophia.wilson.867@example.com
4236,Michael Perez,michael.perez.756@mail.net
4237,Joseph Lewis,joseph.lewis.621@techcorp.org
4238,Emma Lee,emma.lee.842@testmail.com
4239,Joseph Johnson,joseph.johnson.743@example.com
4240,Charles Lee,charles.lee.329@rdbms.dev
4241,Jane Walker,jane.walker.634@rdbms.dev
4242,Ava Smith,ava.smith.866@rdbms.dev
4243,Amelia Martin,amelia.martin.555@mail.net
4244,Emily Walker,emily.walker.666@rdbms.dev
4245,Ava Taylor,ava.taylor.405@example.com
4246,Robert Martin,robert.martin.443@rdbms.dev
4247,Olivia Lee,olivia.lee.937@example.com
4248,Thomas Miller,thomas.miller.136@rdbms.dev
4249,Emma Miller,emma.miller.657@mail.net
4250,Joseph Ramirez,joseph.ramirez.339@testmail.com
4251,Sophia Brown,sophia.brown.176@rdbms.dev
4252,Robert Miller,robert.miller.432@testmail.com
4253,Isabella Smith,isabella.smith.158@mail.net
4254,Robert Perez,robert.perez.206@testmail.com
4255,Jane Martin,jane.martin.801@mail.net
4256,Charlotte Taylor,charlotte.taylor.553@mail.net
4257,Joseph Moore,joseph.moore.469@techcorp.org
4258,Charlotte Johnson,charlotte.johnson.592@rdbms.dev
4259,Emma Johnson,emma.johnson.549@example.com
4260,Robert Walker,robert.walker.209@rdbms.dev
4261,Robert Sanchez,robert.sanchez.512@mail.net
4262,Olivia Lewis,olivia.lewis.179@example.com
4263,David Moore,david.moore.835@example.com
4264,Sophia Martin,sophia.martin.473@techcorp.org
4265,James Robinson,james.robinson.312@mail.net
4266,Joseph Perez,joseph.perez.857@techcorp.org
4267,William Perez,william.perez.551@testmail.com
4268,Robert Martin,robert.martin.432@techcorp.org
4269,Richard Lewis,richard.lewis.112@example.com
4270,Ava Sanchez,ava.sanchez.675@testmail.com
4271,Jane Jackson,jane.jackson.695@mail.net
4272,John Wilson,john.wilson.268@mail.net
4273,Jane Moore,jane.moore.555@rdbms.dev
4274,Amelia Walker,amelia.walker.959@techcorp.org
4275,James Jackson,james.jackson.984@example.com
4276,David Harris,david.harris.541@rdbms.dev
4277,Joseph Smith,joseph.smith.947@example.com
4278,Robert White,robert.white.905@rdbms.dev
4279,Amelia Smith,amelia.smith.819@example.com
4280,Ava Martin,ava.martin.761@rdbms.dev
4281,Sophia Lewis,sophia.lewis.879@mail.net
4282,William Walker,william.walker.209@testmail.com
4283,Ava Martin,ava.martin.895@testmail.com
4284,Thomas Smith,thomas.smith.782@rdbms.dev
4285,Olivia Sanchez,olivia.sanchez.584@mail.net
4286,Thomas Lee,thomas.lee.502@techcorp.org
4287,Ava Clark,ava.clark.141@testmail.com
4288,Emily Ramirez,emily.ramirez.617@mail.net
4289,Mia Perez,mia.perez.534@rdbms.dev
4290,James Thompson,james.thompson.435@techcorp.org
4291,Ava Perez,ava.perez.739@techcorp.org
4292,David White,david.white.757@rdbms.dev
4293,Charlotte Wilson,charlotte.wilson.670@rdbms.dev
4294,Mia Martin,mia.martin.125@mail.net
4295,William Wilson,william.wilson.207@rdbms.dev
4296,Ava Smith,ava.smith.325@example.com
4297,Robert Walker,robert.walker.260@testmail.com
4298,Isabella Jackson,isabella.jackson.950@testmail.com
4299,Amelia Lee,amelia.lee.713@example.com
4300,Emma Walker,emma.walker.171@mail.net
4301,Richard Clark,richard.clark.431@rdbms.dev
4302,Mia Harris,mia.harris.535@rdbms.dev
4303,Jane Ramirez,jane.ramirez.770@techcorp.org
4304,Olivia Moore,olivia.moore.795@mail.net
4305,Robert Martin,robert.martin.210@example.com
4306,Richard Taylor,richard.taylor.827@testmail.com
4307,Michael Perez,michael.perez.692@example.com
4308,William Martin,william.martin.697@mail.net
4309,Isabella Robinson,isabella.robinson.660@testmail.com
4310,Sophia Moore,sophia.moore.748@example.com
4311,Amelia White,amelia.white.307@techcorp.org
4312,William Brown,william.brown.137@rdbms.dev
4313,Ava Robinson,ava.robinson.768@example.com
4314,Richard Moore,richard.moore.459@example.com
4315,John Ramirez,john.ramirez.639@testmail.com
4316,Olivia Jackson,olivia.jackson.672@example.com
4317,Emily Robinson,emily.robinson.671@testmail.com
4318,John Miller,john.miller.445@rdbms.dev
4319,Emma Moore,emma.moore.274@testmail.com
4320,Amelia Lewis,amelia.lewis.126@testmail.com
4321,Mia Ramirez,mia.ramirez.824@techcorp.org
4322,Mia Robinson,mia.robinson.632@testmail.com
4323,William Jackson,william.jackson.666@testmail.com
4324,Joseph Johnson,joseph.johnson.751@example.com
4325,Emma Jackson,emma.jackson.387@rdbms.dev
4326,Joseph Lewis,joseph.lewis.556@example.com
4327,Robert Robinson,robert.robinson.536@mail.net
4328,Charlotte Moore,charlotte.moore.990@rdbms.dev
4329,James Thompson,james.thompson.296@rdbms.dev
4330,Joseph Lee,joseph.lee.164@techcorp.org
4331,Charlotte Brown,charlotte.brown.493@example.com
4332,Sophia Clark,sophia.clark.232@example.com
4333,Charles Thompson,charles.thompson.569@rdbms.dev
4334,John Clark,john.clark.679@testmail.com
4335,Isabella Brown,isabella.brown.181@testmail.com
4336,Olivia Taylor,olivia.taylor.866@techcorp.org
4337,David Smith,david.smith.943@techcorp.org
4338,Robert Miller,robert.miller.410@techcorp.org
4339,Charlotte Taylor,charlotte.taylor.579@techcorp.org
4340,William White,william.white.338@techcorp.org
4341,Charles Jackson,charles.jackson.167@testmail.com
4342,William Harris,william.harris.449@testmail.com
4343,Sophia Miller,sophia.miller.471@testmail.com
4344,Charlotte Ramirez,charlotte.ramirez.254@techcorp.org
4345,Richard Moore,richard.moore.157@mail.net
4346,Thomas Martin,thomas.martin.605@example.com
4347,Charles White,charles.white.643@testmail.com
4348,William Johnson,william.johnson.939@example.com
4349,John Lee,john.lee.270@techcorp.org
4350,Charles Johnson,charles.johnson.604@example.com
4351,Ava Ramirez,ava.ramirez.425@example.com
4352,Emma Brown,emma.brown.211@example.com
4353,Amelia Sanchez,amelia.sanchez.312@example.com
4354,William Smith,william.smith.259@mail.net
4355,Joseph Thompson,joseph.thompson.659@testmail.com
4356,Jane Brown,jane.brown.650@example.com
4357,Joseph Brown,joseph.brown.241@example.com
4358,William Brown,william.brown.433@rdbms.dev
4359,Charles Moore,charles.moore.743@rdbms.dev
4360,Charles Moore,charles.moore.962@example.com
4361,Olivia Wilson,olivia.wilson.509@example.com
4362,John Wilson,john.wilson.942@techcorp.org
4363,John Johnson,john.johnson.590@testmail.com
4364,Emily Ramirez,emily.ramirez.513@mail.net
4365,Charles Walker,charles.walker.752@mail.net
4366,Charles Brown,charles.brown.850@techcorp.org
4367,Thomas Lee,thomas.lee.651@mail.net
4368,Richard Brown,richard.brown.661@rdbms.dev
4369,Sophia Thompson,sophia.thompson.352@techcorp.org
4370,Charles Jackson,charles.jackson.373@mail.net
4371,John Ramirez,john.ramirez.963@example.com
4372,Ava Miller,ava.miller.343@example.com
4373,Thomas Lewis,thomas.lewis.326@techcorp.org
4374,Olivia Brown,olivia.brown.334@techcorp.org
4375,Sophia Robinson,sophia.robinson.902@example.com
4376,Olivia Lewis,olivia.lewis.965@example.com
4377,Jane Ramirez,jane.ramirez.808@testmail.com
4378,Amelia White,amelia.white.860@mail.net
4379,Mia White,mia.white.292@techcorp.org
4380,Richard Robinson,richard.robinson.527@mail.net
4381,James Clark,james.clark.479@example.com
4382,David Brown,david.brown.123@example.com
4383,Charlotte Clark,charlotte.clark.875@example.com
4384,Robert Jackson,robert.jackson.974@rdbms.dev
4385,Thomas Brown,thomas.brown.890@rdbms.dev
4386,David Perez,david.perez.572@techcorp.org
4387,David Taylor,david.taylor.639@techcorp.org
4388,Amelia Miller,amelia.miller.270@example.com
4389,Jane Thompson,jane.thompson.841@example.com
4390,Robert White,robert.white.814@rdbms.dev
4391,Charlotte White,charlotte.white.460@rdbms.dev
4392,Richard Robinson,richard.robinson.355@techcorp.org
4393,Mia Martin,mia.martin.300@testmail.com
4394,Olivia Lewis,olivia.lewis.649@rdbms.dev
4395,Emma Moore,emma.moore.608@rdbms.dev
4396,Emma Lee,emma.lee.560@example.com
4397,David Smith,david.smith.530@rdbms.dev
4398,Michael Moore,michael.moore.825@mail.net
4399,James Smith,james.smith.895@rdbms.dev
4400,John Harris,john.harris.485@techcorp.org
4401,Jane Thompson,jane.thompson.210@rdbms.dev
4402,Richard Clark,richard.clark.987@mail.net
4403,Isabella Harris,isabella.harris.643@rdbms.dev
4404,Olivia Martin,olivia.martin.681@mail.net
4405,Michael Martin,michael.martin.295@testmail.com
4406,Joseph Lee,joseph.lee.878@testmail.com
4407,Robert Sanchez,robert.sanchez.433@rdbms.dev
4408,Isabella Sanchez,isabella.sanchez.182@techcorp.org
4409,Robert Harris,robert.harris.258@example.com
4410,Charles Thompson,charles.thompson.383@testmail.com
4411,Olivia Johnson,olivia.johnson.686@rdbms.dev
4412,Mia Martin,mia.martin.787@rdbms.dev
4413,Olivia Jackson,olivia.jackson.288@rdbms.dev
4414,Charlotte Smith,charlotte.smith.621@techcorp.org
4415,Isabella Brown,isabella.brown.513@testmail.com
4416,Richard Clark,richard.clark.869@testmail.com
4417,Charlotte Taylor,charlotte.taylor.723@techcorp.org
4418,Richard Brown,richard.brown.256@mail.net
4419,Charles Miller,charles.miller.576@example.com
4420,Joseph Johnson,joseph.johnson.985@mail.net
4421,Jane Robinson,jane.robinson.386@example.com
4422,Emma Miller,emma.miller.143@rdbms.dev
4423,Amelia Harris,amelia.harris.726@mail.net
4424,Thomas Harris,thomas.harris.909@techcorp.org
4425,Charlotte Harris,charlotte.harris.328@rdbms.dev
4426,Charles Brown,charles.brown.175@techcorp.org
4427,John Wilson,john.wilson.268@techcorp.org
4428,Richard Sanchez,richard.sanchez.493@techcorp.org
4429,Charles Wilson,charles.wilson.824@mail.net
4430,Isabella Moore,isabella.moore.667@example.com
4431,Charles Thompson,charles.thompson.360@rdbms.dev
4432,Amelia Johnson,amelia.johnson.184@testmail.com
4433,Amelia Miller,amelia.miller.689@rdbms.dev
4434,John White,john.white.661@rdbms.dev
4435,Charlotte Perez,charlotte.perez.201@rdbms.dev
4436,Emma Smith,emma.smith.334@example.com
4437,Jane Harris,jane.harris.436@example.com
4438,Emily Sanchez,emily.sanchez.962@testmail.com
4439,Charlotte Harris,charlotte.harris.979@mail.net
4440,Michael Johnson,michael.johnson.186@rdbms.dev
4441,Olivia Lee,olivia.lee.761@testmail.com
4442,Robert Wilson,robert.wilson.852@techcorp.org
4443,Ava Martin,ava.martin.110@mail.net
4444,Charles Taylor,charles.taylor.743@rdbms.dev
4445,Emily Smith,emily.smith.276@techcorp.org
4446,Amelia Ramirez,amelia.ramirez.785@rdbms.dev
4447,William Wilson,william.wilson.221@testmail.com
4448,Charles Jackson,charles.jackson.358@rdbms.dev
4449,James Perez,james.perez.441@testmail.com
4450,John Taylor,john.taylor.631@testmail.com
4451,Thomas Sanchez,thomas.sanchez.614@mail.net
4452,Emma Taylor,emma.taylor.288@mail.net
4453,Charles Jackson,charles.jackson.185@mail.net
4454,William Jackson,william.jackson.598@techcorp.org
4455,Isabella Miller,isabella.miller.484@example.com
4456,Joseph Wilson,joseph.wilson.215@rdbms.dev
4457,Sophia Clark,sophia.clark.649@mail.net
4458,Robert Ramirez,robert.ramirez.252@testmail.com
4459,Mia Wilson,mia.wilson.373@mail.net
4460,Mia Jackson,mia.jackson.744@testmail.com
4461,Emily Martin,emily.martin.579@testmail.com
4462,Thomas Brown,thomas.brown.400@testmail.com
4463,Mia Smith,mia.smith.794@testmail.com
4464,James Jackson,james.jackson.270@techcorp.org
4465,Robert Wilson,robert.wilson.619@techcorp.org
4466,Jane Johnson,jane.johnson.138@example.com
4467,Thomas Martin,thomas.martin.734@rdbms.dev
4468,James Lewis,james.lewis.856@testmail.com
4469,James Johnson,james.johnson.262@techcorp.org
4470,Sophia Wilson,sophia.wilson.592@example.com
4471,Olivia Thompson,olivia.thompson.262@mail.net
4472,William White,william.white.331@testmail.com
4473,Amelia Walker,amelia.walker.730@mail.net
4474,David Perez,david.perez.588@techcorp.org
4475,Isabella Perez,isabella.perez.552@rdbms.dev
4476,James Brown,james.brown.422@example.com
4477,David Robinson,david.robinson.482@example.com
4478,Emma Lee,emma.lee.466@rdbms.dev
4479,John Walker,john.walker.225@rdbms.dev
4480,Emma Ramirez,emma.ramirez.464@rdbms.dev
4481,John Johnson,john.johnson.192@example.com
4482,Joseph Johnson,joseph.johnson.871@mail.net
4483,Thomas Lee,thomas.lee.851@rdbms.dev
4484,Mia Johnson,mia.johnson.998@techcorp.org
4485,Richard Clark,richard.clark.155@techcorp.org
4486,Emma Wilson,emma.wilson.450@mail.net
4487,Robert Taylor,robert.taylor.299@testmail.com
4488,Mia Miller,mia.miller.950@techcorp.org
4489,Joseph Lee,joseph.lee.141@testmail.com
4490,Robert Harris,robert.harris.333@example.com
4491,Jane Sanchez,jane.sanchez.363@rdbms.dev
4492,Emily Wilson,emily.wilson.378@rdbms.dev
4493,Joseph Harris,joseph.harris.143@mail.net
4494,Joseph Johnson,joseph.johnson.275@example.com
4495,Robert Jackson,robert.jackson.715@testmail.com
4496,Mia Perez,mia.perez.662@rdbms.dev
4497,Charlotte Moore,charlotte.moore.689@rdbms.dev
4498,Isabella Ramirez,isabella.ramirez.155@example.com
4499,Robert Jackson,robert.jackson.326@mail.net
4500,Charles Smith,charles.smith.258@testmail.com
4501,Charles Sanchez,charles.sanchez.357@testmail.com
4502,David Brown,david.brown.777@testmail.com
4503,Mia Martin,mia.martin.168@rdbms.dev
4504,James Jackson,james.jackson.730@techcorp.org
4505,Joseph Lewis,joseph.lewis.428@techcorp.org
4506,Michael Clark,michael.clark.711@rdbms.dev
4507,Michael Sanchez,michael.sanchez.239@techcorp.org
4508,William Jackson,william.jackson.701@rdbms.dev
4509,Mia Brown,mia.brown.215@example.com
4510,Ava Martin,ava.martin.587@rdbms.dev
4511,Emily Lewis,emily.lewis.856@testmail.com
4512,Emily Thompson,emily.thompson.202@rdbms.dev
4513,Charlotte Robinson,charlotte.robinson.690@techcorp.org
4514,Robert Harris,robert.harris.504@example.com
4515,Sophia Johnson,sophia.johnson.820@rdbms.dev
4516,Ava Taylor,ava.taylor.945@testmail.com
4517,Sophia Ramirez,sophia.ramirez.600@mail.net
4518,Joseph Ramirez,joseph.ramirez.917@example.com
4519,Amelia Brown,amelia.brown.260@example.com
4520,David Harris,david.harris.547@techcorp.org
4521,William Smith,william.smith.603@mail.net
4522,Robert Robinson,robert.robinson.294@mail.net
4523,Charles White,charles.white.254@rdbms.dev
4524,James Wilson,james.wilson.728@techcorp.org
4525,Isabella Moore,isabella.moore.175@testmail.com
4526,William Walker,william.walker.559@mail.net
4527,Robert Miller,robert.miller.816@rdbms.dev
4528,Emma Ramirez,emma.ramirez.558@rdbms.dev
4529,Amelia Lewis,amelia.lewis.701@techcorp.org
4530,Charles Walker,charles.walker.864@example.com
4531,Ava Sanchez,ava.sanchez.665@example.com
4532,Thomas Brown,thomas.brown.618@rdbms.dev
4533,Joseph White,joseph.white.923@techcorp.org
4534,Thomas Martin,thomas.martin.130@techcorp.org
4535,Michael Johnson,michael.johnson.864@techcorp.org
4536,Joseph Clark,joseph.clark.289@mail.net
4537,John Brown,john.brown.995@example.com
4538,Charles Thompson,charles.thompson.535@example.com
4539,Sophia Martin,sophia.martin.434@mail.net
4540,Thomas Jackson,thomas.jackson.854@techcorp.org
4541,Sophia Miller,sophia.miller.815@example.com
4542,William Clark,william.clark.581@testmail.com
4543,Joseph Miller,joseph.miller.372@techcorp.org
4544,Ava Martin,ava.martin.684@testmail.com
4545,David Sanchez,david.sanchez.674@testmail.com
4546,Charlotte Brown,charlotte.brown.925@techcorp.org
4547,John Thompson,john.thompson.146@rdbms.dev
4548,Charlotte Lee,charlotte.lee.252@example.com
4549,David Ramirez,david.ramirez.403@example.com
4550,Olivia Ramirez,olivia.ramirez.148@example.com
4551,Isabella Harris,isabella.harris.518@techcorp.org
4552,Olivia Taylor,olivia.taylor.948@example.com
4553,Michael Walker,michael.walker.563@techcorp.org
4554,Richard Miller,richard.miller.531@techcorp.org
4555,Richard Martin,richard.martin.889@rdbms.dev
4556,Olivia Jackson,olivia.jackson.696@rdbms.dev
4557,Amelia Lewis,amelia.lewis.660@mail.net
4558,John Moore,john.moore.170@testmail.com
4559,Mia Thompson,mia.thompson.822@testmail.com
4560,Sophia Thompson,sophia.thompson.702@testmail.com
4561,Amelia Taylor,amelia.taylor.106@example.com
4562,Michael Miller,michael.miller.695@techcorp.org
4563,Amelia Miller,amelia.miller.284@mail.net
4564,Charles Lee,charles.lee.814@testmail.com
4565,James Walker,james.walker.246@mail.net
4566,Michael Lee,michael.lee.409@example.com
4567,Emma Taylor,emma.taylor.693@testmail.com
4568,Michael Walker,michael.walker.894@techcorp.org
4569,William Lewis,william.lewis.354@mail.net
4570,Emily Clark,emily.clark.915@testmail.com
4571,Jane Clark,jane.clark.740@techcorp.org
4572,John White,john.white.360@testmail.com
4573,Olivia Brown,olivia.brown.732@example.com
4574,Emma Lewis,emma.lewis.826@example.com
4575,Mia Taylor,mia.taylor.640@example.com
4576,John White,john.white.346@techcorp.org
4577,Charles Wilson,charles.wilson.370@testmail.com
4578,Jane Lewis,jane.lewis.444@testmail.com
4579,Charles Jackson,charles.jackson.604@techcorp.org
4580,Thomas Walker,thomas.walker.978@techcorp.org
4581,Isabella Sanchez,isabella.sanchez.408@rdbms.dev
4582,Richard White,richard.white.510@example.com
4583,Ava Robinson,ava.robinson.230@rdbms.dev
4584,Olivia Smith,olivia.smith.218@techcorp.org
4585,Joseph Moore,joseph.moore.737@techcorp.org
4586,Emily Walker,emily.walker.672@techcorp.org
4587,Amelia Sanchez,amelia.sanchez.251@techcorp.org
4588,William Clark,william.clark.267@techcorp.org
4589,David Brown,david.brown.219@mail.net
4590,Richard White,richard.white.464@mail.net
4591,Richard Sanchez,richard.sanchez.169@testmail.com
4592,Emma Jackson,emma.jackson.196@example.com
4593,Emma Miller,emma.miller.631@techcorp.org
4594,Robert Robinson,robert.robinson.743@example.com
4595,Amelia Smith,amelia.smith.100@example.com
4596,Olivia Johnson,olivia.johnson.470@testmail.com
4597,John Moore,john.moore.540@example.com
4598,Olivia Robinson,olivia.robinson.109@rdbms.dev
4599,John Taylor,john.taylor.917@example.com
4600,Olivia Lewis,olivia.lewis.323@example.com
4601,Emma Lee,emma.lee.602@rdbms.dev
4602,Emily Moore,emily.moore.391@techcorp.org
4603,Charles Moore,charles.moore.566@mail.net
4604,Amelia Brown,amelia.brown.905@example.com
4605,Thomas Lewis,thomas.lewis.550@techcorp.org
4606,David White,david.white.170@testmail.com
4607,Sophia Robinson,sophia.robinson.738@testmail.com
4608,Amelia Brown,amelia.brown.566@mail.net
4609,Charles Clark,charles.clark.211@testmail.com
4610,Thomas Jackson,thomas.jackson.367@example.com
4611,Joseph Johnson,joseph.johnson.744@rdbms.dev
4612,Sophia Lee,sophia.lee.155@example.com
4613,Jane Lee,jane.lee.911@testmail.com
4614,Olivia Smith,olivia.smith.813@testmail.com
4615,Sophia Johnson,sophia.johnson.969@testmail.com
4616,Olivia Perez,olivia.perez.564@testmail.com
4617,Emily Clark,emily.clark.895@techcorp.org
4618,Isabella Smith,isabella.smith.455@mail.net
4619,Amelia Lewis,amelia.lewis.914@testmail.com
4620,Joseph Smith,joseph.smith.325@rdbms.dev
4621,James Jackson,james.jackson.746@rdbms.dev
4622,William Taylor,william.taylor.704@mail.net
4623,Richard Harris,richard.harris.736@mail.net
4624,Ava Lewis,ava.lewis.581@rdbms.dev
4625,Thomas Jackson,thomas.jackson.953@testmail.com
4626,Robert Harris,robert.harris.232@example.com
4627,David Thompson,david.thompson.763@techcorp.org
4628,Charlotte Taylor,charlotte.taylor.363@mail.net
4629,David Wilson,david.wilson.659@testmail.com
4630,Charlotte White,charlotte.white.745@mail.net
4631,James Harris,james.harris.248@mail.net
4632,Ava Brown,ava.brown.927@techcorp.org
4633,Amelia Miller,amelia.miller.300@testmail.com
4634,Richard Johnson,richard.johnson.154@mail.net
4635,Amelia Moore,amelia.moore.694@rdbms.dev
4636,Charlotte Robinson,charlotte.robinson.126@testmail.com
4637,William Clark,william.clark.173@mail.net
4638,Isabella Smith,isabella.smith.798@example.com
4639,Emma Lee,emma.lee.152@mail.net
4640,Mia Harris,mia.harris.268@testmail.com
4641,Sophia Sanchez,sophia.sanchez.835@rdbms.dev
4642,Emily White,emily.white.529@mail.net
4643,Isabella Taylor,isabella.taylor.664@example.com
4644,Michael Lee,michael.lee.763@rdbms.dev
4645,Joseph Lewis,joseph.lewis.961@testmail.com
4646,Isabella Moore,isabella.moore.911@rdbms.dev
4647,James Jackson,james.jackson.889@testmail.com
4648,Emily Miller,emily.miller.743@testmail.com
4649,Michael Clark,michael.clark.158@example.com
4650,Robert Martin,robert.martin.247@rdbms.dev
4651,Joseph Perez,joseph.perez.634@example.com
4652,Jane Lewis,jane.lewis.306@techcorp.org
4653,Charles Martin,charles.martin.582@rdbms.dev
4654,Michael White,michael.white.241@example.com
4655,Robert Taylor,robert.taylor.418@techcorp.org
4656,Thomas Jackson,thomas.jackson.288@example.com
4657,Amelia Martin,amelia.martin.948@mail.net
4658,Robert Walker,robert.walker.122@example.com
4659,William Harris,william.harris.372@techcorp.org
4660,William Thompson,william.thompson.618@techcorp.org
4661,Charlotte Lewis,charlotte.lewis.858@example.com
4662,Mia Jackson,mia.jackson.450@rdbms.dev
4663,Michael Moore,michael.moore.892@techcorp.org
4664,James Thompson,james.thompson.884@mail.net
4665,Richard Taylor,richard.taylor.734@rdbms.dev
4666,Charlotte Perez,charlotte.perez.153@techcorp.org
4667,Charles Lewis,charles.lewis.846@testmail.com
4668,Sophia Taylor,sophia.taylor.209@testmail.com
4669,Amelia Lee,amelia.lee.908@testmail.com
4670,Charles Smith,charles.smith.720@testmail.com
4671,Michael Wilson,michael.wilson.138@mail.net
4672,Amelia Sanchez,amelia.sanchez.498@example.com
4673,Isabella Johnson,isabella.johnson.854@mail.net
4674,Amelia Clark,amelia.clark.273@example.com
4675,Richard Smith,richard.smith.394@rdbms.dev
4676,Olivia Moore,olivia.moore.233@rdbms.dev
4677,Charles Smith,charles.smith.272@testmail.com
4678,Olivia Robinson,olivia.robinson.693@techcorp.org
4679,Emma Jackson,emma.jackson.511@rdbms.dev
4680,John Lee,john.lee.962@testmail.com
4681,William Harris,william.harris.373@techcorp.org
4682,James Clark,james.clark.522@example.com
4683,James Moore,james.moore.162@rdbms.dev
4684,Amelia Martin,amelia.martin.711@techcorp.org
4685,Mia Lewis,mia.lewis.962@techcorp.org
4686,Amelia Johnson,amelia.johnson.533@techcorp.org
4687,Charles Smith,charles.smith.520@mail.net
4688,Michael Perez,michael.perez.416@techcorp.org
4689,Jane Lee,jane.lee.549@techcorp.org
4690,Emily Jackson,emily.jackson.228@example.com
4691,John Thompson,john.thompson.637@mail.net
4692,Emma Jackson,emma.jackson.379@mail.net
4693,Ava Jackson,ava.jackson.621@techcorp.org
4694,Jane Lee,jane.lee.714@example.com
4695,Charles Taylor,charles.taylor.580@example.com
4696,Thomas Thompson,thomas.thompson.347@testmail.com
4697,Olivia Brown,olivia.brown.290@rdbms.dev
4698,Mia Walker,mia.walker.737@mail.net
4699,John Ramirez,john.ramirez.734@techcorp.org
4700,Jane Perez,jane.perez.417@techcorp.org
4701,Emily Taylor,emily.taylor.245@rdbms.dev
4702,Thomas Brown,thomas.brown.255@mail.net
4703,Robert Wilson,robert.wilson.248@rdbms.dev
4704,Olivia Smith,olivia.smith.394@rdbms.dev
4705,Mia Thompson,mia.thompson.528@rdbms.dev
4706,William Martin,william.martin.930@techcorp.org
4707,Sophia Clark,sophia.clark.425@mail.net
4708,Olivia Harris,olivia.harris.958@example.com
4709,Jane Harris,jane.harris.597@example.com
4710,Olivia Harris,olivia.harris.883@techcorp.org
4711,James Johnson,james.johnson.547@testmail.com
4712,Emma Miller,emma.miller.385@techcorp.org
4713,Olivia Smith,olivia.smith.209@rdbms.dev
4714,Isabella Walker,isabella.walker.897@example.com
4715,Thomas Jackson,thomas.jackson.642@mail.net
4716,Charlotte Sanchez,charlotte.sanchez.959@techcorp.org
4717,Emily Miller,emily.miller.118@testmail.com
4718,Robert Sanchez,robert.sanchez.503@testmail.com
4719,Richard Brown,richard.brown.485@techcorp.org
4720,Richard Martin,richard.martin.592@techcorp.org
4721,Emily Jackson,emily.jackson.593@example.com
4722,Charles Walker,charles.walker.830@example.com
4723,Charles Perez,charles.perez.370@techcorp.org
4724,Ava Sanchez,ava.sanchez.914@rdbms.dev
4725,Emma Harris,emma.harris.809@rdbms.dev
4726,Thomas Wilson,thomas.wilson.737@example.com
4727,Emily Smith,emily.smith.292@testmail.com
4728,William Ramirez,william.ramirez.285@testmail.com
4729,James White,james.white.106@example.com
4730,Michael Smith,michael.smith.389@mail.net
4731,Charles Lee,charles.lee.802@techcorp.org
4732,Emily Ramirez,emily.ramirez.372@mail.net
4733,Michael Clark,michael.clark.942@example.com
4734,Jane Lewis,jane.lewis.110@techcorp.org
4735,James Walker,james.walker.860@rdbms.dev
4736,Mia Martin,mia.martin.930@example.com
4737,Richard Clark,richard.clark.805@rdbms.dev
4738,Michael Robinson,michael.robinson.308@example.com
4739,Ava Brown,ava.brown.699@rdbms.dev
4740,Amelia Ramirez,amelia.ramirez.968@techcorp.org
4741,Richard Lee,richard.lee.476@mail.net
4742,Charles Miller,charles.miller.152@testmail.com
4743,Isabella Walker,isabella.walker.812@rdbms.dev
4744,Emily Martin,emily.martin.995@mail.net
4745,Richard Robinson,richard.robinson.680@mail.net
4746,Mia Martin,mia.martin.806@testmail.com
4747,Sophia Ramirez,sophia.ramirez.298@example.com
4748,Richard Taylor,richard.taylor.513@example.com
4749,Mia White,mia.white.627@example.com
4750,Charlotte Thompson,charlotte.thompson.990@techcorp.org
4751,Jane Taylor,jane.taylor.847@testmail.com
4752,Joseph Harris,joseph.harris.375@mail.net
4753,Emma Clark,emma.clark.413@testmail.com
4754,Charles Perez,charles.perez.882@example.com
4755,Amelia Clark,amelia.clark.468@example.com
4756,Isabella Robinson,isabella.robinson.767@rdbms.dev
4757,Amelia Harris,amelia.harris.253@mail.net
4758,Thomas Taylor,thomas.taylor.445@mail.net
4759,Robert Martin,robert.martin.342@testmail.com
4760,Joseph Wilson,joseph.wilson.482@mail.net
4761,Olivia Robinson,olivia.robinson.752@mail.net
4762,Michael Johnson,michael.johnson.274@example.com
4763,David Clark,david.clark.940@rdbms.dev
4764,Charlotte Smith,charlotte.smith.817@rdbms.dev
4765,James Robinson,james.robinson.113@rdbms.dev
4766,Joseph Brown,joseph.brown.391@mail.net
4767,William Wilson,william.wilson.617@testmail.com
4768,Thomas Smith,thomas.smith.840@rdbms.dev
4769,John Brown,john.brown.385@testmail.com
4770,Ava Thompson,ava.thompson.338@techcorp.org
4771,Amelia Robinson,amelia.robinson.332@mail.net
4772,Joseph Jackson,joseph.jackson.293@techcorp.org
4773,Richard Moore,richard.moore.507@rdbms.dev
4774,John Thompson,john.thompson.178@rdbms.dev
4775,James Lee,james.lee.806@mail.net
4776,Emma Wilson,emma.wilson.740@testmail.com
4777,James White,james.white.738@example.com
4778,Isabella Thompson,isabella.thompson.532@example.com
4779,Michael Robinson,michael.robinson.970@rdbms.dev
4780,Ava Thompson,ava.thompson.424@techcorp.org
4781,Sophia Perez,sophia.perez.193@techcorp.org
4782,Sophia Lewis,sophia.lewis.664@rdbms.dev
4783,Mia Miller,mia.miller.621@mail.net
4784,Olivia Walker,olivia.walker.590@rdbms.dev
4785,William Sanchez,william.sanchez.353@example.com
4786,William Harris,william.harris.986@testmail.com
4787,Charles Walker,charles.walker.318@mail.net
4788,Robert Miller,robert.miller.929@mail.net
4789,Joseph Moore,joseph.moore.990@rdbms.dev
4790,John Thompson,john.thompson.499@mail.net
4791,Emily Jackson,emily.jackson.989@testmail.com
4792,Ava Johnson,ava.johnson.851@techcorp.org
4793,Emma Sanchez,emma.sanchez.318@techcorp.org
4794,Emma Miller,emma.miller.950@mail.net
4795,Joseph Moore,joseph.moore.528@techcorp.org
4796,Emma Harris,emma.harris.922@rdbms.dev
4797,Joseph White,joseph.white.990@rdbms.dev
4798,William Thompson,william.thompson.541@testmail.com
4799,Olivia Brown,olivia.brown.772@techcorp.org
4800,Ava Robinson,ava.robinson.772@rdbms.dev
4801,Mia Ramirez,mia.ramirez.528@techcorp.org
4802,William Clark,william.clark.232@mail.net
4803,Robert Taylor,robert.taylor.727@example.com
4804,David Smith,david.smith.986@mail.net
4805,Richard Thompson,richard.thompson.287@techcorp.org
4806,Emily White,emily.white.725@techcorp.org
4807,Charles Thompson,charles.thompson.379@techcorp.org
4808,Joseph Martin,joseph.martin.595@techcorp.org
4809,Robert Martin,robert.martin.428@testmail.com
4810,Mia Clark,mia.clark.811@example.com
4811,Amelia Miller,amelia.miller.469@example.com
4812,James Lee,james.lee.185@example.com
4813,Robert Sanchez,robert.sanchez.519@testmail.com
4814,James Miller,james.miller.498@techcorp.org
4815,William Miller,william.miller.684@mail.net
4816,Charles Lee,charles.lee.105@testmail.com
4817,Sophia Moore,sophia.moore.990@techcorp.org
4818,John Thompson,john.thompson.601@techcorp.org
4819,Thomas Clark,thomas.clark.510@testmail.com
4820,Richard Thompson,richard.thompson.901@mail.net
4821,Michael Martin,michael.martin.671@testmail.com
4822,James Ramirez,james.ramirez.363@testmail.com
4823,Sophia Jackson,sophia.jackson.187@testmail.com
4824,Richard Miller,richard.miller.218@mail.net
4825,Mia Thompson,mia.thompson.738@mail.net
4826,Thomas Lee,thomas.lee.507@testmail.com
4827,Richard Robinson,richard.robinson.982@techcorp.org
4828,Amelia Wilson,amelia.wilson.166@example.com
4829,Charles Wilson,charles.wilson.163@testmail.com
4830,Thomas Smith,thomas.smith.590@rdbms.dev
4831,William Walker,william.walker.852@mail.net
4832,Thomas Perez,thomas.perez.854@example.com
4833,Robert Lewis,robert.lewis.469@example.com
4834,Emily Robinson,emily.robinson.227@mail.net
4835,James Robinson,james.robinson.131@example.com
4836,John Walker,john.walker.282@example.com
4837,James Smith,james.smith.744@mail.net
4838,Michael Miller,michael.miller.611@rdbms.dev
4839,Jane Taylor,jane.taylor.471@example.com
4840,Michael Taylor,michael.taylor.978@example.com
4841,Amelia Lee,amelia.lee.539@example.com
4842,Charlotte Wilson,charlotte.wilson.589@mail.net
4843,Robert Thompson,robert.thompson.916@mail.net
4844,David Martin,david.martin.955@rdbms.dev
4845,Thomas Ramirez,thomas.ramirez.339@testmail.com
4846,David Perez,david.perez.803@testmail.com
4847,Charlotte Clark,charlotte.clark.757@rdbms.dev
4848,Michael Ramirez,michael.ramirez.918@techcorp.org
4849,Olivia Moore,olivia.moore.999@mail.net
4850,Charlotte Wilson,charlotte.wilson.444@testmail.com
4851,Jane Robinson,jane.robinson.805@mail.net
4852,John Taylor,john.taylor.129@mail.net
4853,Thomas Moore,thomas.moore.100@testmail.com
4854,Olivia Miller,olivia.miller.847@testmail.com
4855,Robert Taylor,robert.taylor.973@rdbms.dev
4856,Thomas Walker,thomas.walker.168@mail.net
4857,James Harris,james.harris.398@example.com
4858,Mia Brown,mia.brown.118@rdbms.dev
4859,Jane Miller,jane.miller.644@testmail.com
4860,William Miller,william.miller.749@testmail.com
4861,Emma Harris,emma.harris.734@example.com
4862,Isabella Brown,isabella.brown.563@example.com
4863,William Lee,william.lee.973@example.com
4864,John Clark,john.clark.774@rdbms.dev
4865,Jane Lee,jane.lee.368@rdbms.dev
4866,Ava Sanchez,ava.sanchez.971@techcorp.org
4867,Joseph Martin,joseph.martin.649@mail.net
4868,Charles Sanchez,charles.sanchez.719@rdbms.dev
4869,Mia White,mia.white.460@rdbms.dev
4870,Emily Harris,emily.harris.854@example.com
4871,Robert Jackson,robert.jackson.185@example.com
4872,Isabella Miller,isabella.miller.709@mail.net
4873,Olivia Miller,olivia.miller.504@example.com
4874,John Thompson,john.thompson.476@testmail.com
4875,John Lewis,john.lewis.410@example.com
4876,Robert Walker,robert.walker.471@mail.net
4877,Amelia Moore,amelia.moore.510@mail.net
4878,Amelia Moore,amelia.moore.151@testmail.com
4879,David Smith,david.smith.130@rdbms.dev
4880,Robert Johnson,robert.johnson.623@mail.net
4881,William Thompson,william.thompson.819@techcorp.org
4882,Thomas Harris,thomas.harris.344@rdbms.dev
4883,Jane Clark,jane.clark.576@rdbms.dev
4884,Amelia Walker,amelia.walker.601@example.com
4885,Sophia Johnson,sophia.johnson.588@techcorp.org
4886,Mia Perez,mia.perez.409@testmail.com
4887,Sophia Johnson,sophia.johnson.463@example.com
4888,David Sanchez,david.sanchez.446@rdbms.dev
4889,William Lewis,william.lewis.900@example.com
4890,Isabella Clark,isabella.clark.430@mail.net
4891,Sophia Robinson,sophia.robinson.703@testmail.com
4892,Ava Brown,ava.brown.132@example.com
4893,Sophia Harris,sophia.harris.596@rdbms.dev
4894,David Walker,david.walker.325@rdbms.dev
4895,Robert Taylor,robert.taylor.264@example.com
4896,Emma Taylor,emma.taylor.405@rdbms.dev
4897,Michael Sanchez,michael.sanchez.242@example.com
4898,Ava Wilson,ava.wilson.673@techcorp.org
4899,Olivia Sanchez,olivia.sanchez.545@rdbms.dev
4900,Olivia Walker,olivia.walker.100@mail.net
4901,Olivia Lee,olivia.lee.605@testmail.com
4902,David Thompson,david.thompson.441@testmail.com
4903,Ava Lewis,ava.lewis.708@mail.net
4904,Olivia Perez,olivia.perez.164@rdbms.dev
4905,Sophia Taylor,sophia.taylor.673@rdbms.dev
4906,Mia Moore,mia.moore.313@mail.net
4907,Amelia Ramirez,amelia.ramirez.918@techcorp.org
4908,James Wilson,james.wilson.507@example.com
4909,Emily Moore,emily.moore.915@techcorp.org
4910,Richard Brown,richard.brown.966@rdbms.dev
4911,Mia Ramirez,mia.ramirez.749@techcorp.org
4912,John Perez,john.perez.232@techcorp.org
4913,Isabella Johnson,isabella.johnson.505@mail.net
4914,James Lewis,james.lewis.114@techcorp.org
4915,Sophia Sanchez,sophia.sanchez.525@techcorp.org
4916,Mia Johnson,mia.johnson.771@example.com
4917,Richard Lewis,richard.lewis.253@example.com
4918,Richard Thompson,richard.thompson.995@rdbms.dev
4919,Charles Perez,charles.perez.909@rdbms.dev
4920,Isabella Harris,isabella.harris.958@techcorp.org
4921,William Perez,william.perez.196@testmail.com
4922,Isabella Sanchez,isabella.sanchez.863@testmail.com
4923,Ava White,ava.white.300@testmail.com
4924,Richard Sanchez,richard.sanchez.536@mail.net
4925,Charles Miller,charles.miller.622@rdbms.dev
4926,Isabella Perez,isabella.perez.419@techcorp.org
4927,Amelia Brown,amelia.brown.754@techcorp.org
4928,Charlotte Ramirez,charlotte.ramirez.621@rdbms.dev
4929,Charlotte Johnson,charlotte.johnson.465@techcorp.org
4930,Sophia Robinson,sophia.robinson.346@techcorp.org
4931,Michael Martin,michael.martin.110@mail.net
4932,Richard Jackson,richard.jackson.544@testmail.com
4933,William Lee,william.lee.125@testmail.com
4934,Jane Harris,jane.harris.583@techcorp.org
4935,Sophia Lee,sophia.lee.704@testmail.com
4936,Robert Smith,robert.smith.327@example.com
4937,Emily Perez,emily.perez.394@techcorp.org
4938,Charlotte Lee,charlotte.lee.419@testmail.com
4939,Isabella Moore,isabella.moore.514@rdbms.dev
4940,John Martin,john.martin.357@mail.net
4941,Mia Ramirez,mia.ramirez.637@techcorp.org
4942,John Walker,john.walker.146@techcorp.org
4943,Robert Sanchez,robert.sanchez.654@mail.net
4944,Joseph White,joseph.white.367@testmail.com
4945,Ava Wilson,ava.wilson.162@rdbms.dev
4946,Joseph Lee,joseph.lee.179@example.com
4947,Joseph Thompson,joseph.thompson.659@techcorp.org
4948,Emily Wilson,emily.wilson.119@rdbms.dev
4949,Emily Harris,emily.harris.551@rdbms.dev
4950,Amelia Clark,amelia.clark.580@testmail.com
4951,Charles Walker,charles.walker.759@rdbms.dev
4952,James Moore,james.moore.415@rdbms.dev
4953,Emily Robinson,emily.robinson.185@rdbms.dev
4954,Isabella Brown,isabella.brown.236@techcorp.org
4955,Emma Perez,emma.perez.177@example.com
4956,Mia Harris,mia.harris.588@testmail.com
4957,James Walker,james.walker.363@mail.net
4958,Charles Martin,charles.martin.759@mail.net
4959,Richard Perez,richard.perez.393@rdbms.dev
4960,Richard Perez,richard.perez.444@testmail.com
4961,Sophia Martin,sophia.martin.366@example.com
4962,Emily Sanchez,emily.sanchez.512@example.com
4963,Michael Walker,michael.walker.693@example.com
4964,Ava Lee,ava.lee.507@testmail.com
4965,Charlotte Ramirez,charlotte.ramirez.500@mail.net
4966,Sophia Wilson,sophia.wilson.786@mail.net
4967,Michael Sanchez,michael.sanchez.450@rdbms.dev
4968,Jane Taylor,jane.taylor.949@example.com
4969,Joseph Jackson,joseph.jackson.519@example.com
4970,Robert Clark,robert.clark.878@testmail.com
4971,Richard Clark,richard.clark.498@techcorp.org
4972,Jane Miller,jane.miller.661@example.com
4973,Joseph Perez,joseph.perez.637@rdbms.dev
4974,Isabella Miller,isabella.miller.399@techcorp.org
4975,Charlotte Lewis,charlotte.lewis.770@mail.net
4976,Olivia Sanchez,olivia.sanchez.615@mail.net
4977,Emma Moore,emma.moore.548@techcorp.org
4978,Mia Thompson,mia.thompson.111@testmail.com
4979,Michael Sanchez,michael.sanchez.884@techcorp.org
4980,David Taylor,david.taylor.380@testmail.com
4981,James Clark,james.clark.225@example.com
4982,Sophia White,sophia.white.417@mail.net
4983,Robert Harris,robert.harris.621@rdbms.dev
4984,John Brown,john.brown.327@mail.net
4985,David Sanchez,david.sanchez.657@techcorp.org
4986,William Lee,william.lee.106@example.com
4987,Mia Ramirez,mia.ramirez.968@example.com
4988,Isabella Sanchez,isabella.sanchez.743@techcorp.org
4989,Joseph Thompson,joseph.thompson.117@techcorp.org
4990,Richard Perez,richard.perez.503@techcorp.org
4991,Charles Walker,charles.walker.181@techcorp.org
4992,Mia Walker,mia.walker.840@example.com
4993,Ava Lewis,ava.lewis.840@techcorp.org
4994,Ava Martin,ava.martin.365@example.com
4995,Isabella Robinson,isabella.robinson.856@testmail.com
4996,Emily Robinson,emily.robinson.226@rdbms.dev
4997,Emily Johnson,emily.johnson.873@example.com
4998,Sophia White,sophia.white.829@testmail.com
4999,Michael Martin,michael.martin.211@rdbms.dev
5000,John Brown,john.brown.651@mail.net
5001,David Martin,david.martin.363@techcorp.org
5002,Thomas Moore,thomas.moore.300@example.com
5003,Richard Harris,richard.harris.818@testmail.com
5004,Joseph Miller,joseph.miller.359@techcorp.org
5005,Richard Robinson,richard.robinson.373@example.com
5006,Olivia Martin,olivia.martin.821@mail.net
5007,Olivia Robinson,olivia.robinson.174@mail.net
5008,Ava Martin,ava.martin.427@rdbms.dev
5009,Isabella Brown,isabella.brown.651@mail.net
5010,Richard Lee,richard.lee.501@mail.net
5011,David Jackson,david.jackson.534@testmail.com
5012,David Robinson,david.robinson.974@techcorp.org
5013,Sophia Johnson,sophia.johnson.300@techcorp.org
5014,Isabella White,isabella.white.767@mail.net
5015,Olivia White,olivia.white.603@techcorp.org
5016,James Brown,james.brown.388@mail.net
5017,Richard Johnson,richard.johnson.284@techcorp.org
5018,Emma Sanchez,emma.sanchez.393@testmail.com
5019,Isabella White,isabella.white.182@testmail.com
5020,Emily Lee,emily.lee.268@techcorp.org
5021,Amelia Harris,amelia.harris.158@testmail.com
5022,John Robinson,john.robinson.744@mail.net
5023,Robert Wilson,robert.wilson.674@techcorp.org
5024,Mia Jackson,mia.jackson.582@example.com
5025,Ava Sanchez,ava.sanchez.822@testmail.com
5026,Thomas Johnson,thomas.johnson.346@example.com
5027,Richard Johnson,richard.johnson.796@rdbms.dev
5028,Charles Taylor,charles.taylor.897@techcorp.org
5029,Amelia Taylor,amelia.taylor.801@rdbms.dev
5030,Mia Smith,mia.smith.463@mail.net
5031,Michael Clark,michael.clark.199@example.com
5032,Emily Lewis,emily.lewis.823@mail.net
5033,David Lee,david.lee.422@mail.net
5034,Joseph Johnson,joseph.johnson.537@example.com
5035,Mia Sanchez,mia.sanchez.908@rdbms.dev
5036,Emily Johnson,emily.johnson.795@mail.net
5037,James Martin,james.martin.498@mail.net
5038,John Miller,john.miller.532@example.com
5039,Charles Jackson,charles.jackson.937@rdbms.dev
5040,James Harris,james.harris.995@techcorp.org
5041,Olivia Martin,olivia.martin.947@rdbms.dev
5042,Sophia Walker,sophia.walker.640@rdbms.dev
5043,Ava Johnson,ava.johnson.480@techcorp.org
5044,Ava Lee,ava.lee.960@techcorp.org
5045,Olivia Clark,olivia.clark.783@mail.net
5046,Sophia Johnson,sophia.johnson.608@rdbms.dev
5047,Emma Smith,emma.smith.164@rdbms.dev
5048,Olivia Brown,olivia.brown.840@testmail.com
5049,Robert White,robert.white.991@mail.net
5050,James Clark,james.clark.224@rdbms.dev
5051,Emily White,emily.white.483@example.com
5052,Richard Lewis,richard.lewis.815@techcorp.org
5053,Michael Wilson,michael.wilson.629@mail.net
5054,William Clark,william.clark.653@mail.net
5055,Olivia Walker,olivia.walker.421@testmail.com
5056,Isabella Taylor,isabella.taylor.301@testmail.com
5057,John Johnson,john.johnson.245@testmail.com
5058,William Perez,william.perez.136@rdbms.dev
5059,Charlotte Miller,charlotte.miller.220@example.com
5060,James Robinson,james.robinson.340@example.com
5061,Amelia Lewis,amelia.lewis.448@example.com
5062,Sophia Moore,sophia.moore.451@mail.net
5063,Michael Robinson,michael.robinson.217@rdbms.dev
5064,Olivia White,olivia.white.224@techcorp.org
5065,Charlotte Lewis,charlotte.lewis.861@mail.net
5066,Mia Perez,mia.perez.382@example.com
5067,Emma Lee,emma.lee.118@testmail.com
5068,Thomas Lewis,thomas.lewis.892@techcorp.org
5069,Richard Lee,richard.lee.254@techcorp.org
5070,Jane Brown,jane.brown.918@mail.net
5071,David Miller,david.miller.620@example.com
5072,Isabella Thompson,isabella.thompson.529@techcorp.org
5073,Olivia Smith,olivia.smith.887@mail.net
5074,Emily Brown,emily.brown.528@testmail.com
5075,Emily White,emily.white.804@testmail.com
5076,Thomas Sanchez,thomas.sanchez.604@rdbms.dev
5077,Joseph Smith,joseph.smith.581@techcorp.org
5078,Mia Taylor,mia.taylor.255@example.com
5079,James Lee,james.lee.327@mail.net
5080,Mia Thompson,mia.thompson.390@example.com
5081,Isabella Sanchez,isabella.sanchez.886@rdbms.dev
5082,Ava Taylor,ava.taylor.859@testmail.com
5083,Charlotte Lee,charlotte.lee.529@testmail.com
5084,Emma Moore,emma.moore.478@techcorp.org
5085,Joseph Perez,joseph.perez.106@example.com
5086,Michael Lee,michael.lee.412@techcorp.org
5087,William Ramirez,william.ramirez.319@rdbms.dev
5088,Charlotte Lee,charlotte.lee.757@rdbms.dev
5089,Emma Moore,emma.moore.428@example.com
5090,William Walker,william.walker.291@techcorp.org
5091,Ava Lewis,ava.lewis.904@mail.net
5092,Jane Robinson,jane.robinson.427@rdbms.dev
5093,Ava Perez,ava.perez.345@example.com
5094,Charles Robinson,charles.robinson.593@mail.net
5095,John Jackson,john.jackson.164@example.com
5096,James Jackson,james.jackson.936@example.com
5097,Joseph Miller,joseph.miller.742@example.com
5098,Sophia Moore,sophia.moore.433@mail.net
5099,Ava Jackson,ava.jackson.825@testmail.com
5100,David Sanchez,david.sanchez.932@mail.net
5101,Charlotte Walker,charlotte.walker.653@example.com
5102,Emily Thompson,emily.thompson.438@example.com
5103,Ava Clark,ava.clark.608@techcorp.org
5104,James White,james.white.756@techcorp.org
5105,Sophia Lewis,sophia.lewis.389@rdbms.dev
5106,James Brown,james.brown.731@testmail.com
5107,Jane Smith,jane.smith.380@mail.net
5108,Charlotte Ramirez,charlotte.ramirez.426@example.com
5109,Mia Wilson,mia.wilson.272@mail.net
5110,Amelia Sanchez,amelia.sanchez.128@testmail.com
5111,Amelia Thompson,amelia.thompson.326@techcorp.org
5112,William Brown,william.brown.208@mail.net
5113,Robert Johnson,robert.johnson.493@rdbms.dev
5114,Robert Harris,robert.harris.820@mail.net
5115,Charles Lewis,charles.lewis.811@mail.net
5116,Mia Clark,mia.clark.152@testmail.com
5117,Mia Walker,mia.walker.116@mail.net
5118,Isabella Miller,isabella.miller.335@testmail.com
5119,Thomas Robinson,thomas.robinson.148@example.com
5120,Charles Martin,charles.martin.648@testmail.com
5121,Isabella Clark,isabella.clark.384@example.com
5122,Sophia Johnson,sophia.johnson.487@rdbms.dev
5123,Amelia White,amelia.white.784@example.com
5124,James Thompson,james.thompson.410@techcorp.org
5125,Mia Ramirez,mia.ramirez.402@mail.net
5126,Charles Jackson,charles.jackson.310@example.com
5127,Mia Wilson,mia.wilson.132@example.com
5128,Charles Johnson,charles.johnson.634@example.com
5129,Michael Lewis,michael.lewis.377@rdbms.dev
5130,Olivia Brown,olivia.brown.238@rdbms.dev
5131,Thomas Smith,thomas.smith.729@techcorp.org
5132,Ava Clark,ava.clark.615@mail.net
5133,Mia Smith,mia.smith.860@techcorp.org
5134,James Clark,james.clark.456@example.com
5135,David Jackson,david.jackson.757@example.com
5136,Jane Lewis,jane.lewis.818@mail.net
5137,William Sanchez,william.sanchez.483@rdbms.dev
5138,David Ramirez,david.ramirez.801@techcorp.org
5139,Charles Clark,charles.clark.444@mail.net
5140,Thomas Sanchez,thomas.sanchez.594@testmail.com
5141,Sophia Jackson,sophia.jackson.844@techcorp.org
5142,Olivia Moore,olivia.moore.842@example.com
5143,Ava Harris,ava.harris.110@rdbms.dev
5144,Emily Perez,emily.perez.364@example.com
5145,Emily Miller,emily.miller.115@techcorp.org
5146,Richard Sanchez,richard.sanchez.272@mail.net
5147,Joseph Johnson,joseph.johnson.569@testmail.com
5148,Charles Ramirez,charles.ramirez.472@mail.net
5149,Mia Lewis,mia.lewis.881@example.com
5150,Joseph Lee,joseph.lee.434@techcorp.org
5151,Ava Jackson,ava.jackson.368@testmail.com
5152,Olivia Robinson,olivia.robinson.483@example.com
5153,Mia Thompson,mia.thompson.903@example.com
5154,Amelia Lee,amelia.lee.558@techcorp.org
5155,Isabella Taylor,isabella.taylor.704@example.com
5156,Mia Robinson,mia.robinson.329@example.com
5157,Thomas Walker,thomas.walker.486@testmail.com
5158,Richard Taylor,richard.taylor.295@techcorp.org
5159,Jane Harris,jane.harris.203@mail.net
5160,Charlotte Taylor,charlotte.taylor.454@rdbms.dev
5161,Emma Sanchez,emma.sanchez.883@rdbms.dev
5162,Ava White,ava.white.301@testmail.com
5163,Richard Harris,richard.harris.752@techcorp.org
5164,Michael Taylor,michael.taylor.486@techcorp.org
5165,Olivia Walker,olivia.walker.262@testmail.com
5166,Charles Lewis,charles.lewis.609@rdbms.dev
5167,Michael Martin,michael.martin.434@techcorp.org
5168,Thomas Jackson,thomas.jackson.766@techcorp.org
5169,Robert Brown,robert.brown.380@testmail.com
5170,Jane Lee,jane.lee.494@example.com
5171,Charles Sanchez,charles.sanchez.501@rdbms.dev
5172,Charlotte Harris,charlotte.harris.355@testmail.com
5173,Thomas Robinson,thomas.robinson.300@testmail.com
5174,Emily Jackson,emily.jackson.614@rdbms.dev
5175,Emily Ramirez,emily.ramirez.978@testmail.com
5176,Richard Miller,richard.miller.667@testmail.com
5177,Sophia Harris,sophia.harris.364@rdbms.dev
5178,Jane Lee,jane.lee.300@testmail.com
5179,David Smith,david.smith.123@example.com
5180,Thomas Perez,thomas.perez.696@techcorp.org
5181,Emily Perez,emily.perez.760@rdbms.dev
5182,Charles Harris,charles.harris.603@mail.net
5183,John Johnson,john.johnson.592@testmail.com
5184,David Martin,david.martin.517@rdbms.dev
5185,Emma White,emma.white.529@techcorp.org
5186,Amelia Lewis,amelia.lewis.884@rdbms.dev
5187,Jane Harris,jane.harris.102@rdbms.dev
5188,Charles Martin,charles.martin.967@example.com
5189,William Clark,william.clark.799@testmail.com
5190,Richard Walker,richard.walker.964@mail.net
5191,David Lewis,david.lewis.214@mail.net
5192,Joseph Brown,joseph.brown.612@techcorp.org
5193,Olivia Lewis,olivia.lewis.748@techcorp.org
5194,Amelia Martin,amelia.martin.428@techcorp.org
5195,Michael Moore,michael.moore.573@techcorp.org
5196,David Jackson,david.jackson.143@techcorp.org
5197,John Johnson,john.johnson.542@mail.net
5198,James Sanchez,james.sanchez.121@rdbms.dev
5199,James Robinson,james.robinson.523@mail.net
5200,William Wilson,william.wilson.341@mail.net
5201,Charlotte Lewis,charlotte.lewis.586@example.com
5202,Joseph Smith,joseph.smith.337@rdbms.dev
5203,Robert White,robert.white.819@example.com
5204,Robert Moore,robert.moore.972@example.com
5205,Emma Johnson,emma.johnson.409@example.com
5206,Richard Lee,richard.lee.143@techcorp.org
5207,John Moore,john.moore.928@example.com
5208,John Smith,john.smith.828@rdbms.dev
5209,Charles Ramirez,charles.ramirez.198@mail.net
5210,Thomas Wilson,thomas.wilson.950@rdbms.dev
5211,Richard Thompson,richard.thompson.421@mail.net
5212,Richard Walker,richard.walker.135@rdbms.dev
5213,David Harris,david.harris.385@techcorp.org
5214,David Jackson,david.jackson.842@mail.net
5215,Emily White,emily.white.131@testmail.com
5216,John Lee,john.lee.593@example.com
5217,Ava Harris,ava.harris.404@testmail.com
5218,Charlotte Miller,charlotte.miller.368@example.com
5219,Amelia Smith,amelia.smith.542@testmail.com
5220,Isabella Lee,isabella.lee.653@testmail.com
5221,Amelia Ramirez,amelia.ramirez.886@techcorp.org
5222,William Ramirez,william.ramirez.991@rdbms.dev
5223,William Smith,william.smith.737@mail.net
5224,James Perez,james.perez.261@testmail.com
5225,Emily Lewis,emily.lewis.553@rdbms.dev
5226,Joseph Martin,joseph.martin.912@rdbms.dev
5227,Olivia Clark,olivia.clark.495@testmail.com
5228,Thomas Clark,thomas.clark.982@example.com
5229,Amelia Lee,amelia.lee.877@mail.net
5230,Emma White,emma.white.835@testmail.com
5231,Charlotte Clark,charlotte.clark.978@techcorp.org
5232,Emma White,emma.white.235@rdbms.dev
5233,John Lewis,john.lewis.493@example.com
5234,David Moore,david.moore.345@rdbms.dev
5235,Ava Wilson,ava.wilson.554@mail.net
5236,Joseph Smith,joseph.smith.691@testmail.com
5237,Robert Lee,robert.lee.364@example.com
5238,Joseph Lee,joseph.lee.924@example.com
5239,Charlotte Perez,charlotte.perez.140@testmail.com
5240,William Ramirez,william.ramirez.608@testmail.com
5241,David Jackson,david.jackson.463@testmail.com
5242,Emily Martin,emily.martin.137@rdbms.dev
5243,Isabella Wilson,isabella.wilson.126@techcorp.org
5244,James Clark,james.clark.595@rdbms.dev
5245,William Brown,william.brown.354@techcorp.org
5246,Mia Johnson,mia.johnson.705@rdbms.dev
5247,Sophia Lee,sophia.lee.752@rdbms.dev
5248,Ava Ramirez,ava.ramirez.755@testmail.com
5249,Thomas Wilson,thomas.wilson.782@example.com
5250,Emily Miller,emily.miller.759@example.com
5251,Sophia Thompson,sophia.thompson.556@techcorp.org
5252,David Martin,david.martin.711@testmail.com
5253,John Walker,john.walker.491@testmail.com
5254,James Johnson,james.johnson.782@testmail.com
5255,Mia Ramirez,mia.ramirez.875@mail.net
5256,Mia Clark,mia.clark.235@mail.net
5257,Emily Sanchez,emily.sanchez.831@testmail.com
5258,Ava Lewis,ava.lewis.678@testmail.com
5259,Robert Martin,robert.martin.808@techcorp.org
5260,Jane Brown,jane.brown.627@rdbms.dev
5261,James Wilson,james.wilson.618@example.com
5262,Thomas Robinson,thomas.robinson.389@rdbms.dev
5263,Jane Harris,jane.harris.136@example.com
5264,Olivia Moore,olivia.moore.302@techcorp.org
5265,Charles Sanchez,charles.sanchez.774@rdbms.dev
5266,Sophia Robinson,sophia.robinson.160@example.com
5267,Jane Taylor,jane.taylor.448@mail.net
5268,John Lewis,john.lewis.700@rdbms.dev
5269,Jane Sanchez,jane.sanchez.230@techcorp.org
5270,Michael Robinson,michael.robinson.415@rdbms.dev
5271,Jane Smith,jane.smith.718@testmail.com
5272,James Harris,james.harris.454@testmail.com
5273,James Robinson,james.robinson.960@testmail.com
5274,Charles Perez,charles.perez.895@rdbms.dev
5275,Emily Martin,emily.martin.464@techcorp.org
5276,Michael Jackson,michael.jackson.234@example.com
5277,Amelia Robinson,amelia.robinson.757@testmail.com
5278,Emily Walker,emily.walker.346@testmail.com
5279,Charlotte Thompson,charlotte.thompson.284@testmail.com
5280,Jane Wilson,jane.wilson.287@rdbms.dev
5281,James Perez,james.perez.236@techcorp.org
5282,Joseph Jackson,joseph.jackson.705@testmail.com
5283,John Jackson,john.jackson.244@example.com
5284,James Clark,james.clark.522@techcorp.org
5285,Jane Clark,jane.clark.461@techcorp.org
5286,Olivia Moore,olivia.moore.110@example.com
5287,David Ramirez,david.ramirez.566@example.com
5288,Michael White,michael.white.519@rdbms.dev
5289,Richard Perez,richard.perez.651@rdbms.dev
5290,Amelia Moore,amelia.moore.433@example.com
5291,Amelia Robinson,amelia.robinson.696@techcorp.org
5292,Charles Perez,charles.perez.163@testmail.com
5293,James Taylor,james.taylor.967@mail.net
5294,Thomas Robinson,thomas.robinson.217@example.com
5295,Michael Lewis,michael.lewis.217@example.com
5296,Charles White,charles.white.280@testmail.com
5297,Michael Taylor,michael.taylor.318@testmail.com
5298,Michael Moore,michael.moore.812@techcorp.org
5299,Isabella Lee,isabella.lee.884@testmail.com
5300,Sophia Walker,sophia.walker.289@testmail.com
5301,James Jackson,james.jackson.327@testmail.com
5302,Amelia Johnson,amelia.johnson.159@mail.net
5303,Michael Thompson,michael.thompson.166@mail.net
5304,Michael Sanchez,michael.sanchez.379@example.com
5305,Sophia Jackson,sophia.jackson.453@techcorp.org
5306,Jane Johnson,jane.johnson.146@mail.net
5307,Emma Sanchez,emma.sanchez.132@mail.net
5308,Ava White,ava.white.798@testmail.com
5309,Emily Perez,emily.perez.484@testmail.com
5310,James Thompson,james.thompson.345@rdbms.dev
5311,Emma Ramirez,emma.ramirez.951@mail.net
5312,Michael White,michael.white.154@example.com
5313,Richard Miller,richard.miller.814@example.com
5314,Emily Lee,emily.lee.225@example.com
5315,Isabella Wilson,isabella.wilson.513@example.com
5316,Emily Moore,emily.moore.517@example.com
5317,Emily Brown,emily.brown.736@example.com
5318,Thomas Taylor,thomas.taylor.474@testmail.com
5319,Amelia Thompson,amelia.thompson.961@mail.net
5320,Joseph Ramirez,joseph.ramirez.809@techcorp.org
5321,Joseph Sanchez,joseph.sanchez.387@mail.net
5322,Jane Johnson,jane.johnson.860@example.com
5323,Richard Jackson,richard.jackson.103@testmail.com
5324,Charlotte Brown,charlotte.brown.581@rdbms.dev
5325,Olivia White,olivia.white.889@rdbms.dev
5326,Thomas Robinson,thomas.robinson.605@rdbms.dev
5327,Mia Jackson,mia.jackson.904@mail.net
5328,Emma Perez,emma.perez.750@testmail.com
5329,David Perez,david.perez.330@testmail.com
5330,David Lewis,david.lewis.762@techcorp.org
5331,Jane Perez,jane.perez.164@example.com
5332,Emily Clark,emily.clark.404@techcorp.org
5333,Thomas Martin,thomas.martin.401@rdbms.dev
5334,John Robinson,john.robinson.181@example.com
5335,James Miller,james.miller.140@mail.net
5336,Emily Lee,emily.lee.715@techcorp.org
5337,Michael Brown,michael.brown.406@rdbms.dev
5338,Mia Harris,mia.harris.960@mail.net
5339,Mia Martin,mia.martin.788@example.com
5340,Thomas Clark,thomas.clark.981@mail.net
5341,David Clark,david.clark.247@rdbms.dev
5342,David Martin,david.martin.203@mail.net
5343,Isabella Jackson,isabella.jackson.340@example.com
5344,Robert White,robert.white.766@rdbms.dev
5345,Charles Clark,charles.clark.904@mail.net
5346,Thomas Moore,thomas.moore.469@example.com
5347,Thomas Perez,thomas.perez.618@techcorp.org
5348,Isabella Walker,isabella.walker.623@techcorp.org
5349,David Walker,david.walker.788@example.com
5350,Sophia Moore,sophia.moore.148@techcorp.org
5351,Emma Smith,emma.smith.742@mail.net
5352,Emily Walker,emily.walker.278@testmail.com
5353,Sophia Thompson,sophia.thompson.949@mail.net
5354,Charles Miller,charles.miller.481@mail.net
5355,Michael Ramirez,michael.ramirez.232@rdbms.dev
5356,Sophia Ramirez,sophia.ramirez.777@example.com
5357,Thomas Jackson,thomas.jackson.926@testmail.com
5358,Olivia Sanchez,olivia.sanchez.152@rdbms.dev
5359,Richard Thompson,richard.thompson.579@mail.net
5360,James Robinson,james.robinson.133@example.com
5361,Jane Taylor,jane.taylor.757@mail.net
5362,David Johnson,david.johnson.501@example.com
5363,William White,william.white.326@mail.net
5364,William Smith,william.smith.594@techcorp.org
5365,Sophia Thompson,sophia.thompson.582@techcorp.org
5366,Robert Taylor,robert.taylor.970@testmail.com
5367,Olivia Moore,olivia.moore.407@testmail.com
5368,William Jackson,william.jackson.361@rdbms.dev
5369,John Wilson,john.wilson.517@testmail.com
5370,Sophia Smith,sophia.smith.817@techcorp.org
5371,John Taylor,john.taylor.774@mail.net
5372,Robert Moore,robert.moore.375@techcorp.org
5373,James Robinson,james.robinson.372@rdbms.dev
5374,Jane Sanchez,jane.sanchez.155@rdbms.dev
5375,Charles Walker,charles.walker.848@mail.net
5376,Robert Smith,robert.smith.781@example.com
5377,Charles Thompson,charles.thompson.310@testmail.com
5378,Olivia Perez,olivia.perez.789@rdbms.dev
5379,Joseph White,joseph.white.597@techcorp.org
5380,Charles Perez,charles.perez.833@techcorp.org
5381,Emma Brown,emma.brown.911@techcorp.org
5382,Olivia Moore,olivia.moore.659@example.com
5383,Jane Miller,jane.miller.701@example.com
5384,Richard Taylor,richard.taylor.516@techcorp.org
5385,Charles Thompson,charles.thompson.840@techcorp.org
5386,Mia Lee,mia.lee.231@techcorp.org
5387,David Lewis,david.lewis.898@example.com
5388,Isabella Moore,isabella.moore.959@rdbms.dev
5389,William Johnson,william.johnson.524@example.com
5390,Jane Clark,jane.clark.739@testmail.com
5391,David White,david.white.131@mail.net
5392,Joseph Lee,joseph.lee.516@example.com
5393,Sophia Johnson,sophia.johnson.139@mail.net
5394,Olivia White,olivia.white.231@testmail.com
5395,Charlotte Smith,charlotte.smith.636@mail.net
5396,William Jackson,william.jackson.114@techcorp.org
5397,Robert Wilson,robert.wilson.812@testmail.com
5398,David Martin,david.martin.427@testmail.com
5399,John Moore,john.moore.775@rdbms.dev
5400,Olivia Lewis,olivia.lewis.706@testmail.com
5401,Emma Brown,emma.brown.916@testmail.com
5402,Robert Johnson,robert.johnson.949@testmail.com
5403,Richard Moore,richard.moore.256@techcorp.org
5404,Charlotte Thompson,charlotte.thompson.333@rdbms.dev
5405,William Walker,william.walker.814@techcorp.org
5406,Robert Wilson,robert.wilson.725@mail.net
5407,Richard Lee,richard.lee.642@testmail.com
5408,Sophia Walker,sophia.walker.775@rdbms.dev
5409,Emily Sanchez,emily.sanchez.322@rdbms.dev
5410,Charlotte Brown,charlotte.brown.935@mail.net
5411,Charles Harris,charles.harris.981@techcorp.org
5412,Thomas Taylor,thomas.taylor.689@mail.net
5413,Thomas Johnson,thomas.johnson.657@mail.net
5414,Charlotte Thompson,charlotte.thompson.898@techcorp.org
5415,Emily Smith,emily.smith.801@mail.net
5416,Ava Wilson,ava.wilson.383@testmail.com
5417,Robert Lee,robert.lee.403@techcorp.org
5418,David Smith,david.smith.186@rdbms.dev
5419,Sophia Lee,sophia.lee.328@testmail.com
5420,Michael Perez,michael.perez.634@mail.net
5421,Michael Miller,michael.miller.678@mail.net
5422,Isabella Johnson,isabella.johnson.309@rdbms.dev
5423,Emma Clark,emma.clark.303@example.com
5424,John Moore,john.moore.790@testmail.com
5425,Sophia Thompson,sophia.thompson.317@testmail.com
5426,Charles Martin,charles.martin.544@testmail.com
5427,Charlotte White,charlotte.white.893@rdbms.dev
5428,Sophia Harris,sophia.harris.764@techcorp.org
5429,Emily Walker,emily.walker.761@mail.net
5430,Ava Harris,ava.harris.566@techcorp.org
5431,Olivia Brown,olivia.brown.775@mail.net
5432,Robert Martin,robert.martin.888@testmail.com
5433,Joseph Perez,joseph.perez.315@techcorp.org
5434,Michael Sanchez,michael.sanchez.907@mail.net
5435,Sophia Lee,sophia.lee.483@techcorp.org
5436,Emily Martin,emily.martin.121@testmail.com
5437,Ava Lee,ava.lee.472@techcorp.org
5438,Ava Robinson,ava.robinson.979@techcorp.org
5439,Joseph Taylor,joseph.taylor.518@testmail.com
5440,Charlotte Wilson,charlotte.wilson.494@testmail.com
5441,Michael Miller,michael.miller.790@example.com
5442,Robert Wilson,robert.wilson.857@rdbms.dev
5443,Emma Brown,emma.brown.496@testmail.com
5444,Amelia Lewis,amelia.lewis.563@rdbms.dev
5445,Emma Taylor,emma.taylor.209@techcorp.org
5446,John Wilson,john.wilson.305@techcorp.org
5447,William Johnson,william.johnson.421@rdbms.dev
5448,William Sanchez,william.sanchez.199@rdbms.dev
5449,James Lewis,james.lewis.251@testmail.com
5450,Thomas Lee,thomas.lee.153@example.com
5451,Mia Johnson,mia.johnson.752@techcorp.org
5452,Emily Moore,emily.moore.370@rdbms.dev
5453,Ava Brown,ava.brown.269@testmail.com
5454,John Perez,john.perez.402@techcorp.org
5455,Sophia Clark,sophia.clark.609@mail.net
5456,Thomas Miller,thomas.miller.543@example.com
5457,Joseph Jackson,joseph.jackson.704@example.com
5458,Ava Jackson,ava.jackson.833@rdbms.dev
5459,Richard Lewis,richard.lewis.805@techcorp.org
5460,Thomas Perez,thomas.perez.683@rdbms.dev
5461,Amelia Perez,amelia.perez.126@testmail.com
5462,Charles Lee,charles.lee.842@testmail.com
5463,James Smith,james.smith.407@example.com
5464,Emma Wilson,emma.wilson.964@testmail.com
5465,Ava Robinson,ava.robinson.378@mail.net
5466,Robert Jackson,robert.jackson.618@testmail.com
5467,Sophia Perez,sophia.perez.594@testmail.com
5468,Olivia Wilson,olivia.wilson.449@mail.net
5469,Emma Miller,emma.miller.848@rdbms.dev
5470,Thomas Walker,thomas.walker.877@testmail.com
5471,Olivia Wilson,olivia.wilson.572@mail.net
5472,Joseph Brown,joseph.brown.408@example.com
5473,Joseph Lee,joseph.lee.188@mail.net
5474,Amelia Perez,amelia.perez.723@testmail.com
5475,William Moore,william.moore.551@techcorp.org
5476,Olivia Smith,olivia.smith.549@techcorp.org
5477,Mia Robinson,mia.robinson.647@testmail.com
5478,Olivia Robinson,olivia.robinson.968@rdbms.dev
5479,Joseph Lewis,joseph.lewis.367@testmail.com
5480,Mia Harris,mia.harris.606@example.com
5481,John Clark,john.clark.927@testmail.com
5482,Thomas Brown,thomas.brown.387@example.com
5483,Robert Taylor,robert.taylor.121@rdbms.dev
5484,William Johnson,william.johnson.332@testmail.com
5485,William Harris,william.harris.273@testmail.com
5486,Mia Johnson,mia.johnson.428@techcorp.org
5487,Amelia Sanchez,amelia.sanchez.352@rdbms.dev
5488,John Robinson,john.robinson.269@rdbms.dev
5489,Ava Wilson,ava.wilson.307@example.com
5490,Isabella Thompson,isabella.thompson.787@techcorp.org
5491,John White,john.white.455@rdbms.dev
5492,Charlotte Wilson,charlotte.wilson.782@techcorp.org
5493,Emma Johnson,emma.johnson.225@example.com
5494,Olivia Miller,olivia.miller.792@rdbms.dev
5495,Emma Harris,emma.harris.417@rdbms.dev
5496,Ava Jackson,ava.jackson.415@example.com
5497,Emily Clark,emily.clark.930@rdbms.dev
5498,Ava Clark,ava.clark.667@testmail.com
5499,Michael Moore,michael.moore.907@testmail.com
5500,Charlotte Harris,charlotte.harris.482@rdbms.dev
5501,Thomas Lewis,thomas.lewis.191@testmail.com
5502,Isabella Harris,isabella.harris.988@mail.net
5503,Richard Robinson,richard.robinson.936@rdbms.dev
5504,Isabella Brown,isabella.brown.363@techcorp.org
5505,Richard Sanchez,richard.sanchez.311@mail.net
5506,Emma Martin,emma.martin.246@example.com
5507,Emily Johnson,emily.johnson.958@techcorp.org
5508,Emily Harris,emily.harris.565@example.com
5509,Emily Thompson,emily.thompson.588@testmail.com
5510,Amelia Walker,amelia.walker.962@testmail.com
5511,Ava Sanchez,ava.sanchez.450@techcorp.org
5512,Joseph Jackson,joseph.jackson.541@example.com
5513,William Brown,william.brown.288@mail.net
5514,Michael Johnson,michael.johnson.995@example.com
5515,John Sanchez,john.sanchez.585@example.com
5516,Charlotte Thompson,charlotte.thompson.449@rdbms.dev
5517,David Robinson,david.robinson.375@example.com
5518,Thomas Robinson,thomas.robinson.723@example.com
5519,Sophia Clark,sophia.clark.407@techcorp.org
5520,Robert Miller,robert.miller.405@techcorp.org
5521,Charles Robinson,charles.robinson.515@techcorp.org
5522,James Ramirez,james.ramirez.836@testmail.com
5523,Thomas Ramirez,thomas.ramirez.342@techcorp.org
5524,Charles Lewis,charles.lewis.555@testmail.com
5525,William Moore,william.moore.164@mail.net
5526,Charlotte Perez,charlotte.perez.739@techcorp.org
5527,James Miller,james.miller.332@testmail.com
5528,William White,william.white.466@rdbms.dev
5529,Thomas Clark,thomas.clark.156@mail.net
5530,Richard Brown,richard.brown.983@example.com
5531,Olivia Lee,olivia.lee.394@example.com
5532,Olivia Clark,olivia.clark.225@rdbms.dev
5533,Sophia Brown,sophia.brown.642@techcorp.org
5534,Charles Ramirez,charles.ramirez.729@mail.net
5535,Ava Clark,ava.clark.226@mail.net
5536,Mia Taylor,mia.taylor.713@mail.net
5537,David Wilson,david.wilson.995@testmail.com
5538,Olivia Brown,olivia.brown.542@testmail.com
5539,Ava Miller,ava.miller.308@mail.net
5540,David Thompson,david.thompson.739@rdbms.dev
5541,William Thompson,william.thompson.652@testmail.com
5542,Thomas Sanchez,thomas.sanchez.910@techcorp.org
5543,William Sanchez,william.sanchez.262@example.com
5544,Sophia White,sophia.white.123@mail.net
5545,Mia Lewis,mia.lewis.961@rdbms.dev
5546,Thomas Walker,thomas.walker.525@example.com
5547,Charles Jackson,charles.jackson.936@techcorp.org
5548,Amelia Walker,amelia.walker.557@mail.net
5549,Thomas Ramirez,thomas.ramirez.203@example.com
5550,Ava Wilson,ava.wilson.811@techcorp.org
5551,Ava Sanchez,ava.sanchez.295@testmail.com
5552,Jane Perez,jane.perez.572@example.com
5553,Amelia Robinson,amelia.robinson.314@mail.net
5554,William Perez,william.perez.189@example.com
5555,Emily Taylor,emily.taylor.270@mail.net
5556,Mia Harris,mia.harris.649@mail.net
5557,Joseph Sanchez,joseph.sanchez.549@example.com
5558,Charles Lee,charles.lee.282@example.com
5559,Thomas Brown,thomas.brown.181@testmail.com
5560,Michael Lewis,michael.lewis.280@rdbms.dev
5561,Emma Jackson,emma.jackson.755@rdbms.dev
5562,Charlotte Lee,charlotte.lee.729@example.com
5563,Emma Johnson,emma.johnson.967@rdbms.dev
5564,Richard Smith,richard.smith.336@example.com
5565,Joseph Wilson,joseph.wilson.968@rdbms.dev
5566,Amelia Moore,amelia.moore.518@testmail.com
5567,Isabella Lewis,isabella.lewis.736@techcorp.org
5568,David Johnson,david.johnson.828@testmail.com
5569,William Johnson,william.johnson.555@rdbms.dev
5570,Sophia Lewis,sophia.lewis.197@testmail.com
5571,James Ramirez,james.ramirez.443@techcorp.org
5572,Isabella Perez,isabella.perez.891@mail.net
5573,Charlotte Thompson,charlotte.thompson.631@testmail.com
5574,Emily Johnson,emily.johnson.389@techcorp.org
5575,William Walker,william.walker.595@example.com
5576,William Ramirez,william.ramirez.162@testmail.com
5577,Amelia Jackson,amelia.jackson.254@techcorp.org
5578,Jane Thompson,jane.thompson.628@techcorp.org
5579,Charlotte Perez,charlotte.perez.645@example.com
5580,Sophia Lee,sophia.lee.786@example.com
5581,Emily Jackson,emily.jackson.493@mail.net
5582,Amelia Walker,amelia.walker.324@mail.net
5583,Michael Clark,michael.clark.934@techcorp.org
5584,Charlotte Brown,charlotte.brown.353@testmail.com
5585,Mia White,mia.white.795@techcorp.org
5586,Charles Miller,charles.miller.566@rdbms.dev
5587,Michael Miller,michael.miller.755@techcorp.org
5588,Emily Ramirez,emily.ramirez.875@example.com
5589,Emily Miller,emily.miller.582@example.com
5590,Charles Sanchez,charles.sanchez.187@rdbms.dev
5591,Charlotte Thompson,charlotte.thompson.284@mail.net
5592,Michael Taylor,michael.taylor.897@techcorp.org
5593,Emily Perez,emily.perez.515@mail.net
5594,Jane Johnson,jane.johnson.763@testmail.com
5595,James Wilson,james.wilson.910@example.com
5596,Joseph Clark,joseph.clark.929@rdbms.dev
5597,Olivia Jackson,olivia.jackson.737@testmail.com
5598,Richard Ramirez,richard.ramirez.655@mail.net
5599,Robert Thompson,robert.thompson.646@example.com
5600,Emily Miller,emily.miller.782@techcorp.org
5601,Mia Lewis,mia.lewis.273@example.com
5602,Charles Johnson,charles.johnson.774@mail.net
5603,William Miller,william.miller.963@mail.net
5604,Mia Ramirez,mia.ramirez.700@example.com
5605,Isabella Ramirez,isabella.ramirez.793@testmail.com
5606,Robert Robinson,robert.robinson.665@testmail.com
5607,David Harris,david.harris.663@mail.net
5608,William Sanchez,william.sanchez.547@example.com
5609,Isabella Clark,isabella.clark.109@testmail.com
5610,Amelia Brown,amelia.brown.557@techcorp.org
5611,Robert Martin,robert.martin.418@rdbms.dev
5612,Mia White,mia.white.957@testmail.com
5613,Olivia Wilson,olivia.wilson.219@mail.net
5614,Robert Sanchez,robert.sanchez.993@mail.net
5615,Robert Moore,robert.moore.602@example.com
5616,Sophia White,sophia.white.123@rdbms.dev
5617,Amelia Perez,amelia.perez.237@example.com
5618,Joseph Harris,joseph.harris.908@testmail.com
5619,David Wilson,david.wilson.851@techcorp.org
5620,Thomas Ramirez,thomas.ramirez.848@mail.net
5621,Charlotte Martin,charlotte.martin.604@mail.net
5622,Mia Robinson,mia.robinson.986@rdbms.dev
5623,Isabella Taylor,isabella.taylor.196@techcorp.org
5624,Jane Martin,jane.martin.190@testmail.com
5625,Jane Ramirez,jane.ramirez.692@example.com
5626,Charles Moore,charles.moore.224@testmail.com
5627,Olivia Wilson,olivia.wilson.272@example.com
5628,James White,james.white.132@rdbms.dev
5629,Mia Robinson,mia.robinson.737@example.com
5630,Ava Smith,ava.smith.211@mail.net
5631,Robert Ramirez,robert.ramirez.997@mail.net
5632,Amelia White,amelia.white.240@rdbms.dev
5633,Isabella Smith,isabella.smith.614@testmail.com
5634,Richard Smith,richard.smith.915@testmail.com
5635,Robert Miller,robert.miller.836@mail.net
5636,John Ramirez,john.ramirez.311@mail.net
5637,Ava Taylor,ava.taylor.698@rdbms.dev
5638,Jane Lee,jane.lee.545@techcorp.org
5639,Jane Jackson,jane.jackson.610@mail.net
5640,Sophia Perez,sophia.perez.282@example.com
5641,Richard Harris,richard.harris.859@example.com
5642,James White,james.white.217@example.com
5643,Ava Moore,ava.moore.869@rdbms.dev
5644,Joseph Lee,joseph.lee.676@mail.net
5645,Robert Moore,robert.moore.903@mail.net
5646,Amelia Taylor,amelia.taylor.953@example.com
5647,Richard Thompson,richard.thompson.176@techcorp.org
5648,Richard Taylor,richard.taylor.207@example.com
5649,Isabella Taylor,isabella.taylor.224@example.com
5650,Robert Clark,robert.clark.988@techcorp.org
5651,John Taylor,john.taylor.523@mail.net
5652,Robert Wilson,robert.wilson.160@example.com
5653,Robert Clark,robert.clark.334@mail.net
5654,Amelia Martin,amelia.martin.297@rdbms.dev
5655,Sophia White,sophia.white.110@testmail.com
5656,Joseph Sanchez,joseph.sanchez.780@example.com
5657,Michael Johnson,michael.johnson.357@example.com
5658,Robert Wilson,robert.wilson.635@techcorp.org
5659,Ava Perez,ava.perez.211@techcorp.org
5660,Amelia Ramirez,amelia.ramirez.611@techcorp.org
5661,Olivia Walker,olivia.walker.755@rdbms.dev
5662,Emily Miller,emily.miller.595@rdbms.dev
5663,Sophia Wilson,sophia.wilson.419@techcorp.org
5664,Amelia Robinson,amelia.robinson.423@testmail.com
5665,Olivia Martin,olivia.martin.146@techcorp.org
5666,Michael Johnson,michael.johnson.298@techcorp.org
5667,Olivia Jackson,olivia.jackson.327@testmail.com
5668,Emily Miller,emily.miller.203@techcorp.org
5669,Robert Moore,robert.moore.327@rdbms.dev
5670,Richard Martin,richard.martin.150@example.com
5671,Charles Moore,charles.moore.865@example.com
5672,Ava Taylor,ava.taylor.392@example.com
5673,Robert Moore,robert.moore.288@example.com
5674,Emma Sanchez,emma.sanchez.463@testmail.com
5675,James Jackson,james.jackson.828@rdbms.dev
5676,Mia Sanchez,mia.sanchez.982@techcorp.org
5677,Charlotte Moore,charlotte.moore.291@mail.net
5678,Sophia Robinson,sophia.robinson.261@rdbms.dev
5679,William Johnson,william.johnson.694@example.com
5680,Olivia Harris,olivia.harris.400@techcorp.org
5681,Olivia Harris,olivia.harris.551@techcorp.org
5682,Charlotte Taylor,charlotte.taylor.868@mail.net
5683,Emma Lee,emma.lee.638@rdbms.dev
5684,Ava Walker,ava.walker.357@example.com
5685,Michael Perez,michael.perez.233@mail.net
5686,Ava Robinson,ava.robinson.709@example.com
5687,Sophia Perez,sophia.perez.715@testmail.com
5688,Ava Johnson,ava.johnson.556@testmail.com
5689,James Lee,james.lee.148@testmail.com
5690,Isabella Clark,isabella.clark.581@techcorp.org
5691,Charlotte Smith,charlotte.smith.511@mail.net
5692,Isabella Ramirez,isabella.ramirez.667@testmail.com
5693,Olivia Lee,olivia.lee.452@mail.net
5694,Michael Robinson,michael.robinson.133@example.com
5695,Joseph Martin,joseph.martin.170@example.com
5696,Charles Moore,charles.moore.414@techcorp.org
5697,Charlotte Lewis,charlotte.lewis.501@techcorp.org
5698,Amelia Lee,amelia.lee.864@techcorp.org
5699,Charlotte Miller,charlotte.miller.716@example.com
5700,Olivia Miller,olivia.miller.917@example.com
5701,Emma White,emma.white.287@rdbms.dev
5702,Thomas Thompson,thomas.thompson.873@techcorp.org
5703,David Martin,david.martin.516@testmail.com
5704,Charlotte Wilson,charlotte.wilson.570@testmail.com
5705,Charles Perez,charles.perez.139@mail.net
5706,David Wilson,david.wilson.204@mail.net
5707,David White,david.white.857@rdbms.dev
5708,Mia Perez,mia.perez.974@example.com
5709,David Moore,david.moore.656@rdbms.dev
5710,David Robinson,david.robinson.260@rdbms.dev
5711,William Johnson,william.johnson.855@rdbms.dev
5712,Emily Robinson,emily.robinson.106@techcorp.org
5713,James White,james.white.335@testmail.com
5714,Robert Taylor,robert.taylor.286@testmail.com
5715,William Wilson,william.wilson.588@testmail.com
5716,Joseph Ramirez,joseph.ramirez.350@rdbms.dev
5717,Michael Miller,michael.miller.789@techcorp.org
5718,Ava Johnson,ava.johnson.793@techcorp.org
5719,John Ramirez,john.ramirez.978@techcorp.org
5720,James Perez,james.perez.264@mail.net
5721,Amelia Robinson,amelia.robinson.327@rdbms.dev
5722,Jane Johnson,jane.johnson.832@example.com
5723,John Walker,john.walker.490@rdbms.dev
5724,James Taylor,james.taylor.803@mail.net
5725,Charles Thompson,charles.thompson.234@example.com
5726,Charlotte Smith,charlotte.smith.219@rdbms.dev
5727,Ava White,ava.white.618@rdbms.dev
5728,William Miller,william.miller.544@mail.net
5729,Charlotte Robinson,charlotte.robinson.310@example.com
5730,Joseph Perez,joseph.perez.901@techcorp.org
5731,John White,john.white.990@rdbms.dev
5732,Ava Taylor,ava.taylor.895@rdbms.dev
5733,Isabella Smith,isabella.smith.110@rdbms.dev
5734,Jane Johnson,jane.johnson.516@techcorp.org
5735,Michael Lee,michael.lee.796@mail.net
5736,Mia Walker,mia.walker.855@rdbms.dev
5737,Emily Wilson,emily.wilson.987@mail.net
5738,Joseph Perez,joseph.perez.522@techcorp.org
5739,Emily Sanchez,emily.sanchez.199@techcorp.org
5740,Richard Wilson,richard.wilson.826@example.com
5741,Amelia White,amelia.white.826@example.com
5742,Charles White,charles.white.640@example.com
5743,Jane Moore,jane.moore.640@techcorp.org
5744,Joseph Thompson,joseph.thompson.376@testmail.com
5745,Charles Brown,charles.brown.159@testmail.com
5746,Richard Miller,richard.miller.167@rdbms.dev
5747,Robert Thompson,robert.thompson.191@example.com
5748,Emily Perez,emily.perez.494@rdbms.dev
5749,Olivia Brown,olivia.brown.920@rdbms.dev
5750,Jane Walker,jane.walker.648@techcorp.org
5751,David Smith,david.smith.743@mail.net
5752,William Lee,william.lee.190@example.com
5753,Thomas Wilson,thomas.wilson.561@techcorp.org
5754,Thomas Miller,thomas.miller.405@techcorp.org
5755,Ava Lee,ava.lee.413@mail.net
5756,Michael Robinson,michael.robinson.179@mail.net
5757,Mia Perez,mia.perez.114@techcorp.org
5758,Thomas White,thomas.white.399@techcorp.org
5759,Thomas Perez,thomas.perez.930@rdbms.dev
5760,Thomas Clark,thomas.clark.900@techcorp.org
5761,Ava Thompson,ava.thompson.749@testmail.com
5762,Charlotte Walker,charlotte.walker.109@example.com
5763,Isabella Miller,isabella.miller.703@mail.net
5764,Charles Harris,charles.harris.627@example.com
5765,William Robinson,william.robinson.383@testmail.com
5766,Sophia Johnson,sophia.johnson.406@mail.net
5767,Charlotte Lee,charlotte.lee.213@testmail.com
5768,Robert Ramirez,robert.ramirez.389@techcorp.org
5769,Emily Ramirez,emily.ramirez.345@example.com
5770,Joseph Martin,joseph.martin.777@rdbms.dev
5771,Charlotte Walker,charlotte.walker.197@rdbms.dev
5772,William Harris,william.harris.392@techcorp.org
5773,William Lee,william.lee.831@testmail.com
5774,Emma Miller,emma.miller.209@testmail.com
5775,Michael Johnson,michael.johnson.511@rdbms.dev
5776,Isabella Martin,isabella.martin.421@techcorp.org
5777,William Taylor,william.taylor.766@example.com
5778,David Wilson,david.wilson.744@example.com
5779,Richard Thompson,richard.thompson.157@testmail.com
5780,Emily Brown,emily.brown.547@mail.net
5781,William White,william.white.671@testmail.com
5782,Isabella Harris,isabella.harris.271@example.com
5783,Mia Jackson,mia.jackson.537@techcorp.org
5784,Thomas Smith,thomas.smith.928@techcorp.org
5785,Ava Jackson,ava.jackson.419@techcorp.org
5786,Charles Jackson,charles.jackson.113@techcorp.org
5787,Mia Lee,mia.lee.396@rdbms.dev
5788,Emily Johnson,emily.johnson.273@testmail.com
5789,Michael Martin,michael.martin.260@mail.net
5790,William Robinson,william.robinson.313@mail.net
5791,James Perez,james.perez.281@example.com
5792,John Taylor,john.taylor.158@mail.net
5793,Ava Harris,ava.harris.331@testmail.com
5794,Sophia Lewis,sophia.lewis.874@example.com
5795,Richard Harris,richard.harris.859@mail.net
5796,Joseph Brown,joseph.brown.543@rdbms.dev
5797,Michael Johnson,michael.johnson.485@techcorp.org
5798,Amelia Moore,amelia.moore.697@rdbms.dev
5799,Charlotte Smith,charlotte.smith.849@testmail.com
5800,Mia Robinson,mia.robinson.549@mail.net
5801,William White,william.white.587@rdbms.dev
5802,Richard Miller,richard.miller.949@rdbms.dev
5803,John Moore,john.moore.920@techcorp.org
5804,Charlotte Martin,charlotte.martin.769@testmail.com
5805,Mia Brown,mia.brown.485@mail.net
5806,James Clark,james.clark.254@testmail.com
5807,Jane Thompson,jane.thompson.885@rdbms.dev
5808,Amelia Clark,amelia.clark.539@techcorp.org
5809,Charlotte Miller,charlotte.miller.473@techcorp.org
5810,Richard Sanchez,richard.sanchez.280@rdbms.dev
5811,Isabella Clark,isabella.clark.408@rdbms.dev
5812,Emma Miller,emma.miller.254@example.com
5813,John Lewis,john.lewis.143@rdbms.dev
5814,Richard Robinson,richard.robinson.530@testmail.com
5815,Michael Taylor,michael.taylor.911@mail.net
5816,Amelia Lewis,amelia.lewis.437@mail.net
5817,James Robinson,james.robinson.623@rdbms.dev
5818,Ava Walker,ava.walker.966@example.com
5819,Olivia Jackson,olivia.jackson.202@mail.net
5820,Richard Jackson,richard.jackson.833@example.com
5821,Jane Sanchez,jane.sanchez.954@testmail.com
5822,Amelia Walker,amelia.walker.401@testmail.com
5823,Amelia Miller,amelia.miller.524@techcorp.org
5824,Mia Thompson,mia.thompson.591@rdbms.dev
5825,Mia Miller,mia.miller.637@rdbms.dev
5826,Charles Moore,charles.moore.280@techcorp.org
5827,Emily Taylor,emily.taylor.154@testmail.com
5828,Robert Sanchez,robert.sanchez.381@testmail.com
5829,Mia Miller,mia.miller.266@mail.net
5830,William Harris,william.harris.380@rdbms.dev
5831,Joseph Miller,joseph.miller.376@rdbms.dev
5832,Richard Jackson,richard.jackson.998@rdbms.dev
5833,Charlotte Jackson,charlotte.jackson.890@techcorp.org
5834,William Taylor,william.taylor.837@rdbms.dev
5835,Mia Brown,mia.brown.823@testmail.com
5836,Amelia Lewis,amelia.lewis.808@rdbms.dev
5837,Amelia Moore,amelia.moore.928@techcorp.org
5838,James Martin,james.martin.684@testmail.com
5839,Thomas Wilson,thomas.wilson.656@example.com
5840,Emma White,emma.white.321@testmail.com
5841,Mia Sanchez,mia.sanchez.727@techcorp.org
5842,Michael Martin,michael.martin.142@rdbms.dev
5843,Joseph Lewis,joseph.lewis.275@testmail.com
5844,Richard Martin,richard.martin.896@testmail.com
5845,Sophia White,sophia.white.448@testmail.com
5846,Olivia Moore,olivia.moore.409@mail.net
5847,Jane Smith,jane.smith.570@rdbms.dev
5848,Richard White,richard.white.147@example.com
5849,Thomas Clark,thomas.clark.290@example.com
5850,Isabella Robinson,isabella.robinson.547@mail.net
5851,Richard Sanchez,richard.sanchez.750@mail.net
5852,Michael Walker,michael.walker.420@mail.net
5853,Robert Lewis,robert.lewis.203@example.com
5854,Ava Wilson,ava.wilson.930@rdbms.dev
5855,Emma Brown,emma.brown.981@rdbms.dev
5856,Olivia Walker,olivia.walker.359@techcorp.org
5857,Joseph Lewis,joseph.lewis.108@example.com
5858,Olivia Wilson,olivia.wilson.492@testmail.com
5859,Amelia Walker,amelia.walker.150@example.com
5860,Robert Brown,robert.brown.510@example.com
5861,Mia Thompson,mia.thompson.486@mail.net
5862,Sophia Ramirez,sophia.ramirez.559@mail.net
5863,Olivia Smith,olivia.smith.232@techcorp.org
5864,William Lee,william.lee.751@mail.net
5865,Olivia Smith,olivia.smith.542@techcorp.org
5866,Richard Thompson,richard.thompson.821@example.com
5867,James White,james.white.250@example.com
5868,Ava Sanchez,ava.sanchez.277@example.com
5869,Charlotte Brown,charlotte.brown.962@techcorp.org
5870,Thomas Walker,thomas.walker.772@rdbms.dev
5871,Jane Thompson,jane.thompson.264@rdbms.dev
5872,Sophia Sanchez,sophia.sanchez.508@mail.net
5873,Olivia Harris,olivia.harris.722@testmail.com
5874,David Lee,david.lee.959@mail.net
5875,Amelia Robinson,amelia.robinson.449@example.com
5876,Charles Miller,charles.miller.109@mail.net
5877,Emily Brown,emily.brown.594@rdbms.dev
5878,Amelia Smith,amelia.smith.819@example.com
5879,Michael White,michael.white.402@example.com
5880,Robert Miller,robert.miller.299@mail.net
5881,David Martin,david.martin.949@example.com
5882,Emma Brown,emma.brown.205@rdbms.dev
5883,Jane Taylor,jane.taylor.447@mail.net
5884,David Robinson,david.robinson.764@techcorp.org
5885,Amelia Miller,amelia.miller.775@rdbms.dev
5886,Sophia Robinson,sophia.robinson.575@mail.net
5887,Emma Smith,emma.smith.401@rdbms.dev
5888,Thomas Perez,thomas.perez.153@example.com
5889,Emily Smith,emily.smith.547@example.com
5890,Robert Perez,robert.perez.412@testmail.com
5891,Emma Robinson,emma.robinson.707@mail.net
5892,Michael Harris,michael.harris.417@techcorp.org
5893,Olivia Martin,olivia.martin.545@techcorp.org
5894,Thomas Robinson,thomas.robinson.697@testmail.com
5895,Charlotte Thompson,charlotte.thompson.157@example.com
5896,Thomas Walker,thomas.walker.322@techcorp.org
5897,Charles Johnson,charles.johnson.448@techcorp.org
5898,Olivia Johnson,olivia.johnson.820@mail.net
5899,Charlotte Perez,charlotte.perez.252@example.com
5900,Jane Robinson,jane.robinson.296@rdbms.dev
5901,Mia Moore,mia.moore.969@rdbms.dev
5902,Jane Sanchez,jane.sanchez.557@example.com
5903,Thomas Walker,thomas.walker.203@example.com
5904,Jane Wilson,jane.wilson.289@techcorp.org
5905,William Perez,william.perez.695@rdbms.dev
5906,Ava Perez,ava.perez.581@rdbms.dev
5907,Amelia White,amelia.white.603@example.com
5908,Michael Walker,michael.walker.154@techcorp.org
5909,Ava White,ava.white.668@rdbms.dev
5910,Joseph Martin,joseph.martin.856@rdbms.dev
5911,James Taylor,james.taylor.390@testmail.com
5912,Thomas Thompson,thomas.thompson.586@testmail.com
5913,Richard Ramirez,richard.ramirez.463@techcorp.org
5914,Richard Walker,richard.walker.299@rdbms.dev
5915,Robert Sanchez,robert.sanchez.541@example.com
5916,Emily Ramirez,emily.ramirez.275@techcorp.org
5917,Charlotte White,charlotte.white.196@example.com
5918,Isabella Thompson,isabella.thompson.681@techcorp.org
5919,Isabella Lee,isabella.lee.354@testmail.com
5920,Olivia Miller,olivia.miller.130@mail.net
5921,Amelia Thompson,amelia.thompson.424@testmail.com
5922,Charlotte Brown,charlotte.brown.210@techcorp.org
5923,Isabella Robinson,isabella.robinson.326@rdbms.dev
5924,Thomas Miller,thomas.miller.459@testmail.com
5925,James Jackson,james.jackson.430@testmail.com
5926,Robert Brown,robert.brown.692@mail.net
5927,Emma Robinson,emma.robinson.347@testmail.com
5928,Charlotte Taylor,charlotte.taylor.457@testmail.com
5929,Mia Perez,mia.perez.574@mail.net
5930,Robert Thompson,robert.thompson.580@techcorp.org
5931,Joseph Perez,joseph.perez.123@example.com
5932,Emily Taylor,emily.taylor.971@techcorp.org
5933,William Perez,william.perez.848@mail.net
5934,Emma White,emma.white.848@example.com
5935,John Clark,john.clark.104@techcorp.org
5936,Jane Sanchez,jane.sanchez.341@example.com
5937,David Smith,david.smith.457@mail.net
5938,Joseph Smith,joseph.smith.991@rdbms.dev
5939,Robert Thompson,robert.thompson.563@testmail.com
5940,Ava Walker,ava.walker.815@example.com
5941,Mia Jackson,mia.jackson.555@techcorp.org
5942,Jane Martin,jane.martin.384@techcorp.org
5943,Michael Sanchez,michael.sanchez.374@techcorp.org
5944,Joseph Wilson,joseph.wilson.489@example.com
5945,Ava Ramirez,ava.ramirez.509@rdbms.dev
5946,James Miller,james.miller.436@example.com
5947,Richard Martin,richard.martin.945@mail.net
5948,Michael Perez,michael.perez.453@testmail.com
5949,Charlotte Lewis,charlotte.lewis.396@testmail.com
5950,Emma Miller,emma.miller.389@mail.net
5951,Olivia Lewis,olivia.lewis.603@rdbms.dev
5952,Amelia Moore,amelia.moore.973@rdbms.dev
5953,David Lewis,david.lewis.787@mail.net
5954,William Harris,william.harris.938@testmail.com
5955,James Lewis,james.lewis.632@mail.net
5956,Isabella Thompson,isabella.thompson.175@example.com
5957,Michael Martin,michael.martin.786@example.com
5958,Amelia Moore,amelia.moore.836@mail.net
5959,Olivia White,olivia.white.215@mail.net
5960,Olivia Taylor,olivia.taylor.906@testmail.com
5961,Charles Brown,charles.brown.725@techcorp.org
5962,David Ramirez,david.ramirez.233@mail.net
5963,Emily Jackson,emily.jackson.367@mail.net
5964,Olivia White,olivia.white.210@mail.net
5965,Robert Lewis,robert.lewis.599@techcorp.org
5966,David Harris,david.harris.125@mail.net
5967,Olivia Jackson,olivia.jackson.437@testmail.com
5968,Emma Wilson,emma.wilson.722@techcorp.org
5969,Amelia Thompson,amelia.thompson.478@testmail.com
5970,Jane Taylor,jane.taylor.145@mail.net
5971,Charles Sanchez,charles.sanchez.452@techcorp.org
5972,Charlotte Lewis,charlotte.lewis.501@rdbms.dev
5973,Amelia Walker,amelia.walker.885@rdbms.dev
5974,Emma Sanchez,emma.sanchez.733@example.com
5975,Michael Robinson,michael.robinson.209@example.com
5976,Charlotte Clark,charlotte.clark.756@techcorp.org
5977,Emma Perez,emma.perez.295@mail.net
5978,Emily Johnson,emily.johnson.634@rdbms.dev
5979,David Lewis,david.lewis.639@mail.net
5980,Emma Wilson,emma.wilson.876@techcorp.org
5981,Robert Wilson,robert.wilson.911@testmail.com
5982,Amelia Jackson,amelia.jackson.215@rdbms.dev
5983,Mia Johnson,mia.johnson.199@techcorp.org
5984,Charlotte Harris,charlotte.harris.158@mail.net
5985,Michael Jackson,michael.jackson.814@mail.net
5986,Robert White,robert.white.773@mail.net
5987,William Thompson,william.thompson.136@rdbms.dev
5988,Mia Moore,mia.moore.485@mail.net
5989,Emma White,emma.white.678@rdbms.dev
5990,Charlotte Ramirez,charlotte.ramirez.530@rdbms.dev
5991,Michael Perez,michael.perez.894@rdbms.dev
5992,Olivia Walker,olivia.walker.599@techcorp.org
5993,Robert Wilson,robert.wilson.679@mail.net
5994,Jane Ramirez,jane.ramirez.918@techcorp.org
5995,Joseph Moore,joseph.moore.124@techcorp.org
5996,Charlotte Miller,charlotte.miller.115@example.com
5997,Ava Walker,ava.walker.436@testmail.com
5998,Jane Thompson,jane.thompson.771@techcorp.org
5999,William Lee,william.lee.852@mail.net
6000,Emily White,emily.white.799@mail.net
6001,James Johnson,james.johnson.928@testmail.com
6002,Joseph Sanchez,joseph.sanchez.182@testmail.com
6003,Jane Taylor,jane.taylor.773@rdbms.dev
6004,Michael Harris,michael.harris.442@example.com
6005,Olivia Clark,olivia.clark.669@rdbms.dev
6006,Charles Miller,charles.miller.404@example.com
6007,Olivia Sanchez,olivia.sanchez.879@mail.net
6008,Olivia White,olivia.white.385@techcorp.org
6009,Mia Martin,mia.martin.456@example.com
6010,Charles Taylor,charles.taylor.946@techcorp.org
6011,Emma Perez,emma.perez.918@techcorp.org
6012,James Brown,james.brown.609@testmail.com
6013,Sophia Martin,sophia.martin.840@mail.net
6014,Richard Jackson,richard.jackson.788@techcorp.org
6015,Jane Johnson,jane.johnson.243@testmail.com
6016,John Ramirez,john.ramirez.545@techcorp.org
6017,Mia Sanchez,mia.sanchez.786@techcorp.org
6018,Jane Thompson,jane.thompson.517@mail.net
6019,James Moore,james.moore.460@techcorp.org
6020,Olivia Ramirez,olivia.ramirez.797@mail.net
6021,John Wilson,john.wilson.105@testmail.com
6022,James Lee,james.lee.597@mail.net
6023,Richard Miller,richard.miller.145@example.com
6024,Amelia Moore,amelia.moore.980@example.com
6025,Mia Lee,mia.lee.491@mail.net
6026,Emily Lewis,emily.lewis.311@rdbms.dev
6027,James Harris,james.harris.261@testmail.com
6028,Charlotte Robinson,charlotte.robinson.920@techcorp.org
6029,Emma Harris,emma.harris.619@example.com
6030,Joseph Perez,joseph.perez.722@example.com
6031,Mia Brown,mia.brown.378@techcorp.org
6032,Thomas Robinson,thomas.robinson.192@example.com
6033,Michael Martin,michael.martin.904@mail.net
6034,Emma Jackson,emma.jackson.250@testmail.com
6035,Olivia Clark,olivia.clark.194@mail.net
6036,Emily Clark,emily.clark.179@mail.net
6037,Emily Harris,emily.harris.620@testmail.com
6038,Ava Moore,ava.moore.522@testmail.com
6039,Ava Miller,ava.miller.458@techcorp.org
6040,Amelia Moore,amelia.moore.711@techcorp.org
6041,Emily Johnson,emily.johnson.154@techcorp.org
6042,David Martin,david.martin.226@techcorp.org
6043,Richard Harris,richard.harris.650@testmail.com
6044,Richard Johnson,richard.johnson.896@testmail.com
6045,Amelia Perez,amelia.perez.534@mail.net
6046,Richard Walker,richard.walker.924@example.com
6047,Richard Robinson,richard.robinson.822@example.com
6048,Richard Martin,richard.martin.940@techcorp.org
6049,James Perez,james.perez.323@rdbms.dev
6050,Emily Lewis,emily.lewis.390@techcorp.org
6051,Ava Harris,ava.harris.617@rdbms.dev
6052,David Smith,david.smith.267@testmail.com
6053,Sophia Harris,sophia.harris.335@example.com
6054,Michael Lewis,michael.lewis.672@rdbms.dev
6055,Richard Thompson,richard.thompson.418@testmail.com
6056,Mia Johnson,mia.johnson.199@mail.net
6057,Richard Wilson,richard.wilson.721@mail.net
6058,Jane Taylor,jane.taylor.294@mail.net
6059,Jane Johnson,jane.johnson.477@example.com
6060,David Harris,david.harris.810@testmail.com
6061,Jane Ramirez,jane.ramirez.586@testmail.com
6062,Thomas Miller,thomas.miller.715@example.com
6063,Emma Smith,emma.smith.970@rdbms.dev
6064,Joseph Ramirez,joseph.ramirez.102@example.com
6065,Charles Miller,charles.miller.593@rdbms.dev
6066,Charlotte Johnson,charlotte.johnson.283@mail.net
6067,Robert Sanchez,robert.sanchez.847@techcorp.org
6068,Isabella Perez,isabella.perez.887@mail.net
6069,Emily Moore,emily.moore.619@example.com
6070,John Harris,john.harris.965@mail.net
6071,Isabella Smith,isabella.smith.144@mail.net
6072,Olivia Martin,olivia.martin.455@rdbms.dev
6073,Ava Sanchez,ava.sanchez.854@example.com
6074,Jane Walker,jane.walker.221@mail.net
6075,Amelia Martin,amelia.martin.144@mail.net
6076,Sophia Sanchez,sophia.sanchez.573@testmail.com
6077,Robert Clark,robert.clark.129@techcorp.org
6078,Charlotte Miller,charlotte.miller.328@mail.net
6079,William Lewis,william.lewis.220@rdbms.dev
6080,Charles Thompson,charles.thompson.741@example.com
6081,James Jackson,james.jackson.107@techcorp.org
6082,John Walker,john.walker.217@rdbms.dev
6083,Sophia Jackson,sophia.jackson.998@techcorp.org
6084,Richard Miller,richard.miller.290@example.com
6085,Sophia Wilson,sophia.wilson.275@techcorp.org
6086,Isabella Jackson,isabella.jackson.108@testmail.com
6087,Thomas Perez,thomas.perez.323@rdbms.dev
6088,Mia Johnson,mia.johnson.474@rdbms.dev
6089,Mia Harris,mia.harris.161@mail.net
6090,Mia Clark,mia.clark.140@techcorp.org
6091,Charles Martin,charles.martin.934@techcorp.org
6092,Robert Harris,robert.harris.142@testmail.com
6093,Charles Harris,charles.harris.743@techcorp.org
6094,James Jackson,james.jackson.649@example.com
6095,Thomas Johnson,thomas.johnson.149@example.com
6096,Joseph Robinson,joseph.robinson.304@techcorp.org
6097,Richard Martin,richard.martin.508@techcorp.org
6098,William Smith,william.smith.964@testmail.com
6099,Robert Thompson,robert.thompson.169@rdbms.dev
6100,Joseph White,joseph.white.635@mail.net
6101,Thomas Clark,thomas.clark.175@rdbms.dev
6102,Richard Perez,richard.perez.744@techcorp.org
6103,Michael Ramirez,michael.ramirez.808@testmail.com
6104,Robert Walker,robert.walker.783@mail.net
6105,Sophia Clark,sophia.clark.282@rdbms.dev
6106,Joseph Miller,joseph.miller.457@rdbms.dev
6107,Jane Robinson,jane.robinson.958@testmail.com
6108,Charles Perez,charles.perez.750@techcorp.org
6109,Isabella Martin,isabella.martin.866@rdbms.dev
6110,Sophia Thompson,sophia.thompson.604@techcorp.org
6111,Robert Sanchez,robert.sanchez.188@techcorp.org
6112,Richard Moore,richard.moore.632@rdbms.dev
6113,Amelia Walker,amelia.walker.544@mail.net
6114,Olivia Harris,olivia.harris.364@example.com
6115,Olivia Sanchez,olivia.sanchez.542@techcorp.org
6116,Emma Taylor,emma.taylor.665@techcorp.org
6117,David Sanchez,david.sanchez.295@testmail.com
6118,Charlotte Harris,charlotte.harris.724@example.com
6119,Emily Sanchez,emily.sanchez.406@mail.net
6120,Emily Jackson,emily.jackson.623@testmail.com
6121,David Taylor,david.taylor.476@testmail.com
6122,Jane Miller,jane.miller.591@testmail.com
6123,Emily Robinson,emily.robinson.925@techcorp.org
6124,Richard Lewis,richard.lewis.919@example.com
6125,Ava Johnson,ava.johnson.963@techcorp.org
6126,James Martin,james.martin.988@techcorp.org
6127,Jane White,jane.white.875@example.com
6128,Jane Clark,jane.clark.729@techcorp.org
6129,Jane Ramirez,jane.ramirez.444@techcorp.org
6130,Michael Brown,michael.brown.957@mail.net
6131,Jane Clark,jane.clark.204@mail.net
6132,Amelia Sanchez,amelia.sanchez.586@rdbms.dev
6133,Mia Ramirez,mia.ramirez.265@rdbms.dev
6134,Charlotte Miller,charlotte.miller.438@testmail.com
6135,Thomas Lewis,thomas.lewis.676@mail.net
6136,John Walker,john.walker.821@rdbms.dev
6137,Emma Walker,emma.walker.589@rdbms.dev
6138,Joseph Jackson,joseph.jackson.218@mail.net
6139,Charles Moore,charles.moore.142@rdbms.dev
6140,Jane White,jane.white.437@rdbms.dev
6141,Thomas Smith,thomas.smith.552@techcorp.org
6142,Jane Clark,jane.clark.613@rdbms.dev
6143,Emma Johnson,emma.johnson.135@mail.net
6144,David White,david.white.774@mail.net
6145,Charlotte Moore,charlotte.moore.557@rdbms.dev
6146,Michael Jackson,michael.jackson.190@mail.net
6147,Charles Robinson,charles.robinson.602@mail.net
6148,Ava Thompson,ava.thompson.316@mail.net
6149,Charlotte Wilson,charlotte.wilson.314@testmail.com
6150,Jane Thompson,jane.thompson.232@techcorp.org
6151,Olivia Lewis,olivia.lewis.105@example.com
6152,Jane Brown,jane.brown.827@techcorp.org
6153,Isabella Walker,isabella.walker.366@testmail.com
6154,Charles Moore,charles.moore.431@rdbms.dev
6155,John Wilson,john.wilson.479@testmail.com
6156,Charles Smith,charles.smith.124@techcorp.org
6157,Amelia Smith,amelia.smith.996@mail.net
6158,Jane White,jane.white.282@testmail.com
6159,Amelia Harris,amelia.harris.625@mail.net
6160,Jane Sanchez,jane.sanchez.211@rdbms.dev
6161,Mia White,mia.white.482@rdbms.dev
6162,Emily White,emily.white.111@techcorp.org
6163,Charles Harris,charles.harris.961@mail.net
6164,Mia Harris,mia.harris.328@example.com
6165,Emma Martin,emma.martin.420@example.com
6166,David Moore,david.moore.484@example.com
6167,Richard Miller,richard.miller.759@mail.net
6168,Amelia Wilson,amelia.wilson.153@techcorp.org
6169,Sophia Sanchez,sophia.sanchez.288@rdbms.dev
6170,Emily Ramirez,emily.ramirez.339@rdbms.dev
6171,Joseph Lewis,joseph.lewis.871@techcorp.org
6172,Michael Moore,michael.moore.194@rdbms.dev
6173,Jane White,jane.white.451@example.com
6174,Mia Sanchez,mia.sanchez.656@rdbms.dev
6175,Sophia Taylor,sophia.taylor.672@mail.net
6176,Emily Ramirez,emily.ramirez.320@techcorp.org
6177,Emma Harris,emma.harris.507@example.com
6178,Charlotte Clark,charlotte.clark.930@techcorp.org
6179,Ava Walker,ava.walker.636@testmail.com
6180,Michael Clark,michael.clark.320@mail.net
6181,James Moore,james.moore.889@mail.net
6182,Jane Lewis,jane.lewis.949@techcorp.org
6183,Charles White,charles.white.985@example.com
6184,Joseph Wilson,joseph.wilson.909@mail.net
6185,Michael Smith,michael.smith.301@mail.net
6186,Charles Taylor,charles.taylor.177@techcorp.org
6187,Joseph Lee,joseph.lee.432@techcorp.org
6188,Isabella Thompson,isabella.thompson.303@techcorp.org
6189,James Wilson,james.wilson.357@rdbms.dev
6190,William Brown,william.brown.609@example.com
6191,Thomas Brown,thomas.brown.417@techcorp.org
6192,Jane Moore,jane.moore.735@example.com
6193,David Clark,david.clark.835@mail.net
6194,Jane Sanchez,jane.sanchez.424@mail.net
6195,Olivia Johnson,olivia.johnson.772@testmail.com
6196,Charlotte Smith,charlotte.smith.700@rdbms.dev
6197,Thomas Clark,thomas.clark.192@example.com
6198,Olivia Thompson,olivia.thompson.255@testmail.com
6199,Emma Johnson,emma.johnson.341@example.com
6200,Robert Ramirez,robert.ramirez.660@rdbms.dev
6201,Mia Brown,mia.brown.705@rdbms.dev
6202,Ava Sanchez,ava.sanchez.582@testmail.com
6203,Charles Jackson,charles.jackson.968@techcorp.org
6204,Isabella Johnson,isabella.johnson.344@rdbms.dev
6205,William Martin,william.martin.914@mail.net
6206,Emma Thompson,emma.thompson.954@testmail.com
6207,Robert Brown,robert.brown.874@example.com
6208,Jane White,jane.white.399@testmail.com
6209,Thomas Wilson,thomas.wilson.564@example.com
6210,Richard Sanchez,richard.sanchez.706@testmail.com
6211,Emma White,emma.white.294@techcorp.org
6212,Joseph Perez,joseph.perez.986@example.com
6213,Sophia Smith,sophia.smith.673@rdbms.dev
6214,Michael Perez,michael.perez.800@example.com
6215,Jane Walker,jane.walker.247@mail.net
6216,Emily Clark,emily.clark.608@testmail.com
6217,Mia Martin,mia.martin.315@techcorp.org
6218,Isabella Lee,isabella.lee.183@mail.net
6219,Robert Clark,robert.clark.646@mail.net
6220,Sophia Brown,sophia.brown.281@testmail.com
6221,Charlotte Lee,charlotte.lee.852@testmail.com
6222,Isabella Smith,isabella.smith.339@rdbms.dev
6223,Sophia Sanchez,sophia.sanchez.149@rdbms.dev
6224,Olivia Thompson,olivia.thompson.946@example.com
6225,Mia Walker,mia.walker.506@rdbms.dev
6226,Emily Sanchez,emily.sanchez.513@mail.net
6227,Ava Walker,ava.walker.750@rdbms.dev
6228,Emma Moore,emma.moore.811@testmail.com
6229,Amelia Harris,amelia.harris.798@example.com
6230,Sophia Lewis,sophia.lewis.783@mail.net
6231,Emily Robinson,emily.robinson.391@techcorp.org
6232,James Thompson,james.thompson.922@mail.net
6233,James Perez,james.perez.270@testmail.com
6234,Emma Brown,emma.brown.931@rdbms.dev
6235,Amelia Clark,amelia.clark.555@mail.net
6236,David Smith,david.smith.349@techcorp.org
6237,Isabella Harris,isabella.harris.798@mail.net
6238,Charlotte Smith,charlotte.smith.380@example.com
6239,Charles White,charles.white.482@example.com
6240,Charles Robinson,charles.robinson.403@techcorp.org
6241,Olivia Miller,olivia.miller.272@rdbms.dev
6242,William Smith,william.smith.964@techcorp.org
6243,Olivia Walker,olivia.walker.952@testmail.com
6244,Charlotte Clark,charlotte.clark.938@mail.net
6245,Charles Thompson,charles.thompson.613@example.com
6246,William Lee,william.lee.857@rdbms.dev
6247,Jane Sanchez,jane.sanchez.588@techcorp.org
6248,Thomas Taylor,thomas.taylor.403@example.com
6249,Mia Miller,mia.miller.101@techcorp.org
6250,Ava Smith,ava.smith.828@mail.net
6251,Robert Smith,robert.smith.582@testmail.com
6252,James Sanchez,james.sanchez.754@mail.net
6253,David Martin,david.martin.323@example.com
6254,Amelia Moore,amelia.moore.752@testmail.com
6255,Robert Thompson,robert.thompson.694@rdbms.dev
6256,William Taylor,william.taylor.984@testmail.com
6257,Jane Perez,jane.perez.783@example.com
6258,Olivia Lewis,olivia.lewis.500@testmail.com
6259,Olivia Miller,olivia.miller.391@example.com
6260,Charles Moore,charles.moore.252@mail.net
6261,Thomas Thompson,thomas.thompson.617@mail.net
6262,Amelia White,amelia.white.515@testmail.com
6263,Joseph Harris,joseph.harris.713@testmail.com
6264,Ava Lee,ava.lee.232@testmail.com
6265,Emma Ramirez,emma.ramirez.873@example.com
6266,Mia Sanchez,mia.sanchez.358@rdbms.dev
6267,Emily Wilson,emily.wilson.401@rdbms.dev
6268,Olivia Robinson,olivia.robinson.790@rdbms.dev
6269,Thomas Jackson,thomas.jackson.603@testmail.com
6270,Amelia Harris,amelia.harris.926@techcorp.org
6271,Michael Johnson,michael.johnson.854@rdbms.dev
6272,Thomas White,thomas.white.840@testmail.com
6273,William Wilson,william.wilson.746@example.com
6274,Sophia Lee,sophia.lee.226@mail.net
6275,Emily Johnson,emily.johnson.385@testmail.com
6276,Amelia Perez,amelia.perez.380@example.com
6277,John Sanchez,john.sanchez.978@example.com
6278,Joseph Moore,joseph.moore.289@mail.net
6279,Isabella Perez,isabella.perez.136@testmail.com
6280,Robert Wilson,robert.wilson.734@example.com
6281,David Sanchez,david.sanchez.841@techcorp.org
6282,Jane Clark,jane.clark.881@example.com
6283,Richard Smith,richard.smith.470@mail.net
6284,Sophia Sanchez,sophia.sanchez.478@mail.net
6285,Richard Clark,richard.clark.522@mail.net
6286,Richard Johnson,richard.johnson.483@mail.net
6287,Richard Moore,richard.moore.200@mail.net
6288,Mia Smith,mia.smith.508@techcorp.org
6289,Joseph Taylor,joseph.taylor.278@example.com
6290,James Clark,james.clark.849@rdbms.dev
6291,Ava Taylor,ava.taylor.122@techcorp.org
6292,Richard Moore,richard.moore.797@mail.net
6293,Richard Taylor,richard.taylor.805@testmail.com
6294,David Miller,david.miller.420@testmail.com
6295,Joseph Miller,joseph.miller.492@rdbms.dev
6296,Sophia Lewis,sophia.lewis.239@rdbms.dev
6297,Jane Lewis,jane.lewis.133@mail.net
6298,James Wilson,james.wilson.798@rdbms.dev
6299,Robert Martin,robert.martin.363@techcorp.org
6300,Emily Lewis,emily.lewis.761@example.com
6301,Amelia Walker,amelia.walker.655@testmail.com
6302,William Robinson,william.robinson.520@rdbms.dev
6303,David Perez,david.perez.951@example.com
6304,David Clark,david.clark.246@rdbms.dev
6305,Charlotte Harris,charlotte.harris.312@example.com
6306,James Miller,james.miller.813@testmail.com
6307,James Ramirez,james.ramirez.734@techcorp.org
6308,Jane Brown,jane.brown.226@mail.net
6309,Olivia Thompson,olivia.thompson.436@testmail.com
6310,David Clark,david.clark.270@rdbms.dev
6311,Sophia Walker,sophia.walker.243@mail.net
6312,Charles Robinson,charles.robinson.777@rdbms.dev
6313,Emma Jackson,emma.jackson.767@example.com
6314,David Sanchez,david.sanchez.701@example.com
6315,Charles Jackson,charles.jackson.951@techcorp.org
6316,David Moore,david.moore.987@mail.net
6317,John Walker,john.walker.334@example.com
6318,Robert Lewis,robert.lewis.519@example.com
6319,Charles Taylor,charles.taylor.617@testmail.com
6320,Sophia Jackson,sophia.jackson.531@testmail.com
6321,Isabella Sanchez,isabella.sanchez.963@rdbms.dev
6322,Charles Sanchez,charles.sanchez.969@example.com
6323,John Robinson,john.robinson.238@rdbms.dev
6324,Jane Lewis,jane.lewis.840@techcorp.org
6325,Charlotte Jackson,charlotte.jackson.410@rdbms.dev
6326,Ava Johnson,ava.johnson.512@techcorp.org
6327,Isabella Perez,isabella.perez.690@mail.net
6328,Emily Lewis,emily.lewis.570@testmail.com
6329,Mia Martin,mia.martin.375@techcorp.org
6330,James Clark,james.clark.293@techcorp.org
6331,Michael Perez,michael.perez.883@example.com
6332,Richard Smith,richard.smith.155@rdbms.dev
6333,Amelia Sanchez,amelia.sanchez.235@techcorp.org
6334,Thomas Sanchez,thomas.sanchez.452@mail.net
6335,William Martin,william.martin.698@example.com
6336,Jane Robinson,jane.robinson.608@testmail.com
6337,Charlotte White,charlotte.white.624@mail.net
6338,Amelia Johnson,amelia.johnson.887@rdbms.dev
6339,William Clark,william.clark.465@example.com
6340,Olivia Clark,olivia.clark.601@techcorp.org
6341,Jane Harris,jane.harris.581@rdbms.dev
6342,Isabella White,isabella.white.618@mail.net
6343,Amelia Robinson,amelia.robinson.952@mail.net
6344,Richard Lewis,richard.lewis.438@rdbms.dev
6345,Amelia Wilson,amelia.wilson.852@testmail.com
6346,Joseph Smith,joseph.smith.772@mail.net
6347,Charles Perez,charles.perez.860@testmail.com
6348,Amelia Thompson,amelia.thompson.550@testmail.com
6349,Robert Brown,robert.brown.923@example.com
6350,Charles Thompson,charles.thompson.581@mail.net
6351,Michael Robinson,michael.robinson.560@testmail.com
6352,Olivia Clark,olivia.clark.615@example.com
6353,Joseph Brown,joseph.brown.590@techcorp.org
6354,Charles White,charles.white.134@techcorp.org
6355,Sophia Sanchez,sophia.sanchez.435@testmail.com
6356,Robert Moore,robert.moore.412@mail.net
6357,Mia Robinson,mia.robinson.767@mail.net
6358,Jane Perez,jane.perez.703@techcorp.org
6359,Thomas Wilson,thomas.wilson.568@mail.net
6360,Thomas Walker,thomas.walker.726@rdbms.dev
6361,Robert Taylor,robert.taylor.424@techcorp.org
6362,Ava Martin,ava.martin.448@testmail.com
6363,Joseph Taylor,joseph.taylor.912@rdbms.dev
6364,Amelia Lewis,amelia.lewis.883@techcorp.org
6365,James Harris,james.harris.604@mail.net
6366,Amelia Lee,amelia.lee.357@testmail.com
6367,Emily White,emily.white.984@techcorp.org
6368,William Brown,william.brown.774@techcorp.org
6369,William Walker,william.walker.245@example.com
6370,Charlotte Perez,charlotte.perez.189@rdbms.dev
6371,Joseph Lee,joseph.lee.607@example.com
6372,Joseph Smith,joseph.smith.826@techcorp.org
6373,Joseph Moore,joseph.moore.529@rdbms.dev
6374,Emma Martin,emma.martin.841@example.com
6375,Sophia Walker,sophia.walker.518@techcorp.org
6376,Olivia Taylor,olivia.taylor.777@techcorp.org
6377,John Miller,john.miller.298@example.com
6378,Amelia Miller,amelia.miller.859@rdbms.dev
6379,James Taylor,james.taylor.802@rdbms.dev
6380,Richard Moore,richard.moore.298@example.com
6381,Emma Johnson,emma.johnson.811@mail.net
6382,Emma Jackson,emma.jackson.499@example.com
6383,Amelia Ramirez,amelia.ramirez.315@techcorp.org
6384,Mia Johnson,mia.johnson.725@mail.net
6385,Emily Robinson,emily.robinson.344@rdbms.dev
6386,William Moore,william.moore.674@testmail.com
6387,Ava Lee,ava.lee.784@techcorp.org
6388,Michael Thompson,michael.thompson.817@techcorp.org
6389,Olivia Walker,olivia.walker.857@example.com
6390,Isabella Walker,isabella.walker.870@rdbms.dev
6391,Isabella Clark,isabella.clark.614@mail.net
6392,Thomas Jackson,thomas.jackson.333@testmail.com
6393,Olivia Walker,olivia.walker.512@techcorp.org
6394,James Robinson,james.robinson.228@testmail.com
6395,John Smith,john.smith.642@example.com
6396,Michael Johnson,michael.johnson.514@example.com
6397,Charlotte Clark,charlotte.clark.101@example.com
6398,Jane Harris,jane.harris.588@techcorp.org
6399,Sophia Lewis,sophia.lewis.587@techcorp.org
6400,Emily Brown,emily.brown.867@techcorp.org
6401,David Lewis,david.lewis.833@testmail.com
6402,William Moore,william.moore.547@rdbms.dev
6403,David Moore,david.moore.825@rdbms.dev
6404,Isabella Lewis,isabella.lewis.345@techcorp.org
6405,Thomas Sanchez,thomas.sanchez.443@mail.net
6406,William Miller,william.miller.696@rdbms.dev
6407,Mia Taylor,mia.taylor.266@example.com
6408,Charles Miller,charles.miller.333@testmail.com
6409,Ava Lewis,ava.lewis.252@mail.net
6410,Mia Jackson,mia.jackson.134@mail.net
6411,Robert Harris,robert.harris.143@techcorp.org
6412,Thomas Ramirez,thomas.ramirez.613@rdbms.dev
6413,Joseph Brown,joseph.brown.742@testmail.com
6414,Mia Sanchez,mia.sanchez.162@example.com
6415,Joseph Jackson,joseph.jackson.535@example.com
6416,Charles White,charles.white.576@rdbms.dev
6417,Charles Thompson,charles.thompson.883@mail.net
6418,Robert Clark,robert.clark.129@mail.net
6419,Thomas Walker,thomas.walker.216@example.com
6420,Olivia Walker,olivia.walker.389@mail.net
6421,Isabella Lee,isabella.lee.832@example.com
6422,Ava Moore,ava.moore.678@techcorp.org
6423,Emily Wilson,emily.wilson.655@rdbms.dev
6424,Sophia Lee,sophia.lee.740@techcorp.org
6425,John Clark,john.clark.626@testmail.com
6426,Richard Lee,richard.lee.645@mail.net
6427,Robert Miller,robert.miller.614@rdbms.dev
6428,Michael Harris,michael.harris.780@mail.net
6429,Ava Jackson,ava.jackson.488@rdbms.dev
6430,James White,james.white.126@mail.net
6431,Robert Brown,robert.brown.720@techcorp.org
6432,Olivia Lee,olivia.lee.497@mail.net
6433,Sophia White,sophia.white.335@testmail.com
6434,Richard Walker,richard.walker.745@mail.net
6435,Charles Robinson,charles.robinson.514@techcorp.org
6436,Richard Moore,richard.moore.154@techcorp.org
6437,James Perez,james.perez.357@mail.net
6438,Emily Johnson,emily.johnson.825@example.com
6439,David Jackson,david.jackson.594@techcorp.org
6440,John Robinson,john.robinson.613@rdbms.dev
6441,Michael Ramirez,michael.ramirez.486@mail.net
6442,Isabella Brown,isabella.brown.171@rdbms.dev
6443,Isabella Johnson,isabella.johnson.535@example.com
6444,Charles Taylor,charles.taylor.699@mail.net
6445,John White,john.white.778@rdbms.dev
6446,Ava Ramirez,ava.ramirez.845@rdbms.dev
6447,Michael Perez,michael.perez.492@rdbms.dev
6448,Thomas Miller,thomas.miller.143@techcorp.org
6449,Richard Moore,richard.moore.480@rdbms.dev
6450,Emma Moore,emma.moore.713@testmail.com
6451,Charles Lee,charles.lee.533@example.com
6452,Amelia Walker,amelia.walker.103@rdbms.dev
6453,Jane Clark,jane.clark.587@testmail.com
6454,Emma White,emma.white.645@mail.net
6455,Robert White,robert.white.503@techcorp.org
6456,Mia Sanchez,mia.sanchez.178@rdbms.dev
6457,Mia White,mia.white.640@techcorp.org
6458,Jane Martin,jane.martin.681@testmail.com
6459,Jane Perez,jane.perez.120@example.com
6460,Charles Jackson,charles.jackson.280@example.com
6461,Isabella Clark,isabella.clark.851@rdbms.dev
6462,Amelia Jackson,amelia.jackson.690@techcorp.org
6463,Ava White,ava.white.858@rdbms.dev
6464,Emily Sanchez,emily.sanchez.630@techcorp.org
6465,John Harris,john.harris.581@testmail.com
6466,Emma Ramirez,emma.ramirez.429@rdbms.dev
6467,James Perez,james.perez.278@example.com
6468,Ava Jackson,ava.jackson.766@example.com
6469,Emma Brown,emma.brown.991@testmail.com
6470,Sophia Jackson,sophia.jackson.546@techcorp.org
6471,Charles Clark,charles.clark.900@mail.net
6472,Amelia Walker,amelia.walker.330@mail.net
6473,Michael Robinson,michael.robinson.654@mail.net
6474,Mia Lewis,mia.lewis.801@mail.net
6475,Ava Martin,ava.martin.944@rdbms.dev
6476,Charles Smith,charles.smith.956@mail.net
6477,James Wilson,james.wilson.620@example.com
6478,Isabella Brown,isabella.brown.162@mail.net
6479,Olivia Ramirez,olivia.ramirez.385@mail.net
6480,Sophia Brown,sophia.brown.431@mail.net
6481,William Lee,william.lee.177@techcorp.org
6482,Robert Robinson,robert.robinson.946@testmail.com
6483,Amelia Walker,amelia.walker.293@testmail.com
6484,David Sanchez,david.sanchez.633@rdbms.dev
6485,Jane Lee,jane.lee.403@example.com
6486,James Lewis,james.lewis.599@techcorp.org
6487,Mia Martin,mia.martin.654@techcorp.org
6488,Jane Wilson,jane.wilson.514@testmail.com
6489,William Moore,william.moore.964@techcorp.org
6490,Michael Harris,michael.harris.919@techcorp.org
6491,Jane Miller,jane.miller.182@techcorp.org
6492,William Thompson,william.thompson.357@techcorp.org
6493,Joseph Thompson,joseph.thompson.149@rdbms.dev
6494,Thomas Brown,thomas.brown.637@rdbms.dev
6495,Thomas Lee,thomas.lee.190@techcorp.org
6496,Emily Brown,emily.brown.250@techcorp.org
6497,Robert Sanchez,robert.sanchez.207@techcorp.org
6498,Robert Thompson,robert.thompson.840@rdbms.dev
6499,Joseph Jackson,joseph.jackson.201@rdbms.dev
6500,Charles Thompson,charles.thompson.900@example.com
6501,Emily Harris,emily.harris.373@mail.net
6502,Michael Perez,michael.perez.815@example.com
6503,James Martin,james.martin.869@mail.net
6504,Olivia Moore,olivia.moore.250@rdbms.dev
6505,Charles Robinson,charles.robinson.362@rdbms.dev
6506,James Miller,james.miller.983@example.com
6507,Ava Moore,ava.moore.327@rdbms.dev
6508,Amelia Sanchez,amelia.sanchez.244@testmail.com
6509,Robert Smith,robert.smith.305@rdbms.dev
6510,David Miller,david.miller.548@rdbms.dev
6511,Robert Ramirez,robert.ramirez.562@mail.net
6512,James Moore,james.moore.511@mail.net
6513,Joseph Taylor,joseph.taylor.855@techcorp.org
6514,James Ramirez,james.ramirez.729@techcorp.org
6515,Thomas Brown,thomas.brown.579@mail.net
6516,John White,john.white.553@example.com
6517,Ava Martin,ava.martin.727@example.com
6518,Emily Sanchez,emily.sanchez.217@example.com
6519,Amelia Clark,amelia.clark.230@rdbms.dev
6520,Robert Perez,robert.perez.570@example.com
6521,Charles Clark,charles.clark.688@testmail.com
6522,Emily Taylor,emily.taylor.296@testmail.com
6523,Charles Miller,charles.miller.798@example.com
6524,James Martin,james.martin.823@techcorp.org
6525,David Walker,david.walker.616@example.com
6526,Robert Lee,robert.lee.424@testmail.com
6527,Charlotte Miller,charlotte.miller.237@rdbms.dev
6528,Sophia Harris,sophia.harris.185@mail.net
6529,Thomas Moore,thomas.moore.379@rdbms.dev
6530,Ava Lee,ava.lee.879@techcorp.org
6531,Amelia Johnson,amelia.johnson.744@mail.net
6532,Thomas Smith,thomas.smith.695@mail.net
6533,Thomas Walker,thomas.walker.885@techcorp.org
6534,Thomas Clark,thomas.clark.697@techcorp.org
6535,Jane Smith,jane.smith.406@mail.net
6536,Richard Taylor,richard.taylor.814@testmail.com
6537,John Smith,john.smith.460@mail.net
6538,James Perez,james.perez.402@techcorp.org
6539,Isabella Taylor,isabella.taylor.862@testmail.com
6540,Jane White,jane.white.770@rdbms.dev
6541,Emily Jackson,emily.jackson.178@techcorp.org
6542,Charlotte Ramirez,charlotte.ramirez.757@testmail.com
6543,Thomas Jackson,thomas.jackson.480@example.com
6544,Joseph Walker,joseph.walker.411@techcorp.org
6545,Olivia Johnson,olivia.johnson.616@testmail.com
6546,Amelia Moore,amelia.moore.177@mail.net
6547,David Jackson,david.jackson.183@techcorp.org
6548,Amelia White,amelia.white.585@mail.net
6549,Charlotte Thompson,charlotte.thompson.812@example.com
6550,James Taylor,james.taylor.799@example.com
6551,Michael Clark,michael.clark.831@techcorp.org
6552,Thomas Lee,thomas.lee.687@techcorp.org
6553,Isabella Lewis,isabella.lewis.515@rdbms.dev
6554,John Jackson,john.jackson.774@example.com
6555,Joseph Sanchez,joseph.sanchez.135@techcorp.org
6556,Charles Ramirez,charles.ramirez.758@testmail.com
6557,David Harris,david.harris.629@testmail.com
6558,Robert White,robert.white.108@testmail.com
6559,Charles Johnson,charles.johnson.497@rdbms.dev
6560,Ava Sanchez,ava.sanchez.488@mail.net
6561,Robert White,robert.white.505@techcorp.org
6562,Mia Lewis,mia.lewis.181@techcorp.org
6563,Ava Miller,ava.miller.757@testmail.com
6564,Mia Miller,mia.miller.980@testmail.com
6565,Michael Moore,michael.moore.268@example.com
6566,Sophia Johnson,sophia.johnson.459@example.com
6567,Isabella White,isabella.white.572@techcorp.org
6568,Charlotte Ramirez,charlotte.ramirez.640@example.com
6569,Joseph Walker,joseph.walker.625@techcorp.org
6570,Amelia Jackson,amelia.jackson.675@testmail.com
6571,John Robinson,john.robinson.565@techcorp.org
6572,David Robinson,david.robinson.529@mail.net
6573,Sophia Lee,sophia.lee.999@rdbms.dev
6574,Charlotte Thompson,charlotte.thompson.313@testmail.com
6575,Isabella Perez,isabella.perez.756@rdbms.dev
6576,Charles Moore,charles.moore.470@rdbms.dev
6577,Michael Wilson,michael.wilson.690@techcorp.org
6578,Amelia Jackson,amelia.jackson.595@testmail.com
6579,Amelia White,amelia.white.894@testmail.com
6580,Charles White,charles.white.594@techcorp.org
6581,Emma Moore,emma.moore.136@techcorp.org
6582,John Wilson,john.wilson.743@mail.net
6583,Emma Miller,emma.miller.535@testmail.com
6584,Sophia Smith,sophia.smith.594@example.com
6585,Jane Moore,jane.moore.165@rdbms.dev
6586,Sophia Wilson,sophia.wilson.502@testmail.com
6587,David Wilson,david.wilson.217@rdbms.dev
6588,John Ramirez,john.ramirez.927@example.com
6589,Charlotte Jackson,charlotte.jackson.568@mail.net
6590,Olivia Sanchez,olivia.sanchez.152@mail.net
6591,John Taylor,john.taylor.154@testmail.com
6592,Charles Wilson,charles.wilson.722@techcorp.org
6593,Thomas Sanchez,thomas.sanchez.404@testmail.com
6594,Emily Wilson,emily.wilson.273@techcorp.org
6595,Amelia Ramirez,amelia.ramirez.424@mail.net
6596,Emily Jackson,emily.jackson.223@mail.net
6597,Thomas Smith,thomas.smith.151@example.com
6598,David Moore,david.moore.646@techcorp.org
6599,Joseph Sanchez,joseph.sanchez.708@example.com
6600,Richard Robinson,richard.robinson.515@mail.net
6601,Richard Harris,richard.harris.732@mail.net
6602,James Smith,james.smith.494@testmail.com
6603,Richard Smith,richard.smith.798@example.com
6604,Emma Sanchez,emma.sanchez.877@techcorp.org
6605,James Smith,james.smith.540@rdbms.dev
6606,John Jackson,john.jackson.635@testmail.com
6607,John White,john.white.161@testmail.com
6608,Charles Walker,charles.walker.375@techcorp.org
6609,James Taylor,james.taylor.374@rdbms.dev
6610,James Clark,james.clark.824@testmail.com
6611,David Smith,david.smith.904@example.com
6612,Richard Sanchez,richard.sanchez.896@testmail.com
6613,Jane White,jane.white.435@example.com
6614,Jane Brown,jane.brown.191@testmail.com
6615,Isabella Wilson,isabella.wilson.926@rdbms.dev
6616,Isabella Jackson,isabella.jackson.968@rdbms.dev
6617,Sophia Martin,sophia.martin.852@techcorp.org
6618,Joseph Harris,joseph.harris.382@example.com
6619,Jane Wilson,jane.wilson.609@example.com
6620,Sophia Thompson,sophia.thompson.169@rdbms.dev
6621,Emma Johnson,emma.johnson.871@example.com
6622,Olivia Miller,olivia.miller.172@rdbms.dev
6623,Charlotte Walker,charlotte.walker.842@mail.net
6624,Robert Ramirez,robert.ramirez.595@rdbms.dev
6625,Sophia Johnson,sophia.johnson.887@rdbms.dev
6626,David Walker,david.walker.518@testmail.com
6627,Amelia Taylor,amelia.taylor.733@testmail.com
6628,Isabella Jackson,isabella.jackson.369@testmail.com
6629,Ava Martin,ava.martin.572@mail.net
6630,David Smith,david.smith.812@mail.net
6631,Isabella Jackson,isabella.jackson.801@mail.net
6632,Thomas Clark,thomas.clark.137@techcorp.org
6633,Jane Robinson,jane.robinson.420@mail.net
6634,Amelia Clark,amelia.clark.730@testmail.com
6635,John Martin,john.martin.340@example.com
6636,Richard Johnson,richard.johnson.769@techcorp.org
6637,Mia White,mia.white.618@testmail.com
6638,Olivia Martin,olivia.martin.138@techcorp.org
6639,Mia Clark,mia.clark.743@example.com
6640,Amelia Brown,amelia.brown.689@mail.net
6641,Thomas Jackson,thomas.jackson.322@testmail.com
6642,Ava Lewis,ava.lewis.731@testmail.com
6643,Isabella Martin,isabella.martin.422@techcorp.org
6644,Emily Perez,emily.perez.430@example.com
6645,Michael Clark,michael.clark.799@testmail.com
6646,Charlotte Moore,charlotte.moore.971@testmail.com
6647,Thomas Perez,thomas.perez.631@techcorp.org
6648,Isabella Martin,isabella.martin.627@example.com
6649,Ava Clark,ava.clark.965@testmail.com
6650,Isabella Miller,isabella.miller.714@example.com
6651,John Perez,john.perez.516@testmail.com
6652,Amelia Smith,amelia.smith.782@mail.net
6653,Ava Johnson,ava.johnson.310@techcorp.org
6654,Robert Ramirez,robert.ramirez.786@example.com
6655,Emma Lee,emma.lee.532@rdbms.dev
6656,Olivia Sanchez,olivia.sanchez.156@rdbms.dev
6657,Charles Walker,charles.walker.942@rdbms.dev
6658,Charles Robinson,charles.robinson.410@example.com
6659,James Clark,james.clark.687@example.com
6660,Olivia Harris,olivia.harris.645@testmail.com
6661,Michael Harris,michael.harris.490@example.com
6662,Isabella Moore,isabella.moore.141@testmail.com
6663,Robert Martin,robert.martin.554@rdbms.dev
6664,Isabella Wilson,isabella.wilson.740@testmail.com
6665,John Lewis,john.lewis.362@rdbms.dev
6666,Emma Lewis,emma.lewis.151@example.com
6667,James Jackson,james.jackson.540@techcorp.org
6668,Isabella Johnson,isabella.johnson.152@example.com
6669,Emily White,emily.white.589@example.com
6670,Mia Walker,mia.walker.416@example.com
6671,Mia White,mia.white.928@techcorp.org
6672,Emily Miller,emily.miller.153@mail.net
6673,John Clark,john.clark.490@rdbms.dev
6674,Jane Taylor,jane.taylor.420@rdbms.dev
6675,Emily Lewis,emily.lewis.480@testmail.com
6676,Thomas Walker,thomas.walker.594@techcorp.org
6677,Thomas Walker,thomas.walker.497@testmail.com
6678,James Taylor,james.taylor.196@example.com
6679,John Sanchez,john.sanchez.338@example.com
6680,Richard Clark,richard.clark.104@techcorp.org
6681,Richard Ramirez,richard.ramirez.679@techcorp.org
6682,David Lewis,david.lewis.990@techcorp.org
6683,Richard Harris,richard.harris.218@rdbms.dev
6684,Richard Miller,richard.miller.230@mail.net
6685,Joseph Lewis,joseph.lewis.418@rdbms.dev
6686,Jane Taylor,jane.taylor.559@example.com
6687,Charlotte Perez,charlotte.perez.318@testmail.com
6688,Charles Walker,charles.walker.663@rdbms.dev
6689,Ava White,ava.white.874@example.com
6690,Emma Lewis,emma.lewis.279@mail.net
6691,Charles Brown,charles.brown.872@techcorp.org
6692,Isabella Smith,isabella.smith.153@testmail.com
6693,Charles Smith,charles.smith.192@example.com
6694,Mia Smith,mia.smith.959@example.com
6695,David Taylor,david.taylor.704@rdbms.dev
6696,Richard Robinson,richard.robinson.679@testmail.com
6697,Olivia Taylor,olivia.taylor.257@rdbms.dev
6698,Richard Jackson,richard.jackson.580@rdbms.dev
6699,Richard Thompson,richard.thompson.256@testmail.com
6700,James Clark,james.clark.664@testmail.com
6701,Emma Lee,emma.lee.401@example.com
6702,Mia White,mia.white.525@mail.net
6703,Michael Harris,michael.harris.522@rdbms.dev
6704,Joseph Smith,joseph.smith.126@rdbms.dev
6705,Joseph Thompson,joseph.thompson.242@testmail.com
6706,Emily Wilson,emily.wilson.177@example.com
6707,Richard Taylor,richard.taylor.228@techcorp.org
6708,Jane Walker,jane.walker.735@testmail.com
6709,Amelia Lee,amelia.lee.357@rdbms.dev
6710,Joseph Jackson,joseph.jackson.585@mail.net
6711,Isabella Lewis,isabella.lewis.842@techcorp.org
6712,Olivia White,olivia.white.839@testmail.com
6713,Charles White,charles.white.827@techcorp.org
6714,Thomas Miller,thomas.miller.588@techcorp.org
6715,James White,james.white.363@rdbms.dev
6716,Charlotte Miller,charlotte.miller.826@rdbms.dev
6717,Charles White,charles.white.708@techcorp.org
6718,Amelia Harris,amelia.harris.562@techcorp.org
6719,Thomas Brown,thomas.brown.353@testmail.com
6720,Robert Taylor,robert.taylor.230@example.com
6721,Joseph Moore,joseph.moore.242@testmail.com
6722,Charles Smith,charles.smith.897@rdbms.dev
6723,Richard Taylor,richard.taylor.333@rdbms.dev
6724,James Smith,james.smith.465@testmail.com
6725,David Wilson,david.wilson.753@techcorp.org
6726,Charles Brown,charles.brown.624@example.com
6727,Richard Lee,richard.lee.208@example.com
6728,Sophia Martin,sophia.martin.830@testmail.com
6729,Joseph Johnson,joseph.johnson.607@example.com
6730,Charles White,charles.white.138@techcorp.org
6731,Emma Harris,emma.harris.289@rdbms.dev
6732,Amelia Robinson,amelia.robinson.884@example.com
6733,Amelia Moore,amelia.moore.620@mail.net
6734,Ava Lee,ava.lee.128@rdbms.dev
6735,Michael Sanchez,michael.sanchez.173@rdbms.dev
6736,Michael Ramirez,michael.ramirez.301@rdbms.dev
6737,Charlotte Taylor,charlotte.taylor.194@mail.net
6738,John Martin,john.martin.366@mail.net
6739,Charlotte Robinson,charlotte.robinson.445@techcorp.org
6740,Richard Sanchez,richard.sanchez.371@rdbms.dev
6741,Charlotte Moore,charlotte.moore.500@rdbms.dev
6742,Michael Jackson,michael.jackson.233@example.com
6743,Emily Martin,emily.martin.302@rdbms.dev
6744,Emma Ramirez,emma.ramirez.278@testmail.com
6745,Amelia Martin,amelia.martin.726@testmail.com
6746,Sophia Taylor,sophia.taylor.969@techcorp.org
6747,John Johnson,john.johnson.709@testmail.com
6748,Robert Johnson,robert.johnson.649@techcorp.org
6749,Amelia Harris,amelia.harris.684@example.com
6750,Joseph Johnson,joseph.johnson.621@mail.net
6751,Jane Miller,jane.miller.110@mail.net
6752,Amelia Harris,amelia.harris.871@mail.net
6753,Emily Moore,emily.moore.220@rdbms.dev
6754,Robert Miller,robert.miller.685@rdbms.dev
6755,Sophia White,sophia.white.259@testmail.com
6756,Mia Smith,mia.smith.355@testmail.com
6757,Michael Clark,michael.clark.873@mail.net
6758,Olivia Smith,olivia.smith.376@testmail.com
6759,John Perez,john.perez.331@example.com
6760,Isabella Jackson,isabella.jackson.109@rdbms.dev
6761,Thomas Sanchez,thomas.sanchez.758@example.com
6762,James Lewis,james.lewis.437@testmail.com
6763,Emma Miller,emma.miller.785@example.com
6764,David Jackson,david.jackson.682@mail.net
6765,Thomas Lee,thomas.lee.940@mail.net
6766,Mia Ramirez,mia.ramirez.470@rdbms.dev
6767,Jane Martin,jane.martin.487@testmail.com
6768,Amelia White,amelia.white.327@mail.net
6769,Olivia Smith,olivia.smith.905@mail.net
6770,Michael Wilson,michael.wilson.294@mail.net
6771,John Harris,john.harris.754@mail.net
6772,Robert Taylor,robert.taylor.819@mail.net
6773,Ava Smith,ava.smith.467@techcorp.org
6774,David Smith,david.smith.748@mail.net
6775,Richard Wilson,richard.wilson.963@testmail.com
6776,Michael Perez,michael.perez.929@rdbms.dev
6777,Charles Thompson,charles.thompson.566@techcorp.org
6778,William Jackson,william.jackson.961@mail.net
6779,Emma Wilson,emma.wilson.320@rdbms.dev
6780,Emma Clark,emma.clark.784@testmail.com
6781,Charlotte Robinson,charlotte.robinson.206@testmail.com
6782,Ava Thompson,ava.thompson.885@testmail.com
6783,David Wilson,david.wilson.550@mail.net
6784,Sophia Perez,sophia.perez.385@mail.net
6785,Mia Harris,mia.harris.747@techcorp.org
6786,Charles Harris,charles.harris.372@rdbms.dev
6787,William Sanchez,william.sanchez.130@techcorp.org
6788,Michael Miller,michael.miller.134@mail.net
6789,Isabella Sanchez,isabella.sanchez.100@example.com
6790,Mia Moore,mia.moore.746@testmail.com
6791,Richard Lewis,richard.lewis.926@techcorp.org
6792,Ava Perez,ava.perez.514@rdbms.dev
6793,Thomas Taylor,thomas.taylor.802@mail.net
6794,Thomas Johnson,thomas.johnson.303@techcorp.org
6795,Olivia Clark,olivia.clark.624@techcorp.org
6796,Thomas Taylor,thomas.taylor.484@techcorp.org
6797,Joseph Harris,joseph.harris.598@testmail.com
6798,Charlotte Harris,charlotte.harris.858@rdbms.dev
6799,Charles Harris,charles.harris.827@rdbms.dev
6800,Isabella Miller,isabella.miller.976@rdbms.dev
6801,Mia Moore,mia.moore.912@rdbms.dev
6802,Mia Miller,mia.miller.784@mail.net
6803,Charlotte Lee,charlotte.lee.947@rdbms.dev
6804,Sophia White,sophia.white.729@rdbms.dev
6805,Olivia Jackson,olivia.jackson.855@testmail.com
6806,David Wilson,david.wilson.972@example.com
6807,Emily Walker,emily.walker.613@testmail.com
6808,Sophia Clark,sophia.clark.905@techcorp.org
6809,Robert Johnson,robert.johnson.693@testmail.com
6810,Jane Miller,jane.miller.223@testmail.com
6811,Michael White,michael.white.139@mail.net
6812,Charlotte Perez,charlotte.perez.541@mail.net
6813,Michael Wilson,michael.wilson.154@mail.net
6814,Charlotte Jackson,charlotte.jackson.529@example.com
6815,Richard Taylor,richard.taylor.757@techcorp.org
6816,John Smith,john.smith.295@techcorp.org
6817,Emily Harris,emily.harris.682@example.com
6818,Robert Lee,robert.lee.169@example.com
6819,James Perez,james.perez.402@mail.net
6820,Amelia Ramirez,amelia.ramirez.941@techcorp.org
6821,Michael Harris,michael.harris.202@example.com
6822,Michael Moore,michael.moore.621@testmail.com
6823,Emma Sanchez,emma.sanchez.244@mail.net
6824,Isabella Moore,isabella.moore.983@techcorp.org
6825,Emily Moore,emily.moore.244@mail.net
6826,Thomas Taylor,thomas.taylor.817@rdbms.dev
6827,Amelia Harris,amelia.harris.642@techcorp.org
6828,Charles Wilson,charles.wilson.211@techcorp.org
6829,John Wilson,john.wilson.637@techcorp.org
6830,Olivia Thompson,olivia.thompson.816@mail.net
6831,Richard Brown,richard.brown.748@testmail.com
6832,James Brown,james.brown.956@techcorp.org
6833,Emma Martin,emma.martin.656@mail.net
6834,Jane Ramirez,jane.ramirez.149@testmail.com
6835,Jane Lewis,jane.lewis.367@mail.net
6836,Michael Smith,michael.smith.673@testmail.com
6837,Richard Walker,richard.walker.857@techcorp.org
6838,Joseph Walker,joseph.walker.561@mail.net
6839,Michael White,michael.white.790@testmail.com
6840,Thomas Taylor,thomas.taylor.287@rdbms.dev
6841,Sophia Thompson,sophia.thompson.437@techcorp.org
6842,Charles Moore,charles.moore.857@example.com
6843,Sophia Ramirez,sophia.ramirez.241@testmail.com
6844,William Johnson,william.johnson.477@techcorp.org
6845,Olivia Johnson,olivia.johnson.187@example.com
6846,Richard Martin,richard.martin.383@rdbms.dev
6847,Joseph Ramirez,joseph.ramirez.804@rdbms.dev
6848,Michael Smith,michael.smith.309@rdbms.dev
6849,Michael Miller,michael.miller.164@rdbms.dev
6850,Joseph Moore,joseph.moore.600@rdbms.dev
6851,Thomas Perez,thomas.perez.235@testmail.com
6852,John Lewis,john.lewis.176@techcorp.org
6853,Richard Jackson,richard.jackson.118@testmail.com
6854,William Thompson,william.thompson.234@mail.net
6855,Mia Martin,mia.martin.103@testmail.com
6856,Mia Brown,mia.brown.207@mail.net
6857,Charles White,charles.white.592@testmail.com
6858,Richard Miller,richard.miller.585@mail.net
6859,Sophia Thompson,sophia.thompson.323@mail.net
6860,James Sanchez,james.sanchez.962@rdbms.dev
6861,John Walker,john.walker.587@techcorp.org
6862,Michael Robinson,michael.robinson.678@techcorp.org
6863,James Lewis,james.lewis.257@techcorp.org
6864,Jane Thompson,jane.thompson.430@techcorp.org
6865,Jane Perez,jane.perez.294@rdbms.dev
6866,Emma Harris,emma.harris.685@rdbms.dev
6867,Emma Brown,emma.brown.469@rdbms.dev
6868,Emma Harris,emma.harris.554@example.com
6869,William Lee,william.lee.963@testmail.com
6870,Michael Lee,michael.lee.525@example.com
6871,Sophia Martin,sophia.martin.947@mail.net
6872,Robert Perez,robert.perez.825@rdbms.dev
6873,John Clark,john.clark.557@mail.net
6874,Joseph Robinson,joseph.robinson.512@techcorp.org
6875,Charlotte Wilson,charlotte.wilson.104@rdbms.dev
6876,Ava Sanchez,ava.sanchez.961@testmail.com
6877,Richard Ramirez,richard.ramirez.491@mail.net
6878,David Lewis,david.lewis.794@testmail.com
6879,Charles Taylor,charles.taylor.236@example.com
6880,Michael Perez,michael.perez.814@mail.net
6881,Joseph Martin,joseph.martin.102@mail.net
6882,Isabella Miller,isabella.miller.870@testmail.com
6883,Emma Harris,emma.harris.293@mail.net
6884,Charlotte Lee,charlotte.lee.107@mail.net
6885,John Wilson,john.wilson.176@example.com
6886,John Moore,john.moore.279@testmail.com
6887,David Johnson,david.johnson.560@rdbms.dev
6888,Joseph Lewis,joseph.lewis.265@testmail.com
6889,William Martin,william.martin.670@rdbms.dev
6890,Thomas Clark,thomas.clark.991@mail.net
6891,Emily Miller,emily.miller.667@techcorp.org
6892,Emily Ramirez,emily.ramirez.818@testmail.com
6893,Sophia Wilson,sophia.wilson.253@mail.net
6894,Isabella Clark,isabella.clark.242@mail.net
6895,Isabella Thompson,isabella.thompson.342@testmail.com
6896,Emily Brown,emily.brown.500@example.com
6897,Richard Taylor,richard.taylor.877@rdbms.dev
6898,Ava Smith,ava.smith.794@techcorp.org
6899,Charles Brown,charles.brown.732@example.com
6900,Charles Lee,charles.lee.159@mail.net
6901,David Clark,david.clark.614@techcorp.org
6902,Mia Moore,mia.moore.857@mail.net
6903,Robert Lewis,robert.lewis.834@techcorp.org
6904,Richard Wilson,richard.wilson.328@rdbms.dev
6905,Isabella Sanchez,isabella.sanchez.400@rdbms.dev
6906,Emily Robinson,emily.robinson.228@mail.net
6907,Robert Brown,robert.brown.778@rdbms.dev
6908,Emma Robinson,emma.robinson.377@testmail.com
6909,David Smith,david.smith.257@mail.net
6910,Robert Lewis,robert.lewis.998@testmail.com
6911,Emily White,emily.white.165@testmail.com
6912,Richard Robinson,richard.robinson.407@mail.net
6913,Michael Miller,michael.miller.238@mail.net
6914,Mia Perez,mia.perez.643@techcorp.org
6915,Sophia Miller,sophia.miller.804@mail.net
6916,Olivia Johnson,olivia.johnson.696@mail.net
6917,Emma Wilson,emma.wilson.812@mail.net
6918,Jane Johnson,jane.johnson.308@techcorp.org
6919,Isabella Wilson,isabella.wilson.820@techcorp.org
6920,Charles Wilson,charles.wilson.478@example.com
6921,Jane Jackson,jane.jackson.153@testmail.com
6922,David Harris,david.harris.189@rdbms.dev
6923,Joseph Jackson,joseph.jackson.586@techcorp.org
6924,Ava Sanchez,ava.sanchez.127@example.com
6925,Mia Robinson,mia.robinson.278@techcorp.org
6926,Isabella Johnson,isabella.johnson.531@example.com
6927,Ava Thompson,ava.thompson.475@rdbms.dev
6928,Charles Thompson,charles.thompson.768@testmail.com
6929,James Lewis,james.lewis.916@example.com
6930,Ava White,ava.white.193@testmail.com
6931,James Ramirez,james.ramirez.567@rdbms.dev
6932,John Robinson,john.robinson.320@example.com
6933,Charlotte Smith,charlotte.smith.667@example.com
6934,William Johnson,william.johnson.801@testmail.com
6935,Mia Clark,mia.clark.288@rdbms.dev
6936,Amelia Lee,amelia.lee.720@mail.net
6937,Charles Lee,charles.lee.907@example.com
6938,Jane Clark,jane.clark.201@rdbms.dev
6939,Michael Martin,michael.martin.220@techcorp.org
6940,James Taylor,james.taylor.598@techcorp.org
6941,Richard Brown,richard.brown.615@testmail.com
6942,Charles Walker,charles.walker.536@testmail.com
6943,Jane Smith,jane.smith.952@mail.net
6944,Robert White,robert.white.514@techcorp.org
6945,John Miller,john.miller.280@testmail.com
6946,James Sanchez,james.sanchez.696@rdbms.dev
6947,David Perez,david.perez.875@testmail.com
6948,Joseph White,joseph.white.240@example.com
6949,Charles Jackson,charles.jackson.951@techcorp.org
6950,Olivia Wilson,olivia.wilson.113@testmail.com
6951,Ava Moore,ava.moore.399@example.com
6952,Robert Smith,robert.smith.286@testmail.com
6953,Emily Clark,emily.clark.747@example.com
6954,David Robinson,david.robinson.598@mail.net
6955,Charlotte Brown,charlotte.brown.664@mail.net
6956,Robert White,robert.white.812@mail.net
6957,Joseph Harris,joseph.harris.700@testmail.com
6958,Mia Moore,mia.moore.332@mail.net
6959,Mia Ramirez,mia.ramirez.988@example.com
6960,Emily Ramirez,emily.ramirez.910@techcorp.org
6961,Ava Sanchez,ava.sanchez.238@rdbms.dev
6962,Jane Ramirez,jane.ramirez.915@rdbms.dev
6963,Joseph Lewis,joseph.lewis.680@mail.net
6964,William Ramirez,william.ramirez.237@testmail.com
6965,Jane Miller,jane.miller.217@testmail.com
6966,Mia Johnson,mia.johnson.679@rdbms.dev
6967,Isabella Taylor,isabella.taylor.868@example.com
6968,Robert Robinson,robert.robinson.407@example.com
6969,Olivia Lewis,olivia.lewis.590@testmail.com
6970,John Lee,john.lee.710@techcorp.org
6971,Michael Lee,michael.lee.659@example.com
6972,Charles Taylor,charles.taylor.524@testmail.com
6973,Mia Lee,mia.lee.308@mail.net
6974,Olivia Martin,olivia.martin.162@example.com
6975,Olivia Miller,olivia.miller.111@testmail.com
6976,Emily Lee,emily.lee.280@testmail.com
6977,Michael Smith,michael.smith.127@techcorp.org
6978,Olivia Martin,olivia.martin.898@example.com
6979,Sophia Lee,sophia.lee.292@mail.net
6980,Thomas Johnson,thomas.johnson.812@mail.net
6981,Charlotte Brown,charlotte.brown.789@mail.net
6982,John Sanchez,john.sanchez.268@mail.net
6983,Emily Lewis,emily.lewis.401@techcorp.org
6984,James Thompson,james.thompson.659@rdbms.dev
6985,David Brown,david.brown.419@mail.net
6986,Mia Ramirez,mia.ramirez.922@testmail.com
6987,Michael Harris,michael.harris.866@example.com
6988,William Sanchez,william.sanchez.847@mail.net
6989,Olivia Miller,olivia.miller.254@example.com
6990,Emma Thompson,emma.thompson.873@testmail.com
6991,Mia Ramirez,mia.ramirez.564@techcorp.org
6992,Charlotte Perez,charlotte.perez.929@rdbms.dev
6993,Jane Martin,jane.martin.110@example.com
6994,Thomas Perez,thomas.perez.139@mail.net
6995,Isabella Lee,isabella.lee.193@mail.net
6996,Emma Robinson,emma.robinson.180@rdbms.dev
6997,Joseph Perez,joseph.perez.633@techcorp.org
6998,Emily Walker,emily.walker.639@mail.net
6999,Isabella Johnson,isabella.johnson.676@rdbms.dev
7000,David Sanchez,david.sanchez.838@rdbms.dev
7001,John Thompson,john.thompson.744@rdbms.dev
7002,Robert Jackson,robert.jackson.597@testmail.com
7003,William Taylor,william.taylor.220@mail.net
7004,Michael Robinson,michael.robinson.248@techcorp.org
7005,Amelia Ramirez,amelia.ramirez.455@rdbms.dev
7006,Olivia Martin,olivia.martin.328@rdbms.dev
7007,Isabella Brown,isabella.brown.385@testmail.com
7008,John Smith,john.smith.177@techcorp.org
7009,James Martin,james.martin.773@techcorp.org
7010,James Smith,james.smith.907@rdbms.dev
7011,Sophia Miller,sophia.miller.676@testmail.com
7012,James Lee,james.lee.513@testmail.com
7013,Sophia Martin,sophia.martin.880@mail.net
7014,Jane Clark,jane.clark.857@example.com
7015,Emma Ramirez,emma.ramirez.585@example.com
7016,Michael Harris,michael.harris.112@mail.net
7017,Isabella Lewis,isabella.lewis.362@techcorp.org
7018,William Jackson,william.jackson.723@rdbms.dev
7019,Olivia Harris,olivia.harris.774@example.com
7020,Emily Robinson,emily.robinson.886@example.com
7021,Michael White,michael.white.422@testmail.com
7022,Mia Brown,mia.brown.722@example.com
7023,David Thompson,david.thompson.569@example.com
7024,Ava Perez,ava.perez.371@rdbms.dev
7025,Sophia Johnson,sophia.johnson.649@example.com
7026,Sophia Miller,sophia.miller.369@techcorp.org
7027,James Ramirez,james.ramirez.759@mail.net
7028,Sophia Smith,sophia.smith.256@testmail.com
7029,David Lee,david.lee.970@example.com
7030,Sophia Smith,sophia.smith.534@techcorp.org
7031,David Jackson,david.jackson.763@techcorp.org
7032,Charlotte Harris,charlotte.harris.931@rdbms.dev
7033,Jane Walker,jane.walker.441@rdbms.dev
7034,Michael Robinson,michael.robinson.344@example.com
7035,Olivia Brown,olivia.brown.748@mail.net
7036,Amelia Sanchez,amelia.sanchez.757@testmail.com
7037,Jane Clark,jane.clark.263@testmail.com
7038,William Brown,william.brown.183@rdbms.dev
7039,Sophia Wilson,sophia.wilson.980@mail.net
7040,Emily Lee,emily.lee.542@mail.net
7041,Charles Brown,charles.brown.723@mail.net
7042,John Sanchez,john.sanchez.425@example.com
7043,David Smith,david.smith.643@techcorp.org
7044,Charles Walker,charles.walker.600@testmail.com
7045,Thomas Perez,thomas.perez.717@rdbms.dev
7046,Sophia Johnson,sophia.johnson.276@rdbms.dev
7047,Ava Perez,ava.perez.625@testmail.com
7048,Michael Jackson,michael.jackson.594@techcorp.org
7049,Ava Miller,ava.miller.828@example.com
7050,Michael Jackson,michael.jackson.109@testmail.com
7051,Charlotte White,charlotte.white.458@techcorp.org
7052,Joseph Perez,joseph.perez.630@testmail.com
7053,Ava Miller,ava.miller.621@mail.net
7054,James Smith,james.smith.813@testmail.com
7055,Sophia Moore,sophia.moore.751@example.com
7056,Richard Clark,richard.clark.178@example.com
7057,Jane Taylor,jane.taylor.651@techcorp.org
7058,Isabella White,isabella.white.419@example.com
7059,Ava Robinson,ava.robinson.665@testmail.com
7060,James Thompson,james.thompson.125@techcorp.org
7061,William Thompson,william.thompson.648@rdbms.dev
7062,Isabella Perez,isabella.perez.402@mail.net
7063,Richard Lewis,richard.lewis.974@example.com
7064,Sophia Brown,sophia.brown.401@rdbms.dev
7065,Emma Brown,emma.brown.379@testmail.com
7066,Charles Taylor,charles.taylor.758@rdbms.dev
7067,John Taylor,john.taylor.685@mail.net
7068,Ava Brown,ava.brown.669@testmail.com
7069,Amelia Robinson,amelia.robinson.468@rdbms.dev
7070,Charlotte Wilson,charlotte.wilson.777@mail.net
7071,Charles Thompson,charles.thompson.866@techcorp.org
7072,David Jackson,david.jackson.714@example.com
7073,Charlotte Moore,charlotte.moore.746@rdbms.dev
7074,Emma Miller,emma.miller.451@mail.net
7075,Charlotte Smith,charlotte.smith.619@example.com
7076,Emily Perez,emily.perez.447@rdbms.dev
7077,Mia Harris,mia.harris.143@techcorp.org
7078,Emily Lee,emily.lee.132@techcorp.org
7079,Isabella White,isabella.white.259@example.com
7080,Emma Miller,emma.miller.358@testmail.com
7081,Emily Taylor,emily.taylor.202@testmail.com
7082,Thomas Brown,thomas.brown.616@testmail.com
7083,Charlotte Martin,charlotte.martin.632@rdbms.dev
7084,Emily Thompson,emily.thompson.151@techcorp.org
7085,Charlotte Taylor,charlotte.taylor.528@mail.net
7086,David Taylor,david.taylor.810@rdbms.dev
7087,William Moore,william.moore.555@testmail.com
7088,Charles Lee,charles.lee.730@testmail.com
7089,David Clark,david.clark.322@mail.net
7090,Sophia Perez,sophia.perez.640@testmail.com
7091,Sophia Thompson,sophia.thompson.295@rdbms.dev
7092,James Walker,james.walker.245@techcorp.org
7093,Olivia Lewis,olivia.lewis.360@rdbms.dev
7094,Richard Thompson,richard.thompson.136@techcorp.org
7095,Charlotte Harris,charlotte.harris.238@techcorp.org
7096,Mia White,mia.white.718@techcorp.org
7097,Sophia Walker,sophia.walker.206@example.com
7098,William Miller,william.miller.499@techcorp.org
7099,William Sanchez,william.sanchez.365@mail.net
7100,Sophia Lee,sophia.lee.397@rdbms.dev
7101,Michael Brown,michael.brown.120@example.com
7102,Robert Jackson,robert.jackson.517@testmail.com
7103,David Jackson,david.jackson.446@testmail.com
7104,Emma Lewis,emma.lewis.105@mail.net
7105,Emma Taylor,emma.taylor.394@techcorp.org
7106,William Sanchez,william.sanchez.895@techcorp.org
7107,Olivia Ramirez,olivia.ramirez.390@rdbms.dev
7108,Robert Harris,robert.harris.700@mail.net
7109,David Taylor,david.taylor.733@example.com
7110,Charles Ramirez,charles.ramirez.265@mail.net
7111,Charles Walker,charles.walker.548@testmail.com
7112,Michael Lewis,michael.lewis.869@techcorp.org
7113,Joseph Lee,joseph.lee.819@testmail.com
7114,John Miller,john.miller.697@example.com
7115,Charlotte Johnson,charlotte.johnson.662@techcorp.org
7116,Michael White,michael.white.704@example.com
7117,Isabella Moore,isabella.moore.596@rdbms.dev
7118,John White,john.white.990@testmail.com
7119,Mia Martin,mia.martin.721@testmail.com
7120,Olivia Clark,olivia.clark.956@example.com
7121,Amelia Brown,amelia.brown.585@techcorp.org
7122,William Moore,william.moore.230@mail.net
7123,Isabella Smith,isabella.smith.447@techcorp.org
7124,Isabella Harris,isabella.harris.192@mail.net
7125,Thomas Perez,thomas.perez.705@rdbms.dev
7126,Charlotte Perez,charlotte.perez.158@rdbms.dev
7127,Robert Harris,robert.harris.939@rdbms.dev
7128,Emily Johnson,emily.johnson.515@rdbms.dev
7129,Amelia Brown,amelia.brown.681@example.com
7130,Michael Harris,michael.harris.836@example.com
7131,Isabella Thompson,isabella.thompson.790@example.com
7132,Richard Miller,richard.miller.291@mail.net
7133,Isabella Lee,isabella.lee.803@techcorp.org
7134,Emily Johnson,emily.johnson.561@example.com
7135,Richard Brown,richard.brown.342@example.com
7136,Charlotte Wilson,charlotte.wilson.347@rdbms.dev
7137,John Lee,john.lee.879@techcorp.org
7138,John Taylor,john.taylor.448@mail.net
7139,Olivia Moore,olivia.moore.699@example.com
7140,James White,james.white.440@example.com
7141,John White,john.white.889@testmail.com
7142,Thomas Taylor,thomas.taylor.743@testmail.com
7143,John Sanchez,john.sanchez.578@rdbms.dev
7144,Richard Miller,richard.miller.151@rdbms.dev
7145,Richard Harris,richard.harris.194@mail.net
7146,John Clark,john.clark.871@rdbms.dev
7147,Isabella Walker,isabella.walker.186@rdbms.dev
7148,Ava Jackson,ava.jackson.768@mail.net
7149,Emma Taylor,emma.taylor.525@example.com
7150,Isabella Lee,isabella.lee.678@rdbms.dev
7151,Ava Thompson,ava.thompson.502@testmail.com
7152,Emily Miller,emily.miller.180@testmail.com
7153,Thomas Perez,thomas.perez.812@rdbms.dev
7154,Thomas Sanchez,thomas.sanchez.354@mail.net
7155,Amelia White,amelia.white.812@techcorp.org
7156,Isabella Wilson,isabella.wilson.985@techcorp.org
7157,William Sanchez,william.sanchez.273@example.com
7158,William Lewis,william.lewis.378@testmail.com
7159,John Martin,john.martin.229@mail.net
7160,David Walker,david.walker.278@example.com
7161,Emily Perez,emily.perez.833@testmail.com
7162,Charles Taylor,charles.taylor.250@example.com
7163,Thomas White,thomas.white.342@rdbms.dev
7164,Charles Lee,charles.lee.163@mail.net
7165,Joseph Thompson,joseph.thompson.975@testmail.com
7166,Emily Smith,emily.smith.534@mail.net
7167,James Walker,james.walker.685@testmail.com
7168,Amelia Clark,amelia.clark.149@example.com
7169,Michael Thompson,michael.thompson.967@testmail.com
7170,Emily Moore,emily.moore.442@techcorp.org
7171,Olivia Clark,olivia.clark.421@techcorp.org
7172,Sophia Perez,sophia.perez.139@testmail.com
7173,Olivia Taylor,olivia.taylor.183@rdbms.dev
7174,Robert Moore,robert.moore.935@mail.net
7175,Thomas White,thomas.white.712@testmail.com
7176,William Perez,william.perez.108@example.com
7177,William Jackson,william.jackson.512@techcorp.org
7178,John Sanchez,john.sanchez.634@rdbms.dev
7179,Charlotte Miller,charlotte.miller.724@testmail.com
7180,Joseph Miller,joseph.miller.370@mail.net
7181,Sophia Wilson,sophia.wilson.152@example.com
7182,Ava Taylor,ava.taylor.577@example.com
7183,David Lee,david.lee.565@mail.net
7184,Joseph Sanchez,joseph.sanchez.415@example.com
7185,Emily Ramirez,emily.ramirez.606@example.com
7186,William Thompson,william.thompson.512@mail.net
7187,Isabella Robinson,isabella.robinson.509@rdbms.dev
7188,Jane White,jane.white.675@rdbms.dev
7189,Emily Moore,emily.moore.863@example.com
7190,Emma Clark,emma.clark.424@mail.net
7191,Sophia Taylor,sophia.taylor.741@testmail.com
7192,Robert Smith,robert.smith.202@mail.net
7193,Sophia Robinson,sophia.robinson.430@techcorp.org
7194,Charles Harris,charles.harris.450@example.com
7195,Charles Taylor,charles.taylor.595@mail.net
7196,Jane Harris,jane.harris.211@testmail.com
7197,James Miller,james.miller.959@mail.net
7198,John Sanchez,john.sanchez.977@mail.net
7199,William Taylor,william.taylor.333@mail.net
7200,Mia Moore,mia.moore.114@rdbms.dev
7201,James Miller,james.miller.425@mail.net
7202,William Clark,william.clark.245@testmail.com
7203,Charlotte Ramirez,charlotte.ramirez.724@techcorp.org
7204,John Lee,john.lee.616@techcorp.org
7205,Emma Johnson,emma.johnson.126@rdbms.dev
7206,Mia Johnson,mia.johnson.847@techcorp.org
7207,Ava Walker,ava.walker.680@example.com
7208,Jane Martin,jane.martin.939@example.com
7209,Amelia Miller,amelia.miller.257@mail.net
7210,Olivia Walker,olivia.walker.516@mail.net
7211,Charles Brown,charles.brown.237@testmail.com
7212,John Perez,john.perez.771@mail.net
7213,Joseph Wilson,joseph.wilson.717@rdbms.dev
7214,William Taylor,william.taylor.185@example.com
7215,Ava Clark,ava.clark.981@mail.net
7216,Olivia Miller,olivia.miller.935@example.com
7217,Emily Clark,emily.clark.391@rdbms.dev
7218,William Martin,william.martin.346@testmail.com
7219,Michael Sanchez,michael.sanchez.211@techcorp.org
7220,Isabella Johnson,isabella.johnson.451@rdbms.dev
7221,Charlotte Miller,charlotte.miller.524@mail.net
7222,Charlotte Clark,charlotte.clark.173@techcorp.org
7223,Ava Thompson,ava.thompson.977@testmail.com
7224,Thomas Ramirez,thomas.ramirez.927@mail.net
7225,Charlotte Moore,charlotte.moore.294@techcorp.org
7226,Charles Smith,charles.smith.783@example.com
7227,Emily Robinson,emily.robinson.512@mail.net
7228,Charlotte Smith,charlotte.smith.988@example.com
7229,Mia Lewis,mia.lewis.169@testmail.com
7230,Thomas White,thomas.white.463@example.com
7231,Sophia Miller,sophia.miller.148@mail.net
7232,John Johnson,john.johnson.322@techcorp.org
7233,David Moore,david.moore.480@mail.net
7234,Joseph Miller,joseph.miller.250@example.com
7235,Emily Harris,emily.harris.104@rdbms.dev
7236,John Clark,john.clark.161@testmail.com
7237,Ava Clark,ava.clark.724@testmail.com
7238,Thomas Lewis,thomas.lewis.995@testmail.com
7239,Sophia Smith,sophia.smith.895@testmail.com
7240,James Thompson,james.thompson.945@techcorp.org
7241,James Brown,james.brown.716@testmail.com
7242,David Jackson,david.jackson.706@example.com
7243,Sophia Smith,sophia.smith.640@example.com
7244,Amelia Lee,amelia.lee.308@testmail.com
7245,John Martin,john.martin.164@techcorp.org
7246,Joseph Ramirez,joseph.ramirez.169@rdbms.dev
7247,Sophia Robinson,sophia.robinson.502@rdbms.dev
7248,Joseph Taylor,joseph.taylor.125@techcorp.org
7249,John Moore,john.moore.327@example.com
7250,William Smith,william.smith.110@techcorp.org
7251,Mia Harris,mia.harris.410@testmail.com
7252,Sophia White,sophia.white.102@example.com
7253,Robert Smith,robert.smith.270@mail.net
7254,Richard Harris,richard.harris.764@mail.net
7255,Joseph Lee,joseph.lee.978@testmail.com
7256,Richard Harris,richard.harris.823@testmail.com
7257,Emma Brown,emma.brown.235@rdbms.dev
7258,John Jackson,john.jackson.373@mail.net
7259,Jane Brown,jane.brown.357@rdbms.dev
7260,Emily Sanchez,emily.sanchez.863@mail.net
7261,Isabella Lewis,isabella.lewis.166@techcorp.org
7262,David Lewis,david.lewis.164@techcorp.org
7263,Mia Miller,mia.miller.916@example.com
7264,William Lewis,william.lewis.293@mail.net
7265,Emily Sanchez,emily.sanchez.279@example.com
7266,Sophia Lee,sophia.lee.774@techcorp.org
7267,Emma Harris,emma.harris.464@example.com
7268,Joseph Harris,joseph.harris.757@rdbms.dev
7269,Mia Lee,mia.lee.362@testmail.com
7270,David Moore,david.moore.582@example.com
7271,Joseph Thompson,joseph.thompson.826@techcorp.org
7272,Richard Walker,richard.walker.272@techcorp.org
7273,James Perez,james.perez.570@techcorp.org
7274,Joseph Martin,joseph.martin.534@techcorp.org
7275,Mia Wilson,mia.wilson.790@rdbms.dev
7276,Charlotte Lewis,charlotte.lewis.101@example.com
7277,Thomas Johnson,thomas.johnson.458@rdbms.dev
7278,Mia Miller,mia.miller.837@rdbms.dev
7279,Emma Lewis,emma.lewis.864@testmail.com
7280,Olivia Walker,olivia.walker.744@mail.net
7281,William Johnson,william.johnson.975@mail.net
7282,Emma Moore,emma.moore.846@testmail.com
7283,Emma Clark,emma.clark.175@testmail.com
7284,Isabella Lee,isabella.lee.648@rdbms.dev
7285,Robert Ramirez,robert.ramirez.880@techcorp.org
7286,James Thompson,james.thompson.412@techcorp.org
7287,James White,james.white.459@rdbms.dev
7288,Sophia Thompson,sophia.thompson.425@mail.net
7289,Charlotte Smith,charlotte.smith.390@example.com
7290,Jane Wilson,jane.wilson.323@mail.net
7291,Thomas Walker,thomas.walker.273@mail.net
7292,David Wilson,david.wilson.955@testmail.com
7293,Jane Taylor,jane.taylor.325@mail.net
7294,Mia Smith,mia.smith.414@testmail.com
7295,Amelia Moore,amelia.moore.297@example.com
7296,William White,william.white.456@techcorp.org
7297,John Smith,john.smith.423@example.com
7298,James Smith,james.smith.221@mail.net
7299,John Harris,john.harris.558@techcorp.org
7300,Thomas Brown,thomas.brown.304@rdbms.dev
7301,Amelia Perez,amelia.perez.237@techcorp.org
7302,Emily Moore,emily.moore.527@testmail.com
7303,Amelia Thompson,amelia.thompson.789@example.com
7304,James White,james.white.983@example.com
7305,Isabella White,isabella.white.999@example.com
7306,Richard White,richard.white.107@mail.net
7307,David Lee,david.lee.111@mail.net
7308,Robert Lee,robert.lee.189@example.com
7309,Amelia Ramirez,amelia.ramirez.361@techcorp.org
7310,David Martin,david.martin.235@techcorp.org
7311,Charlotte Thompson,charlotte.thompson.716@rdbms.dev
7312,Richard Ramirez,richard.ramirez.311@rdbms.dev
7313,William Jackson,william.jackson.514@rdbms.dev
7314,Amelia Lee,amelia.lee.560@techcorp.org
7315,Emily Smith,emily.smith.993@mail.net
7316,Ava Moore,ava.moore.776@testmail.com
7317,Joseph Taylor,joseph.taylor.662@mail.net
7318,Joseph Sanchez,joseph.sanchez.611@rdbms.dev
7319,Robert Brown,robert.brown.397@rdbms.dev
7320,Amelia Johnson,amelia.johnson.756@testmail.com
7321,Emma Jackson,emma.jackson.678@mail.net
7322,Charles Lewis,charles.lewis.476@rdbms.dev
7323,Robert Miller,robert.miller.195@testmail.com
7324,David Lee,david.lee.304@mail.net
7325,Thomas Lewis,thomas.lewis.377@example.com
7326,Olivia Wilson,olivia.wilson.379@example.com
7327,Michael Taylor,michael.taylor.772@testmail.com
7328,Thomas Ramirez,thomas.ramirez.454@techcorp.org
7329,James Taylor,james.taylor.313@example.com
7330,Ava Moore,ava.moore.251@mail.net
7331,Robert Miller,robert.miller.176@rdbms.dev
7332,Isabella Johnson,isabella.johnson.465@rdbms.dev
7333,Amelia Johnson,amelia.johnson.663@rdbms.dev
7334,James Smith,james.smith.899@testmail.com
7335,Isabella Lee,isabella.lee.327@rdbms.dev
7336,James Sanchez,james.sanchez.987@techcorp.org
7337,Emma Johnson,emma.johnson.667@rdbms.dev
7338,Richard Harris,richard.harris.537@testmail.com
7339,Charlotte Lewis,charlotte.lewis.618@example.com
7340,Michael Moore,michael.moore.650@example.com
7341,William Smith,william.smith.203@testmail.com
7342,Ava Lewis,ava.lewis.834@example.com
7343,Mia Brown,mia.brown.287@mail.net
7344,Amelia Thompson,amelia.thompson.466@techcorp.org
7345,David Taylor,david.taylor.171@testmail.com
7346,John Brown,john.brown.142@example.com
7347,Richard Martin,richard.martin.676@testmail.com
7348,James Martin,james.martin.894@mail.net
7349,Ava Moore,ava.moore.183@testmail.com
7350,Joseph Lee,joseph.lee.263@techcorp.org
7351,Thomas Perez,thomas.perez.852@example.com
7352,Charles Taylor,charles.taylor.622@example.com
7353,Thomas Martin,thomas.martin.149@rdbms.dev
7354,Olivia Wilson,olivia.wilson.530@techcorp.org
7355,Emma Johnson,emma.johnson.276@example.com
7356,James Brown,james.brown.904@mail.net
7357,Richard Miller,richard.miller.909@testmail.com
7358,Richard Clark,richard.clark.315@testmail.com
7359,Isabella Walker,isabella.walker.243@testmail.com
7360,John Ramirez,john.ramirez.423@mail.net
7361,Amelia Clark,amelia.clark.988@testmail.com
7362,Mia Harris,mia.harris.112@techcorp.org
7363,Ava Smith,ava.smith.976@rdbms.dev
7364,Mia Ramirez,mia.ramirez.849@rdbms.dev
7365,Michael Walker,michael.walker.789@techcorp.org
7366,John Taylor,john.taylor.281@techcorp.org
7367,Joseph Martin,joseph.martin.715@example.com
7368,Michael Miller,michael.miller.641@mail.net
7369,Joseph Lee,joseph.lee.463@mail.net
7370,Robert Moore,robert.moore.936@rdbms.dev
7371,Mia Taylor,mia.taylor.365@testmail.com
7372,Mia Harris,mia.harris.175@mail.net
7373,Robert Harris,robert.harris.613@techcorp.org
7374,Richard Moore,richard.moore.410@techcorp.org
7375,Olivia Brown,olivia.brown.890@example.com
7376,Michael Sanchez,michael.sanchez.494@techcorp.org
7377,John Walker,john.walker.239@testmail.com
7378,Joseph Harris,joseph.harris.913@rdbms.dev
7379,Isabella Ramirez,isabella.ramirez.296@example.com
7380,Robert Smith,robert.smith.908@testmail.com
7381,James Clark,james.clark.658@techcorp.org
7382,Sophia Lewis,sophia.lewis.663@testmail.com
7383,Richard Robinson,richard.robinson.485@example.com
7384,Joseph Ramirez,joseph.ramirez.277@mail.net
7385,James Perez,james.perez.235@example.com
7386,David Thompson,david.thompson.946@rdbms.dev
7387,John Johnson,john.johnson.520@testmail.com
7388,Olivia Harris,olivia.harris.572@techcorp.org
7389,James Martin,james.martin.207@rdbms.dev
7390,Thomas Wilson,thomas.wilson.320@testmail.com
7391,Amelia Lewis,amelia.lewis.909@rdbms.dev
7392,Joseph Johnson,joseph.johnson.934@techcorp.org
7393,Emily Moore,emily.moore.696@testmail.com
7394,Emily Lee,emily.lee.360@rdbms.dev
7395,Amelia Robinson,amelia.robinson.330@testmail.com
7396,Amelia Johnson,amelia.johnson.238@testmail.com
7397,David Johnson,david.johnson.999@mail.net
7398,Thomas Thompson,thomas.thompson.368@mail.net
7399,Olivia Walker,olivia.walker.603@example.com
7400,Emma Walker,emma.walker.729@techcorp.org
7401,William Moore,william.moore.734@techcorp.org
7402,David Thompson,david.thompson.437@testmail.com
7403,Thomas Ramirez,thomas.ramirez.663@techcorp.org
7404,Isabella Moore,isabella.moore.326@example.com
7405,Charlotte Moore,charlotte.moore.383@rdbms.dev
7406,Charles Lee,charles.lee.943@rdbms.dev
7407,Robert Jackson,robert.jackson.340@rdbms.dev
7408,Amelia Lee,amelia.lee.543@testmail.com
7409,John Walker,john.walker.877@mail.net
7410,Sophia Lee,sophia.lee.465@testmail.com
7411,Mia Perez,mia.perez.685@techcorp.org
7412,Robert Miller,robert.miller.172@example.com
7413,John Jackson,john.jackson.167@testmail.com
7414,Olivia Smith,olivia.smith.612@techcorp.org
7415,Richard Wilson,richard.wilson.123@mail.net
7416,Jane Thompson,jane.thompson.939@rdbms.dev
7417,Jane Harris,jane.harris.658@testmail.com
7418,Jane Jackson,jane.jackson.274@rdbms.dev
7419,Charlotte Thompson,charlotte.thompson.354@techcorp.org
7420,Michael Lewis,michael.lewis.282@example.com
7421,William White,william.white.270@testmail.com
7422,Sophia Miller,sophia.miller.426@mail.net
7423,David Moore,david.moore.359@rdbms.dev
7424,Robert Walker,robert.walker.224@example.com
7425,Emily Wilson,emily.wilson.417@example.com
7426,Sophia Jackson,sophia.jackson.916@techcorp.org
7427,Charlotte Miller,charlotte.miller.840@techcorp.org
7428,Michael Johnson,michael.johnson.767@example.com
7429,James White,james.white.208@example.com
7430,Isabella Brown,isabella.brown.847@techcorp.org
7431,James Johnson,james.johnson.188@testmail.com
7432,Thomas Brown,thomas.brown.591@example.com
7433,Mia Thompson,mia.thompson.651@example.com
7434,Thomas Clark,thomas.clark.415@rdbms.dev
7435,Olivia Ramirez,olivia.ramirez.746@testmail.com
7436,Ava Jackson,ava.jackson.169@testmail.com
7437,Charlotte Moore,charlotte.moore.135@rdbms.dev
7438,James Miller,james.miller.282@testmail.com
7439,Isabella Moore,isabella.moore.698@example.com
7440,Amelia Jackson,amelia.jackson.191@mail.net
7441,Emily Thompson,emily.thompson.965@mail.net
7442,Mia Wilson,mia.wilson.578@techcorp.org
7443,Mia Smith,mia.smith.487@techcorp.org
7444,David Wilson,david.wilson.888@rdbms.dev
7445,Emma Lee,emma.lee.882@example.com
7446,Isabella Clark,isabella.clark.700@example.com
7447,Joseph Johnson,joseph.johnson.659@testmail.com
7448,Sophia Taylor,sophia.taylor.884@rdbms.dev
7449,Ava Sanchez,ava.sanchez.801@mail.net
7450,Joseph Sanchez,joseph.sanchez.878@techcorp.org
7451,Sophia Thompson,sophia.thompson.973@testmail.com
7452,James White,james.white.692@techcorp.org
7453,Robert Brown,robert.brown.108@techcorp.org
7454,Isabella Clark,isabella.clark.798@techcorp.org
7455,Sophia Robinson,sophia.robinson.428@mail.net
7456,Isabella Wilson,isabella.wilson.235@rdbms.dev
7457,Mia Ramirez,mia.ramirez.561@techcorp.org
7458,Sophia Johnson,sophia.johnson.737@testmail.com
7459,Emily Harris,emily.harris.696@testmail.com
7460,David Lewis,david.lewis.928@example.com
7461,Thomas Walker,thomas.walker.490@testmail.com
7462,Isabella Sanchez,isabella.sanchez.738@example.com
7463,Sophia Smith,sophia.smith.609@techcorp.org
7464,William Lewis,william.lewis.886@testmail.com
7465,Robert Brown,robert.brown.196@techcorp.org
7466,Mia Miller,mia.miller.114@example.com
7467,James Smith,james.smith.959@example.com
7468,Sophia White,sophia.white.783@example.com
7469,Jane Ramirez,jane.ramirez.466@mail.net
7470,Amelia Thompson,amelia.thompson.842@techcorp.org
7471,Ava Perez,ava.perez.566@rdbms.dev
7472,James Miller,james.miller.639@testmail.com
7473,David White,david.white.237@example.com
7474,James Taylor,james.taylor.177@techcorp.org
7475,John Martin,john.martin.219@techcorp.org
7476,Joseph Wilson,joseph.wilson.490@testmail.com
7477,Robert Thompson,robert.thompson.661@example.com
7478,Jane Wilson,jane.wilson.317@techcorp.org
7479,Isabella Jackson,isabella.jackson.657@rdbms.dev
7480,Mia Wilson,mia.wilson.791@rdbms.dev
7481,Thomas Sanchez,thomas.sanchez.709@example.com
7482,Michael Jackson,michael.jackson.396@rdbms.dev
7483,Joseph Miller,joseph.miller.227@techcorp.org
7484,William Brown,william.brown.694@rdbms.dev
7485,James Jackson,james.jackson.477@mail.net
7486,John Clark,john.clark.659@testmail.com
7487,William Moore,william.moore.910@testmail.com
7488,Charlotte Wilson,charlotte.wilson.430@testmail.com
7489,Olivia Lee,olivia.lee.376@mail.net
7490,James Sanchez,james.sanchez.807@mail.net
7491,David Ramirez,david.ramirez.232@rdbms.dev
7492,Mia Harris,mia.harris.513@techcorp.org
7493,Isabella Ramirez,isabella.ramirez.895@mail.net
7494,Michael Thompson,michael.thompson.725@testmail.com
7495,Richard Ramirez,richard.ramirez.769@rdbms.dev
7496,David Lewis,david.lewis.643@techcorp.org
7497,Olivia Thompson,olivia.thompson.403@testmail.com
7498,Charles Lee,charles.lee.228@rdbms.dev
7499,James Walker,james.walker.789@testmail.com
7500,Thomas Johnson,thomas.johnson.627@mail.net
7501,William Martin,william.martin.667@rdbms.dev
7502,John Harris,john.harris.341@example.com
7503,Charlotte Ramirez,charlotte.ramirez.886@rdbms.dev
7504,William Clark,william.clark.881@rdbms.dev
7505,John Lee,john.lee.164@techcorp.org
7506,Joseph Lee,joseph.lee.899@rdbms.dev
7507,Olivia Brown,olivia.brown.193@example.com
7508,Thomas Lewis,thomas.lewis.374@example.com
7509,John Clark,john.clark.529@techcorp.org
7510,Joseph Lewis,joseph.lewis.464@testmail.com
7511,Amelia Smith,amelia.smith.429@mail.net
7512,Michael Wilson,michael.wilson.498@mail.net
7513,Charles Robinson,charles.robinson.909@testmail.com
7514,Joseph White,joseph.white.279@techcorp.org
7515,Joseph Wilson,joseph.wilson.194@mail.net
7516,Charlotte Sanchez,charlotte.sanchez.927@mail.net
7517,Charles Johnson,charles.johnson.924@mail.net
7518,Emily Thompson,emily.thompson.316@example.com
7519,Ava Moore,ava.moore.476@testmail.com
7520,Amelia Perez,amelia.perez.957@example.com
7521,Olivia Wilson,olivia.wilson.122@mail.net
7522,Michael Walker,michael.walker.377@techcorp.org
7523,Sophia Walker,sophia.walker.782@techcorp.org
7524,Michael Thompson,michael.thompson.218@techcorp.org
7525,Michael Sanchez,michael.sanchez.331@testmail.com
7526,Michael Sanchez,michael.sanchez.147@testmail.com
7527,Richard Walker,richard.walker.214@mail.net
7528,Emily Miller,emily.miller.770@testmail.com
7529,John Moore,john.moore.972@techcorp.org
7530,Robert Moore,robert.moore.358@mail.net
7531,Thomas Brown,thomas.brown.394@example.com
7532,Jane Smith,jane.smith.485@techcorp.org
7533,Sophia Perez,sophia.perez.268@mail.net
7534,David Wilson,david.wilson.747@mail.net
7535,Emma Jackson,emma.jackson.642@example.com
7536,John Lee,john.lee.333@techcorp.org
7537,James White,james.white.776@techcorp.org
7538,Charles Jackson,charles.jackson.455@techcorp.org
7539,Isabella Brown,isabella.brown.276@techcorp.org
7540,James Thompson,james.thompson.248@rdbms.dev
7541,Mia Smith,mia.smith.668@example.com
7542,Emma Miller,emma.miller.514@example.com
7543,Emily Lee,emily.lee.362@testmail.com
7544,Isabella Thompson,isabella.thompson.804@techcorp.org
7545,Michael Lewis,michael.lewis.432@testmail.com
7546,Amelia Ramirez,amelia.ramirez.214@testmail.com
7547,Michael Walker,michael.walker.459@testmail.com
7548,Joseph Lewis,joseph.lewis.298@testmail.com
7549,Isabella Clark,isabella.clark.833@rdbms.dev
7550,Mia White,mia.white.811@rdbms.dev
7551,Michael Miller,michael.miller.803@mail.net
7552,Charlotte Sanchez,charlotte.sanchez.588@techcorp.org
7553,Jane Smith,jane.smith.458@mail.net
7554,James Moore,james.moore.731@mail.net
7555,Emma Sanchez,emma.sanchez.878@mail.net
7556,Ava Clark,ava.clark.111@testmail.com
7557,Emma White,emma.white.389@rdbms.dev
7558,John Lee,john.lee.249@rdbms.dev
7559,Isabella Harris,isabella.harris.204@rdbms.dev
7560,Emily Miller,emily.miller.340@techcorp.org
7561,Thomas Robinson,thomas.robinson.813@techcorp.org
7562,Joseph Smith,joseph.smith.894@mail.net
7563,Charlotte Smith,charlotte.smith.640@example.com
7564,Olivia Smith,olivia.smith.376@techcorp.org
7565,Amelia Harris,amelia.harris.269@mail.net
7566,Charlotte Miller,charlotte.miller.202@testmail.com
7567,James Brown,james.brown.889@rdbms.dev
7568,James Johnson,james.johnson.513@testmail.com
7569,Olivia Miller,olivia.miller.546@mail.net
7570,Emily Lee,emily.lee.683@mail.net
7571,Sophia Martin,sophia.martin.612@mail.net
7572,Olivia Robinson,olivia.robinson.915@rdbms.dev
7573,Emma Martin,emma.martin.890@example.com
7574,Ava Perez,ava.perez.119@techcorp.org
7575,Emily Perez,emily.perez.351@techcorp.org
7576,John Harris,john.harris.557@mail.net
7577,Robert Wilson,robert.wilson.720@mail.net
7578,William Sanchez,william.sanchez.156@example.com
7579,Emily Lewis,emily.lewis.106@testmail.com
7580,James Martin,james.martin.929@mail.net
7581,John Lewis,john.lewis.176@mail.net
7582,Joseph Thompson,joseph.thompson.770@rdbms.dev
7583,Joseph Ramirez,joseph.ramirez.507@testmail.com
7584,Michael Perez,michael.perez.549@rdbms.dev
7585,Thomas Clark,thomas.clark.434@example.com
7586,Ava Lee,ava.lee.952@rdbms.dev
7587,James Johnson,james.johnson.913@testmail.com
7588,Charles Johnson,charles.johnson.992@rdbms.dev
7589,Sophia Lewis,sophia.lewis.595@rdbms.dev
7590,Ava Lewis,ava.lewis.646@testmail.com
7591,Charles Walker,charles.walker.442@example.com
7592,Richard Jackson,richard.jackson.287@techcorp.org
7593,Joseph Brown,joseph.brown.936@rdbms.dev
7594,Charles Ramirez,charles.ramirez.897@testmail.com
7595,John Jackson,john.jackson.473@testmail.com
7596,Thomas Walker,thomas.walker.576@rdbms.dev
7597,Michael Brown,michael.brown.793@testmail.com
7598,Charlotte Brown,charlotte.brown.234@testmail.com
7599,David Harris,david.harris.460@techcorp.org
7600,Olivia Brown,olivia.brown.888@example.com
7601,James Taylor,james.taylor.413@testmail.com
7602,Thomas Taylor,thomas.taylor.537@mail.net
7603,Ava Lee,ava.lee.465@testmail.com
7604,Joseph Walker,joseph.walker.542@techcorp.org
7605,Joseph Clark,joseph.clark.230@example.com
7606,Richard Brown,richard.brown.288@example.com
7607,Emily Johnson,emily.johnson.410@mail.net
7608,James Thompson,james.thompson.991@rdbms.dev
7609,Ava Thompson,ava.thompson.882@mail.net
7610,John Lewis,john.lewis.733@example.com
7611,Richard Perez,richard.perez.383@testmail.com
7612,Michael Perez,michael.perez.875@testmail.com
7613,Emma Walker,emma.walker.181@example.com
7614,Ava Perez,ava.perez.142@example.com
7615,David Martin,david.martin.442@example.com
7616,Isabella Sanchez,isabella.sanchez.529@techcorp.org
7617,Ava Lewis,ava.lewis.568@mail.net
7618,David Miller,david.miller.668@mail.net
7619,Isabella Thompson,isabella.thompson.941@example.com
7620,Robert Johnson,robert.johnson.521@example.com
7621,Mia Taylor,mia.taylor.188@example.com
7622,David Moore,david.moore.495@techcorp.org
7623,Richard Ramirez,richard.ramirez.652@mail.net
7624,Michael Harris,michael.harris.182@techcorp.org
7625,Olivia Smith,olivia.smith.855@mail.net
7626,Jane Thompson,jane.thompson.920@testmail.com
7627,James Robinson,james.robinson.867@rdbms.dev
7628,James Moore,james.moore.975@testmail.com
7629,Mia Brown,mia.brown.541@techcorp.org
7630,Charles Perez,charles.perez.703@rdbms.dev
7631,Amelia Jackson,amelia.jackson.443@techcorp.org
7632,Emily Moore,emily.moore.143@rdbms.dev
7633,Isabella Perez,isabella.perez.609@rdbms.dev
7634,Sophia Harris,sophia.harris.440@techcorp.org
7635,Olivia Harris,olivia.harris.267@rdbms.dev
7636,David Taylor,david.taylor.253@testmail.com
7637,William Smith,william.smith.167@testmail.com
7638,Isabella Perez,isabella.perez.748@example.com
7639,Charles Taylor,charles.taylor.954@mail.net
7640,Amelia Moore,amelia.moore.123@mail.net
7641,Michael Harris,michael.harris.488@mail.net
7642,Charlotte Robinson,charlotte.robinson.790@mail.net
7643,Thomas Jackson,thomas.jackson.203@testmail.com
7644,Charlotte Martin,charlotte.martin.315@example.com
7645,Emily Clark,emily.clark.205@example.com
7646,Joseph Lewis,joseph.lewis.869@testmail.com
7647,Joseph Ramirez,joseph.ramirez.283@example.com
7648,Jane Robinson,jane.robinson.626@rdbms.dev
7649,Sophia Smith,sophia.smith.200@techcorp.org
7650,Jane Smith,jane.smith.123@mail.net
7651,William Johnson,william.johnson.545@rdbms.dev
7652,Robert Wilson,robert.wilson.103@mail.net
7653,Charles Thompson,charles.thompson.943@rdbms.dev
7654,Olivia Thompson,olivia.thompson.286@techcorp.org
7655,Charlotte Brown,charlotte.brown.827@mail.net
7656,Joseph Clark,joseph.clark.648@mail.net
7657,Charlotte Walker,charlotte.walker.378@example.com
7658,Isabella Sanchez,isabella.sanchez.892@techcorp.org
7659,Olivia Harris,olivia.harris.785@rdbms.dev
7660,Jane Miller,jane.miller.557@example.com
7661,Richard Walker,richard.walker.481@example.com
7662,Olivia Ramirez,olivia.ramirez.586@mail.net
7663,Ava Johnson,ava.johnson.471@mail.net
7664,Michael Clark,michael.clark.175@rdbms.dev
7665,Jane Lewis,jane.lewis.156@mail.net
7666,Emma Ramirez,emma.ramirez.407@mail.net
7667,David Miller,david.miller.168@rdbms.dev
7668,Joseph Harris,joseph.harris.385@rdbms.dev
7669,Emily Smith,emily.smith.670@rdbms.dev
7670,Isabella Clark,isabella.clark.187@rdbms.dev
7671,Richard Thompson,richard.thompson.702@testmail.com
7672,Joseph Harris,joseph.harris.867@testmail.com
7673,Sophia Ramirez,sophia.ramirez.548@testmail.com
7674,Emily Sanchez,emily.sanchez.139@testmail.com
7675,Thomas Johnson,thomas.johnson.586@techcorp.org
7676,Isabella Johnson,isabella.johnson.105@techcorp.org
7677,Joseph Wilson,joseph.wilson.735@rdbms.dev
7678,Jane Lee,jane.lee.227@techcorp.org
7679,Michael Walker,michael.walker.852@rdbms.dev
7680,Emma Sanchez,emma.sanchez.927@mail.net
7681,Charlotte Taylor,charlotte.taylor.588@rdbms.dev
7682,Charlotte Smith,charlotte.smith.815@testmail.com
7683,Robert Clark,robert.clark.200@rdbms.dev
7684,James Smith,james.smith.582@example.com
7685,Michael White,michael.white.794@rdbms.dev
7686,Charles Sanchez,charles.sanchez.204@techcorp.org
7687,Jane Johnson,jane.johnson.827@mail.net
7688,Ava Martin,ava.martin.333@testmail.com
7689,Sophia Johnson,sophia.johnson.435@mail.net
7690,Robert Moore,robert.moore.746@testmail.com
7691,Richard Thompson,richard.thompson.753@rdbms.dev
7692,Olivia Jackson,olivia.jackson.534@rdbms.dev
7693,David Clark,david.clark.191@mail.net
7694,Amelia Brown,amelia.brown.772@techcorp.org
7695,Richard Clark,richard.clark.453@techcorp.org
7696,Michael Martin,michael.martin.299@example.com
7697,Jane Clark,jane.clark.932@mail.net
7698,Amelia Moore,amelia.moore.960@techcorp.org
7699,William Jackson,william.jackson.813@rdbms.dev
7700,Olivia Moore,olivia.moore.815@testmail.com
7701,Emily Wilson,emily.wilson.212@techcorp.org
7702,David Lee,david.lee.745@rdbms.dev
7703,Emily Taylor,emily.taylor.466@techcorp.org
7704,Ava Lee,ava.lee.895@testmail.com
7705,Charles Thompson,charles.thompson.193@techcorp.org
7706,Joseph Jackson,joseph.jackson.799@mail.net
7707,Emily Martin,emily.martin.764@rdbms.dev
7708,David Wilson,david.wilson.342@techcorp.org
7709,Robert Robinson,robert.robinson.869@testmail.com
7710,Michael Smith,michael.smith.167@example.com
7711,Jane Perez,jane.perez.352@example.com
7712,Michael Johnson,michael.johnson.175@rdbms.dev
7713,Michael Clark,michael.clark.877@example.com
7714,Olivia Walker,olivia.walker.521@rdbms.dev
7715,David Thompson,david.thompson.846@techcorp.org
7716,Joseph Harris,joseph.harris.619@rdbms.dev
7717,Michael Smith,michael.smith.478@example.com
7718,Richard Moore,richard.moore.227@techcorp.org
7719,William Taylor,william.taylor.726@rdbms.dev
7720,Robert Wilson,robert.wilson.727@mail.net
7721,Charlotte Lewis,charlotte.lewis.949@mail.net
7722,David Lewis,david.lewis.976@techcorp.org
7723,John Brown,john.brown.527@rdbms.dev
7724,Charlotte Ramirez,charlotte.ramirez.393@mail.net
7725,Amelia Sanchez,amelia.sanchez.931@rdbms.dev
7726,Emily Taylor,emily.taylor.450@testmail.com
7727,Robert Smith,robert.smith.691@mail.net
7728,Emma Robinson,emma.robinson.854@example.com
7729,James Sanchez,james.sanchez.508@mail.net
7730,Robert Robinson,robert.robinson.754@example.com
7731,Charlotte Harris,charlotte.harris.145@example.com
7732,Charlotte Robinson,charlotte.robinson.366@mail.net
7733,Emma Lewis,emma.lewis.154@rdbms.dev
7734,William Lee,william.lee.313@mail.net
7735,Richard Wilson,richard.wilson.524@techcorp.org
7736,John Clark,john.clark.852@techcorp.org
7737,Emma Taylor,emma.taylor.352@rdbms.dev
7738,Amelia Walker,amelia.walker.698@rdbms.dev
7739,James Brown,james.brown.617@example.com
7740,Amelia Brown,amelia.brown.344@rdbms.dev
7741,Amelia Harris,amelia.harris.736@rdbms.dev
7742,David Perez,david.perez.164@testmail.com
7743,Robert Wilson,robert.wilson.942@rdbms.dev
7744,Sophia Johnson,sophia.johnson.490@mail.net
7745,Emma Clark,emma.clark.591@mail.net
7746,Thomas Sanchez,thomas.sanchez.703@rdbms.dev
7747,Olivia White,olivia.white.699@rdbms.dev
7748,Olivia Taylor,olivia.taylor.609@rdbms.dev
7749,Emma Harris,emma.harris.297@testmail.com
7750,Joseph Sanchez,joseph.sanchez.500@mail.net
7751,Sophia Miller,sophia.miller.405@mail.net
7752,Isabella Walker,isabella.walker.690@testmail.com
7753,Sophia Perez,sophia.perez.249@example.com
7754,Jane Clark,jane.clark.852@techcorp.org
7755,David Johnson,david.johnson.984@mail.net
7756,Thomas Smith,thomas.smith.594@rdbms.dev
7757,Charlotte Robinson,charlotte.robinson.985@mail.net
7758,Jane Sanchez,jane.sanchez.128@testmail.com
7759,Emma Lee,emma.lee.963@techcorp.org
7760,William Johnson,william.johnson.952@mail.net
7761,Olivia Miller,olivia.miller.775@testmail.com
7762,Emily Jackson,emily.jackson.227@techcorp.org
7763,Joseph Ramirez,joseph.ramirez.101@testmail.com
7764,Charles Perez,charles.perez.368@mail.net
7765,Thomas Brown,thomas.brown.387@testmail.com
7766,David Harris,david.harris.379@mail.net
7767,Mia Moore,mia.moore.562@rdbms.dev
7768,Isabella White,isabella.white.652@rdbms.dev
7769,Joseph Harris,joseph.harris.963@mail.net
7770,James Sanchez,james.sanchez.365@example.com
7771,Mia Brown,mia.brown.685@example.com
7772,Charles Clark,charles.clark.241@techcorp.org
7773,Emily Thompson,emily.thompson.839@techcorp.org
7774,Michael Perez,michael.perez.539@example.com
7775,Ava Martin,ava.martin.886@techcorp.org
7776,Emily Perez,emily.perez.273@mail.net
7777,Michael Clark,michael.clark.309@rdbms.dev
7778,Emma Thompson,emma.thompson.766@mail.net
7779,David Lee,david.lee.118@techcorp.org
7780,Isabella Lewis,isabella.lewis.261@rdbms.dev
7781,Jane Smith,jane.smith.526@rdbms.dev
7782,Michael White,michael.white.232@testmail.com
7783,John Sanchez,john.sanchez.231@testmail.com
7784,Amelia Clark,amelia.clark.499@rdbms.dev
7785,Isabella Ramirez,isabella.ramirez.936@rdbms.dev
7786,Mia Walker,mia.walker.286@testmail.com
7787,David Lewis,david.lewis.865@rdbms.dev
7788,Olivia Harris,olivia.harris.439@example.com
7789,Emily Sanchez,emily.sanchez.885@techcorp.org
7790,Emma Harris,emma.harris.884@example.com
7791,Olivia Brown,olivia.brown.247@techcorp.org
7792,Michael Miller,michael.miller.856@rdbms.dev
7793,Thomas Robinson,thomas.robinson.487@testmail.com
7794,Michael Robinson,michael.robinson.904@techcorp.org
7795,Michael White,michael.white.651@techcorp.org
7796,Michael Sanchez,michael.sanchez.105@techcorp.org
7797,Joseph Clark,joseph.clark.621@example.com
7798,Sophia Walker,sophia.walker.225@mail.net
7799,David Wilson,david.wilson.892@mail.net
7800,Olivia Perez,olivia.perez.358@example.com
7801,Ava Taylor,ava.taylor.637@techcorp.org
7802,Thomas Perez,thomas.perez.848@mail.net
7803,Charles Harris,charles.harris.557@rdbms.dev
7804,Ava Jackson,ava.jackson.890@mail.net
7805,Jane Clark,jane.clark.597@testmail.com
7806,Thomas Harris,thomas.harris.967@testmail.com
7807,Amelia Ramirez,amelia.ramirez.661@testmail.com
7808,Charlotte Johnson,charlotte.johnson.394@mail.net
7809,Mia Thompson,mia.thompson.268@mail.net
7810,David White,david.white.744@rdbms.dev
7811,John Smith,john.smith.471@techcorp.org
7812,Ava Lee,ava.lee.668@testmail.com
7813,Olivia White,olivia.white.151@testmail.com
7814,James Johnson,james.johnson.810@mail.net
7815,Robert White,robert.white.733@mail.net
7816,Jane Miller,jane.miller.830@example.com
7817,James Lee,james.lee.600@example.com
7818,Joseph Thompson,joseph.thompson.793@example.com
7819,Richard Johnson,richard.johnson.879@mail.net
7820,Mia Clark,mia.clark.692@example.com
7821,Sophia Robinson,sophia.robinson.387@techcorp.org
7822,Joseph Sanchez,joseph.sanchez.766@rdbms.dev
7823,Robert Robinson,robert.robinson.217@example.com
7824,Isabella Martin,isabella.martin.999@rdbms.dev
7825,Charles Harris,charles.harris.410@example.com
7826,Ava Brown,ava.brown.428@rdbms.dev
7827,Ava Clark,ava.clark.914@mail.net
7828,William White,william.white.103@testmail.com
7829,Richard Walker,richard.walker.383@techcorp.org
7830,Ava Perez,ava.perez.264@testmail.com
7831,Emily Johnson,emily.johnson.494@example.com
7832,Olivia Perez,olivia.perez.221@mail.net
7833,John Miller,john.miller.640@testmail.com
7834,Richard Sanchez,richard.sanchez.976@rdbms.dev
7835,Isabella Robinson,isabella.robinson.525@rdbms.dev
7836,James Sanchez,james.sanchez.984@techcorp.org
7837,Emily Robinson,emily.robinson.176@rdbms.dev
7838,Joseph Perez,joseph.perez.114@rdbms.dev
7839,James Walker,james.walker.318@testmail.com
7840,Emma Jackson,emma.jackson.979@rdbms.dev
7841,Thomas Jackson,thomas.jackson.132@techcorp.org
7842,Jane Sanchez,jane.sanchez.878@techcorp.org
7843,Sophia Johnson,sophia.johnson.188@mail.net
7844,Joseph Thompson,joseph.thompson.510@testmail.com
7845,Olivia Johnson,olivia.johnson.232@example.com
7846,William Walker,william.walker.993@rdbms.dev
7847,Charles Miller,charles.miller.126@techcorp.org
7848,John White,john.white.324@mail.net
7849,Michael Brown,michael.brown.379@mail.net
7850,Isabella Lewis,isabella.lewis.163@techcorp.org
7851,Emily Thompson,emily.thompson.486@example.com
7852,Michael Thompson,michael.thompson.742@techcorp.org
7853,Robert Walker,robert.walker.356@techcorp.org
7854,Olivia Lee,olivia.lee.580@testmail.com
7855,James Smith,james.smith.102@techcorp.org
7856,Thomas White,thomas.white.148@rdbms.dev
7857,Emily Lewis,emily.lewis.470@rdbms.dev
7858,Thomas Perez,thomas.perez.689@rdbms.dev
7859,Thomas Clark,thomas.clark.936@rdbms.dev
7860,Ava Lee,ava.lee.163@rdbms.dev
7861,Isabella Lee,isabella.lee.697@rdbms.dev
7862,Charles Brown,charles.brown.328@testmail.com
7863,Emma Ramirez,emma.ramirez.553@techcorp.org
7864,James Jackson,james.jackson.286@techcorp.org
7865,Emily Ramirez,emily.ramirez.255@testmail.com
7866,Charlotte Clark,charlotte.clark.104@rdbms.dev
7867,John Taylor,john.taylor.707@example.com
7868,William Brown,william.brown.133@testmail.com
7869,David Smith,david.smith.921@techcorp.org
7870,Isabella Robinson,isabella.robinson.500@example.com
7871,Thomas Wilson,thomas.wilson.612@testmail.com
7872,Charles Sanchez,charles.sanchez.866@testmail.com
7873,David Moore,david.moore.151@example.com
7874,Sophia Lewis,sophia.lewis.931@techcorp.org
7875,Emily Walker,emily.walker.403@example.com
7876,Ava Martin,ava.martin.673@techcorp.org
7877,Charles Walker,charles.walker.268@testmail.com
7878,Michael Harris,michael.harris.700@techcorp.org
7879,Emily Thompson,emily.thompson.538@techcorp.org
7880,Charles Martin,charles.martin.126@rdbms.dev
7881,Emma Sanchez,emma.sanchez.614@techcorp.org
7882,James Walker,james.walker.384@techcorp.org
7883,Sophia Brown,sophia.brown.666@mail.net
7884,Emma Martin,emma.martin.738@testmail.com
7885,Amelia Lewis,amelia.lewis.361@example.com
7886,James Walker,james.walker.764@mail.net
7887,Richard Smith,richard.smith.731@mail.net
7888,Emily Johnson,emily.johnson.272@mail.net
7889,Amelia Jackson,amelia.jackson.673@testmail.com
7890,Thomas Martin,thomas.martin.227@mail.net
7891,Michael Lewis,michael.lewis.715@mail.net
7892,Joseph Robinson,joseph.robinson.636@rdbms.dev
7893,David Moore,david.moore.745@testmail.com
7894,Isabella Harris,isabella.harris.122@techcorp.org
7895,Michael Robinson,michael.robinson.773@example.com
7896,Charlotte Moore,charlotte.moore.442@techcorp.org
7897,Charlotte Thompson,charlotte.thompson.429@techcorp.org
7898,Ava Lee,ava.lee.695@testmail.com
7899,Emma Wilson,emma.wilson.721@mail.net
7900,Michael Harris,michael.harris.640@example.com
7901,Richard Moore,richard.moore.334@example.com
7902,Jane Brown,jane.brown.661@mail.net
7903,Isabella Taylor,isabella.taylor.646@techcorp.org
7904,Mia Smith,mia.smith.292@rdbms.dev
7905,William Lewis,william.lewis.610@rdbms.dev
7906,Charlotte Wilson,charlotte.wilson.246@rdbms.dev
7907,Emily Harris,emily.harris.376@techcorp.org
7908,Amelia Ramirez,amelia.ramirez.800@rdbms.dev
7909,Robert Clark,robert.clark.328@rdbms.dev
7910,Charles Taylor,charles.taylor.787@testmail.com
7911,John Walker,john.walker.985@example.com
7912,James Sanchez,james.sanchez.644@testmail.com
7913,Joseph Robinson,joseph.robinson.907@mail.net
7914,Ava Ramirez,ava.ramirez.172@mail.net
7915,Thomas Miller,thomas.miller.891@techcorp.org
7916,David Sanchez,david.sanchez.632@techcorp.org
7917,Charles White,charles.white.508@techcorp.org
7918,Emily Moore,emily.moore.256@testmail.com
7919,Ava Moore,ava.moore.742@testmail.com
7920,Sophia Martin,sophia.martin.738@mail.net
7921,Robert White,robert.white.307@rdbms.dev
7922,William Martin,william.martin.741@rdbms.dev
7923,Ava Clark,ava.clark.812@mail.net
7924,Richard Smith,richard.smith.295@testmail.com
7925,Richard Lee,richard.lee.801@example.com
7926,Charlotte White,charlotte.white.282@example.com
7927,John Taylor,john.taylor.386@example.com
7928,Mia Brown,mia.brown.534@mail.net
7929,Richard Thompson,richard.thompson.122@techcorp.org
7930,Charlotte Johnson,charlotte.johnson.914@techcorp.org
7931,David Sanchez,david.sanchez.320@testmail.com
7932,Michael Wilson,michael.wilson.606@testmail.com
7933,David Perez,david.perez.417@testmail.com
7934,Amelia Jackson,amelia.jackson.310@testmail.com
7935,David Wilson,david.wilson.439@example.com
7936,James Walker,james.walker.478@testmail.com
7937,John Smith,john.smith.474@mail.net
7938,David White,david.white.724@rdbms.dev
7939,Isabella Ramirez,isabella.ramirez.209@mail.net
7940,Michael Robinson,michael.robinson.171@rdbms.dev
7941,William Brown,william.brown.555@rdbms.dev
7942,Michael Johnson,michael.johnson.162@mail.net
7943,Sophia Johnson,sophia.johnson.413@example.com
7944,Amelia Moore,amelia.moore.998@example.com
7945,Sophia Clark,sophia.clark.298@testmail.com
7946,Olivia Brown,olivia.brown.829@mail.net
7947,Olivia Robinson,olivia.robinson.461@example.com
7948,Charles Lee,charles.lee.242@mail.net
7949,James Robinson,james.robinson.860@rdbms.dev
7950,Charles Lewis,charles.lewis.375@rdbms.dev
7951,Ava Robinson,ava.robinson.551@techcorp.org
7952,Joseph Harris,joseph.harris.213@techcorp.org
7953,Emily Perez,emily.perez.557@testmail.com
7954,Sophia Taylor,sophia.taylor.380@testmail.com
7955,Charlotte Robinson,charlotte.robinson.727@mail.net
7956,Emma Brown,emma.brown.741@example.com
7957,Thomas Lee,thomas.lee.689@testmail.com
7958,David Moore,david.moore.823@techcorp.org
7959,Robert Ramirez,robert.ramirez.304@mail.net
7960,Charles Robinson,charles.robinson.155@rdbms.dev
7961,Sophia Perez,sophia.perez.401@techcorp.org
7962,Thomas White,thomas.white.486@testmail.com
7963,John Perez,john.perez.901@rdbms.dev
7964,Olivia Brown,olivia.brown.921@example.com
7965,Sophia Miller,sophia.miller.212@techcorp.org
7966,John Wilson,john.wilson.525@example.com
7967,William Smith,william.smith.667@mail.net
7968,Isabella Johnson,isabella.johnson.572@rdbms.dev
7969,Jane Walker,jane.walker.167@techcorp.org
7970,Michael Jackson,michael.jackson.572@techcorp.org
7971,Olivia White,olivia.white.447@rdbms.dev
7972,John Smith,john.smith.551@mail.net
7973,Olivia Miller,olivia.miller.155@testmail.com
7974,Robert Miller,robert.miller.457@example.com
7975,Michael Sanchez,michael.sanchez.132@mail.net
7976,Robert Lewis,robert.lewis.391@mail.net
7977,James Taylor,james.taylor.226@rdbms.dev
7978,Charlotte Miller,charlotte.miller.753@testmail.com
7979,Emily Jackson,emily.jackson.512@testmail.com
7980,Robert Harris,robert.harris.493@techcorp.org
7981,Sophia Thompson,sophia.thompson.397@example.com
7982,Sophia Lewis,sophia.lewis.319@example.com
7983,Emily Ramirez,emily.ramirez.500@mail.net
7984,John Martin,john.martin.775@rdbms.dev
7985,David Smith,david.smith.507@example.com
7986,Emily White,emily.white.794@mail.net
7987,Sophia Perez,sophia.perez.356@example.com
7988,Mia Perez,mia.perez.989@mail.net
7989,Charles Clark,charles.clark.992@mail.net
7990,Robert Taylor,robert.taylor.262@techcorp.org
7991,Jane Smith,jane.smith.856@mail.net
7992,David Sanchez,david.sanchez.265@rdbms.dev
7993,Emma Johnson,emma.johnson.208@techcorp.org
7994,Mia Wilson,mia.wilson.185@techcorp.org
7995,John Perez,john.perez.562@testmail.com
7996,Ava Harris,ava.harris.959@rdbms.dev
7997,Ava Lewis,ava.lewis.402@techcorp.org
7998,Sophia Smith,sophia.smith.672@rdbms.dev
7999,Ava Ramirez,ava.ramirez.314@mail.net
8000,Charlotte Moore,charlotte.moore.259@testmail.com
8001,Amelia Harris,amelia.harris.541@mail.net
8002,James Taylor,james.taylor.510@testmail.com
8003,Emily Wilson,emily.wilson.951@testmail.com
8004,John Jackson,john.jackson.225@testmail.com
8005,Charlotte Harris,charlotte.harris.303@rdbms.dev
8006,Sophia Thompson,sophia.thompson.447@mail.net
8007,Olivia Lewis,olivia.lewis.832@testmail.com
8008,John Martin,john.martin.178@testmail.com
8009,Charles Jackson,charles.jackson.502@example.com
8010,Isabella White,isabella.white.475@testmail.com
8011,William Brown,william.brown.359@example.com
8012,Thomas Martin,thomas.martin.782@testmail.com
8013,Joseph Smith,joseph.smith.207@rdbms.dev
8014,Sophia Lee,sophia.lee.338@rdbms.dev
8015,Joseph Robinson,joseph.robinson.542@example.com
8016,Charles Moore,charles.moore.106@example.com
8017,Robert Taylor,robert.taylor.950@mail.net
8018,Sophia Perez,sophia.perez.964@rdbms.dev
8019,Amelia Moore,amelia.moore.905@mail.net
8020,David Lee,david.lee.535@mail.net
8021,Ava Perez,ava.perez.403@mail.net
8022,Thomas Thompson,thomas.thompson.778@mail.net
8023,Amelia Taylor,amelia.taylor.134@testmail.com
8024,Charles Taylor,charles.taylor.718@example.com
8025,Michael Wilson,michael.wilson.795@testmail.com
8026,Jane Lee,jane.lee.885@mail.net
8027,James Lewis,james.lewis.214@techcorp.org
8028,Isabella Lee,isabella.lee.522@example.com
8029,Joseph Taylor,joseph.taylor.895@mail.net
8030,John Brown,john.brown.642@example.com
8031,David Harris,david.harris.650@mail.net
8032,William Lee,william.lee.805@testmail.com
8033,Robert Taylor,robert.taylor.507@example.com
8034,John Moore,john.moore.779@mail.net
8035,Joseph Sanchez,joseph.sanchez.791@example.com
8036,James Moore,james.moore.115@testmail.com
8037,David Wilson,david.wilson.819@testmail.com
8038,Jane Smith,jane.smith.130@example.com
8039,Charlotte Robinson,charlotte.robinson.870@rdbms.dev
8040,Sophia Taylor,sophia.taylor.138@example.com
8041,Thomas Harris,thomas.harris.529@mail.net
8042,Isabella Walker,isabella.walker.570@rdbms.dev
8043,Mia Thompson,mia.thompson.543@mail.net
8044,Olivia Sanchez,olivia.sanchez.909@techcorp.org
8045,Joseph Wilson,joseph.wilson.278@testmail.com
8046,Charlotte Wilson,charlotte.wilson.529@mail.net
8047,Jane Perez,jane.perez.534@rdbms.dev
8048,William Perez,william.perez.144@techcorp.org
8049,Emily Moore,emily.moore.885@techcorp.org
8050,William Smith,william.smith.787@testmail.com
8051,Charles Brown,charles.brown.970@rdbms.dev
8052,Olivia Johnson,olivia.johnson.375@mail.net
8053,Joseph Miller,joseph.miller.136@example.com
8054,Jane Ramirez,jane.ramirez.453@rdbms.dev
8055,Olivia Moore,olivia.moore.154@example.com
8056,David Robinson,david.robinson.186@rdbms.dev
8057,James Miller,james.miller.708@rdbms.dev
8058,Mia White,mia.white.746@testmail.com
8059,Charlotte Perez,charlotte.perez.683@testmail.com
8060,Charles Martin,charles.martin.188@testmail.com
8061,Emma Sanchez,emma.sanchez.787@example.com
8062,Emily Harris,emily.harris.117@rdbms.dev
8063,Michael Martin,michael.martin.704@techcorp.org
8064,Joseph Jackson,joseph.jackson.768@example.com
8065,Charlotte Clark,charlotte.clark.959@example.com
8066,Olivia Perez,olivia.perez.373@techcorp.org
8067,Sophia Lewis,sophia.lewis.988@mail.net
8068,Emma White,emma.white.772@example.com
8069,Amelia Lewis,amelia.lewis.578@mail.net
8070,Isabella Sanchez,isabella.sanchez.172@rdbms.dev
8071,Mia Jackson,mia.jackson.323@testmail.com
8072,David Brown,david.brown.286@mail.net
8073,Amelia White,amelia.white.643@mail.net
8074,Joseph Ramirez,joseph.ramirez.842@example.com
8075,Ava Sanchez,ava.sanchez.741@rdbms.dev
8076,Emma Jackson,emma.jackson.976@testmail.com
8077,Isabella Walker,isabella.walker.969@techcorp.org
8078,Mia Martin,mia.martin.821@testmail.com
8079,Robert Moore,robert.moore.128@testmail.com
8080,Emily Perez,emily.perez.872@techcorp.org
8081,Jane Smith,jane.smith.984@mail.net
8082,Amelia Harris,amelia.harris.147@techcorp.org
8083,Emily Taylor,emily.taylor.254@example.com
8084,John Lee,john.lee.338@mail.net
8085,Robert Sanchez,robert.sanchez.780@techcorp.org
8086,Thomas Ramirez,thomas.ramirez.901@rdbms.dev
8087,Thomas Harris,thomas.harris.346@testmail.com
8088,Isabella Robinson,isabella.robinson.851@testmail.com
8089,Charlotte Lee,charlotte.lee.623@rdbms.dev
8090,Sophia Sanchez,sophia.sanchez.144@example.com
8091,William Harris,william.harris.446@testmail.com
8092,Emma Sanchez,emma.sanchez.637@techcorp.org
8093,James Miller,james.miller.243@rdbms.dev
8094,Mia Taylor,mia.taylor.661@rdbms.dev
8095,Michael Sanchez,michael.sanchez.138@rdbms.dev
8096,Olivia Walker,olivia.walker.534@techcorp.org
8097,Emma Moore,emma.moore.610@mail.net
8098,Amelia Lee,amelia.lee.255@mail.net
8099,Sophia Walker,sophia.walker.878@example.com
8100,Michael Jackson,michael.jackson.368@testmail.com
8101,Amelia Miller,amelia.miller.304@techcorp.org
8102,Charles Sanchez,charles.sanchez.322@example.com
8103,Jane Martin,jane.martin.334@mail.net
8104,Sophia Jackson,sophia.jackson.814@rdbms.dev
8105,Mia Robinson,mia.robinson.842@techcorp.org
8106,Michael Jackson,michael.jackson.422@example.com
8107,Charlotte Brown,charlotte.brown.606@rdbms.dev
8108,Charlotte Lewis,charlotte.lewis.540@mail.net
8109,Olivia Lewis,olivia.lewis.467@testmail.com
8110,Richard Brown,richard.brown.822@rdbms.dev
8111,William Clark,william.clark.532@testmail.com
8112,Emma Brown,emma.brown.738@rdbms.dev
8113,David Jackson,david.jackson.284@rdbms.dev
8114,Sophia Harris,sophia.harris.821@techcorp.org
8115,Charles Smith,charles.smith.968@testmail.com
8116,Emma Jackson,emma.jackson.683@example.com
8117,William Lewis,william.lewis.956@testmail.com
8118,Joseph Lee,joseph.lee.895@techcorp.org
8119,Sophia Martin,sophia.martin.857@mail.net
8120,William Walker,william.walker.862@mail.net
8121,Mia Taylor,mia.taylor.982@example.com
8122,Robert Thompson,robert.thompson.248@mail.net
8123,Charlotte Moore,charlotte.moore.473@rdbms.dev
8124,Mia Brown,mia.brown.132@testmail.com
8125,Michael Johnson,michael.johnson.143@rdbms.dev
8126,Emma Ramirez,emma.ramirez.237@rdbms.dev
8127,Robert Jackson,robert.jackson.526@rdbms.dev
8128,Sophia Clark,sophia.clark.284@mail.net
8129,Thomas Miller,thomas.miller.172@rdbms.dev
8130,Olivia Clark,olivia.clark.434@rdbms.dev
8131,James Robinson,james.robinson.168@techcorp.org
8132,Olivia Ramirez,olivia.ramirez.225@rdbms.dev
8133,Robert Smith,robert.smith.199@techcorp.org
8134,Michael Miller,michael.miller.569@rdbms.dev
8135,Sophia Brown,sophia.brown.277@example.com
8136,Joseph Miller,joseph.miller.383@example.com
8137,Emma Taylor,emma.taylor.473@techcorp.org
8138,Richard Harris,richard.harris.695@example.com
8139,Robert Taylor,robert.taylor.307@rdbms.dev
8140,Isabella Robinson,isabella.robinson.995@example.com
8141,Emily Thompson,emily.thompson.580@techcorp.org
8142,Isabella Harris,isabella.harris.560@mail.net
8143,Ava Walker,ava.walker.155@mail.net
8144,Charlotte Moore,charlotte.moore.534@example.com
8145,Isabella Clark,isabella.clark.809@techcorp.org
8146,Joseph Lee,joseph.lee.398@example.com
8147,Isabella Smith,isabella.smith.865@mail.net
8148,Joseph Smith,joseph.smith.366@example.com
8149,David Jackson,david.jackson.540@testmail.com
8150,Sophia Miller,sophia.miller.957@example.com
8151,Jane Lewis,jane.lewis.785@rdbms.dev
8152,Isabella Brown,isabella.brown.305@testmail.com
8153,Thomas Brown,thomas.brown.752@rdbms.dev
8154,Joseph Martin,joseph.martin.595@testmail.com
8155,Sophia Harris,sophia.harris.652@rdbms.dev
8156,John Jackson,john.jackson.277@testmail.com
8157,James Lewis,james.lewis.657@rdbms.dev
8158,Joseph Robinson,joseph.robinson.677@rdbms.dev
8159,Charles Wilson,charles.wilson.260@rdbms.dev
8160,Joseph Moore,joseph.moore.181@mail.net
8161,Charlotte Martin,charlotte.martin.508@mail.net
8162,Robert White,robert.white.621@mail.net
8163,Emily Jackson,emily.jackson.192@testmail.com
8164,Jane Johnson,jane.johnson.771@techcorp.org
8165,Emily Lewis,emily.lewis.829@testmail.com
8166,Olivia Miller,olivia.miller.605@testmail.com
8167,Sophia Sanchez,sophia.sanchez.826@techcorp.org
8168,Charlotte Jackson,charlotte.jackson.947@techcorp.org
8169,James Johnson,james.johnson.117@mail.net
8170,Robert Taylor,robert.taylor.840@rdbms.dev
8171,Sophia Robinson,sophia.robinson.707@testmail.com
8172,James Miller,james.miller.919@example.com
8173,Olivia Clark,olivia.clark.395@rdbms.dev
8174,William Sanchez,william.sanchez.970@mail.net
8175,David Thompson,david.thompson.217@rdbms.dev
8176,James Brown,james.brown.268@techcorp.org
8177,Olivia Moore,olivia.moore.504@techcorp.org
8178,David Miller,david.miller.246@techcorp.org
8179,Joseph White,joseph.white.607@mail.net
8180,Richard Wilson,richard.wilson.593@example.com
8181,James Robinson,james.robinson.370@techcorp.org
8182,Amelia Clark,amelia.clark.963@example.com
8183,Charlotte Taylor,charlotte.taylor.455@rdbms.dev
8184,Charles Moore,charles.moore.846@mail.net
8185,Joseph Perez,joseph.perez.582@techcorp.org
8186,William Miller,william.miller.220@techcorp.org
8187,William Robinson,william.robinson.718@mail.net
8188,Richard Brown,richard.brown.892@mail.net
8189,Emily Smith,emily.smith.670@example.com
8190,Sophia Sanchez,sophia.sanchez.257@mail.net
8191,Robert Taylor,robert.taylor.285@mail.net
8192,John Martin,john.martin.218@example.com
8193,Emily Martin,emily.martin.803@example.com
8194,William Brown,william.brown.394@testmail.com
8195,Mia Ramirez,mia.ramirez.497@testmail.com
8196,Isabella Brown,isabella.brown.347@example.com
8197,Michael Taylor,michael.taylor.387@example.com
8198,Isabella Walker,isabella.walker.351@testmail.com
8199,Sophia Miller,sophia.miller.985@example.com
8200,Emma Jackson,emma.jackson.432@rdbms.dev
8201,Richard Thompson,richard.thompson.834@rdbms.dev
8202,James Perez,james.perez.481@example.com
8203,Thomas Johnson,thomas.johnson.951@example.com
8204,Jane Smith,jane.smith.782@testmail.com
8205,John Martin,john.martin.721@rdbms.dev
8206,Emma Ramirez,emma.ramirez.805@example.com
8207,David Brown,david.brown.204@example.com
8208,Charlotte Taylor,charlotte.taylor.466@mail.net
8209,Ava Miller,ava.miller.432@testmail.com
8210,Amelia Martin,amelia.martin.829@testmail.com
8211,Joseph Martin,joseph.martin.550@example.com
8212,Charles Smith,charles.smith.490@techcorp.org
8213,Amelia Clark,amelia.clark.736@testmail.com
8214,Joseph Jackson,joseph.jackson.341@testmail.com
8215,Charles Wilson,charles.wilson.787@example.com
8216,Ava Lee,ava.lee.219@rdbms.dev
8217,James Walker,james.walker.409@mail.net
8218,Charles Brown,charles.brown.125@rdbms.dev
8219,Olivia White,olivia.white.195@rdbms.dev
8220,Charlotte Johnson,charlotte.johnson.839@rdbms.dev
8221,Emma Lee,emma.lee.848@example.com
8222,Ava Lee,ava.lee.931@rdbms.dev
8223,Amelia Taylor,amelia.taylor.924@rdbms.dev
8224,William Harris,william.harris.180@example.com
8225,Thomas Johnson,thomas.johnson.443@mail.net
8226,Robert Smith,robert.smith.322@testmail.com
8227,Emily Brown,emily.brown.858@techcorp.org
8228,Richard Jackson,richard.jackson.735@example.com
8229,David Robinson,david.robinson.309@techcorp.org
8230,David Thompson,david.thompson.660@techcorp.org
8231,Amelia Clark,amelia.clark.844@mail.net
8232,Michael Walker,michael.walker.462@techcorp.org
8233,Robert Brown,robert.brown.490@mail.net
8234,Olivia Lee,olivia.lee.961@techcorp.org
8235,Jane Jackson,jane.jackson.999@rdbms.dev
8236,Sophia Martin,sophia.martin.514@mail.net
8237,William Wilson,william.wilson.693@rdbms.dev
8238,Michael Lee,michael.lee.137@example.com
8239,John Harris,john.harris.224@example.com
8240,Sophia Brown,sophia.brown.317@mail.net
8241,Joseph White,joseph.white.174@rdbms.dev
8242,James Lewis,james.lewis.687@rdbms.dev
8243,Thomas Lewis,thomas.lewis.390@mail.net
8244,David Lee,david.lee.452@mail.net
8245,Jane Miller,jane.miller.151@testmail.com
8246,Jane Robinson,jane.robinson.840@example.com
8247,Olivia Thompson,olivia.thompson.146@rdbms.dev
8248,Jane Lee,jane.lee.406@example.com
8249,Charles Brown,charles.brown.853@techcorp.org
8250,Ava Ramirez,ava.ramirez.427@mail.net
8251,Ava Lee,ava.lee.694@example.com
8252,Sophia Ramirez,sophia.ramirez.145@example.com
8253,Olivia Jackson,olivia.jackson.373@example.com
8254,Olivia Jackson,olivia.jackson.135@techcorp.org
8255,Robert Jackson,robert.jackson.821@rdbms.dev
8256,Charlotte Walker,charlotte.walker.958@rdbms.dev
8257,Sophia Lee,sophia.lee.592@mail.net
8258,Joseph Brown,joseph.brown.564@mail.net
8259,William Johnson,william.johnson.818@mail.net
8260,David Harris,david.harris.626@rdbms.dev
8261,Charlotte Miller,charlotte.miller.756@rdbms.dev
8262,Joseph Taylor,joseph.taylor.800@example.com
8263,William Clark,william.clark.552@rdbms.dev
8264,Olivia Jackson,olivia.jackson.255@example.com
8265,Jane Sanchez,jane.sanchez.269@example.com
8266,Mia Moore,mia.moore.641@mail.net
8267,Isabella Jackson,isabella.jackson.426@testmail.com
8268,Mia Smith,mia.smith.447@techcorp.org
8269,Mia Walker,mia.walker.773@testmail.com
8270,Richard Robinson,richard.robinson.822@mail.net
8271,Emma Perez,emma.perez.745@mail.net
8272,Michael Clark,michael.clark.404@mail.net
8273,John Smith,john.smith.848@example.com
8274,Emma Thompson,emma.thompson.768@example.com
8275,Olivia Robinson,olivia.robinson.399@techcorp.org
8276,Emma Jackson,emma.jackson.960@example.com
8277,Sophia Miller,sophia.miller.242@mail.net
8278,Charlotte White,charlotte.white.660@rdbms.dev
8279,Robert Walker,robert.walker.362@mail.net
8280,Richard Harris,richard.harris.493@example.com
8281,Isabella Robinson,isabella.robinson.709@mail.net
8282,Richard Martin,richard.martin.571@rdbms.dev
8283,Jane Lewis,jane.lewis.772@rdbms.dev
8284,Mia Martin,mia.martin.428@testmail.com
8285,Robert Smith,robert.smith.394@rdbms.dev
8286,Emma Miller,emma.miller.334@mail.net
8287,Sophia Harris,sophia.harris.366@mail.net
8288,Thomas Sanchez,thomas.sanchez.249@techcorp.org
8289,James Miller,james.miller.127@techcorp.org
8290,Joseph Ramirez,joseph.ramirez.138@example.com
8291,John Walker,john.walker.939@testmail.com
8292,Joseph Brown,joseph.brown.970@testmail.com
8293,Charles Harris,charles.harris.524@example.com
8294,Amelia Smith,amelia.smith.498@testmail.com
8295,John Robinson,john.robinson.348@testmail.com
8296,Olivia Johnson,olivia.johnson.345@techcorp.org
8297,James Miller,james.miller.618@rdbms.dev
8298,William Robinson,william.robinson.588@testmail.com
8299,James Smith,james.smith.404@mail.net
8300,Mia Johnson,mia.johnson.668@rdbms.dev
8301,Isabella Sanchez,isabella.sanchez.728@techcorp.org
8302,Charlotte Taylor,charlotte.taylor.614@testmail.com
8303,Sophia Lee,sophia.lee.347@mail.net
8304,Robert Thompson,robert.thompson.875@techcorp.org
8305,Richard Ramirez,richard.ramirez.787@mail.net
8306,James Walker,james.walker.748@techcorp.org
8307,Michael Smith,michael.smith.347@techcorp.org
8308,Mia Miller,mia.miller.911@example.com
8309,David White,david.white.937@testmail.com
8310,William White,william.white.595@example.com
8311,Isabella Brown,isabella.brown.286@example.com
8312,Michael Smith,michael.smith.663@rdbms.dev
8313,Isabella Moore,isabella.moore.314@testmail.com
8314,Olivia White,olivia.white.524@techcorp.org
8315,Amelia Clark,amelia.clark.832@techcorp.org
8316,Robert Robinson,robert.robinson.577@testmail.com
8317,Mia Thompson,mia.thompson.460@example.com
8318,Amelia Perez,amelia.perez.498@mail.net
8319,Emma Thompson,emma.thompson.795@mail.net
8320,Sophia Sanchez,sophia.sanchez.572@example.com
8321,Joseph Taylor,joseph.taylor.830@testmail.com
8322,Charles Robinson,charles.robinson.766@techcorp.org
8323,David Robinson,david.robinson.553@rdbms.dev
8324,Amelia Johnson,amelia.johnson.854@example.com
8325,Thomas Brown,thomas.brown.628@rdbms.dev
8326,Amelia Lewis,amelia.lewis.785@testmail.com
8327,Ava Clark,ava.clark.925@techcorp.org
8328,Emma Moore,emma.moore.757@mail.net
8329,Sophia Martin,sophia.martin.561@rdbms.dev
8330,Amelia Ramirez,amelia.ramirez.338@mail.net
8331,William Robinson,william.robinson.217@rdbms.dev
8332,Amelia Lee,amelia.lee.621@rdbms.dev
8333,John Martin,john.martin.843@mail.net
8334,Emily Wilson,emily.wilson.131@testmail.com
8335,Michael Lewis,michael.lewis.802@mail.net
8336,Jane Taylor,jane.taylor.498@testmail.com
8337,Sophia Brown,sophia.brown.207@mail.net
8338,David Jackson,david.jackson.884@mail.net
8339,John Johnson,john.johnson.526@testmail.com
8340,Ava Ramirez,ava.ramirez.267@rdbms.dev
8341,David White,david.white.716@example.com
8342,David Martin,david.martin.289@testmail.com
8343,Mia Miller,mia.miller.228@example.com
8344,Jane Johnson,jane.johnson.438@mail.net
8345,James Walker,james.walker.116@rdbms.dev
8346,Robert Moore,robert.moore.862@example.com
8347,Sophia Brown,sophia.brown.808@rdbms.dev
8348,Jane Sanchez,jane.sanchez.456@example.com
8349,William Smith,william.smith.838@testmail.com
8350,Isabella Robinson,isabella.robinson.705@rdbms.dev
8351,Michael Harris,michael.harris.334@techcorp.org
8352,William Perez,william.perez.830@rdbms.dev
8353,David Wilson,david.wilson.263@example.com
8354,Charles Lee,charles.lee.634@example.com
8355,Richard Harris,richard.harris.702@rdbms.dev
8356,Jane Wilson,jane.wilson.461@example.com
8357,John Johnson,john.johnson.744@rdbms.dev
8358,John Robinson,john.robinson.350@testmail.com
8359,Michael Martin,michael.martin.969@techcorp.org
8360,Mia Clark,mia.clark.896@techcorp.org
8361,Jane Ramirez,jane.ramirez.321@rdbms.dev
8362,James Brown,james.brown.122@example.com
8363,John Harris,john.harris.211@example.com
8364,Olivia Moore,olivia.moore.276@techcorp.org
8365,Michael Moore,michael.moore.292@techcorp.org
8366,Amelia Smith,amelia.smith.107@rdbms.dev
8367,Emily Perez,emily.perez.203@techcorp.org
8368,Olivia Harris,olivia.harris.106@example.com
8369,Emma Smith,emma.smith.794@techcorp.org
8370,Olivia Jackson,olivia.jackson.988@rdbms.dev
8371,Charles Martin,charles.martin.128@mail.net
8372,David Smith,david.smith.754@example.com
8373,Olivia Lewis,olivia.lewis.955@mail.net
8374,Thomas Smith,thomas.smith.886@example.com
8375,Charlotte Harris,charlotte.harris.165@example.com
8376,John Jackson,john.jackson.343@example.com
8377,Isabella Lee,isabella.lee.846@mail.net
8378,James Smith,james.smith.186@mail.net
8379,Charlotte Perez,charlotte.perez.719@rdbms.dev
8380,David Taylor,david.taylor.381@example.com
8381,Joseph Thompson,joseph.thompson.423@techcorp.org
8382,Joseph White,joseph.white.644@example.com
8383,Charles Jackson,charles.jackson.176@example.com
8384,David Miller,david.miller.592@rdbms.dev
8385,Sophia Lewis,sophia.lewis.973@rdbms.dev
8386,Olivia Smith,olivia.smith.712@techcorp.org
8387,Charlotte Sanchez,charlotte.sanchez.942@rdbms.dev
8388,Robert Johnson,robert.johnson.552@rdbms.dev
8389,Olivia Miller,olivia.miller.721@techcorp.org
8390,Thomas Brown,thomas.brown.911@techcorp.org
8391,Isabella Moore,isabella.moore.914@rdbms.dev
8392,Isabella Walker,isabella.walker.848@testmail.com
8393,Richard Miller,richard.miller.536@mail.net
8394,Emma Taylor,emma.taylor.159@testmail.com
8395,Ava Brown,ava.brown.388@testmail.com
8396,Joseph Smith,joseph.smith.192@example.com
8397,Michael Johnson,michael.johnson.700@rdbms.dev
8398,Amelia Moore,amelia.moore.624@example.com
8399,John Taylor,john.taylor.497@techcorp.org
8400,Emily Taylor,emily.taylor.760@rdbms.dev
8401,Emily Lee,emily.lee.421@rdbms.dev
8402,David Sanchez,david.sanchez.874@testmail.com
8403,Joseph Jackson,joseph.jackson.428@techcorp.org
8404,Emily Ramirez,emily.ramirez.634@example.com
8405,Thomas Lewis,thomas.lewis.717@techcorp.org
8406,James Perez,james.perez.692@example.com
8407,Joseph Harris,joseph.harris.133@techcorp.org
8408,Olivia Perez,olivia.perez.401@example.com
8409,Charles Harris,charles.harris.430@techcorp.org
8410,Joseph Robinson,joseph.robinson.552@rdbms.dev
8411,Mia Perez,mia.perez.760@example.com
8412,Sophia Jackson,sophia.jackson.573@rdbms.dev
8413,John Harris,john.harris.642@rdbms.dev
8414,Emily Johnson,emily.johnson.800@mail.net
8415,Jane Thompson,jane.thompson.362@testmail.com
8416,Sophia Clark,sophia.clark.817@mail.net
8417,Charlotte Brown,charlotte.brown.332@techcorp.org
8418,Olivia Lee,olivia.lee.494@mail.net
8419,Isabella White,isabella.white.647@rdbms.dev
8420,Amelia Brown,amelia.brown.961@mail.net
8421,Charlotte Lewis,charlotte.lewis.863@techcorp.org
8422,Charlotte Thompson,charlotte.thompson.442@mail.net
8423,Jane Perez,jane.perez.450@testmail.com
8424,Charlotte White,charlotte.white.780@testmail.com
8425,Emily Wilson,emily.wilson.326@example.com
8426,Isabella Wilson,isabella.wilson.988@testmail.com
8427,Emma White,emma.white.582@example.com
8428,Ava Sanchez,ava.sanchez.391@techcorp.org
8429,Robert Taylor,robert.taylor.666@techcorp.org
8430,Michael Ramirez,michael.ramirez.989@testmail.com
8431,Amelia Taylor,amelia.taylor.187@techcorp.org
8432,Mia Martin,mia.martin.327@techcorp.org
8433,Jane Brown,jane.brown.834@techcorp.org
8434,Ava Sanchez,ava.sanchez.416@rdbms.dev
8435,Jane Taylor,jane.taylor.787@testmail.com
8436,Amelia Ramirez,amelia.ramirez.907@rdbms.dev
8437,Thomas Martin,thomas.martin.184@mail.net
8438,Olivia Martin,olivia.martin.845@techcorp.org
8439,Olivia Clark,olivia.clark.575@techcorp.org
8440,James Perez,james.perez.568@testmail.com
8441,James Harris,james.harris.824@example.com
8442,John Lewis,john.lewis.338@mail.net
8443,Mia Ramirez,mia.ramirez.608@techcorp.org
8444,David Jackson,david.jackson.997@example.com
8445,James Brown,james.brown.946@mail.net
8446,Joseph Walker,joseph.walker.180@testmail.com
8447,Emily Johnson,emily.johnson.316@example.com
8448,Michael Miller,michael.miller.424@example.com
8449,Ava Lewis,ava.lewis.144@rdbms.dev
8450,Robert Taylor,robert.taylor.987@rdbms.dev
8451,David Sanchez,david.sanchez.427@mail.net
8452,Amelia White,amelia.white.936@techcorp.org
8453,Joseph Brown,joseph.brown.848@techcorp.org
8454,Olivia Taylor,olivia.taylor.923@rdbms.dev
8455,Jane Miller,jane.miller.976@example.com
8456,Amelia Martin,amelia.martin.645@example.com
8457,Charlotte Jackson,charlotte.jackson.197@testmail.com
8458,Michael Jackson,michael.jackson.880@rdbms.dev
8459,Joseph Moore,joseph.moore.800@mail.net
8460,Olivia Robinson,olivia.robinson.740@rdbms.dev
8461,Emily Perez,emily.perez.727@techcorp.org
8462,Amelia Brown,amelia.brown.915@example.com
8463,James Robinson,james.robinson.155@example.com
8464,David Clark,david.clark.526@mail.net
8465,Emma Walker,emma.walker.119@example.com
8466,Charlotte Clark,charlotte.clark.786@rdbms.dev
8467,Emma Walker,emma.walker.436@testmail.com
8468,Emma Lewis,emma.lewis.913@mail.net
8469,Joseph Clark,joseph.clark.193@example.com
8470,Charles Miller,charles.miller.161@mail.net
8471,William Johnson,william.johnson.363@mail.net
8472,Emily Miller,emily.miller.401@example.com
8473,Isabella Robinson,isabella.robinson.267@rdbms.dev
8474,William Harris,william.harris.660@mail.net
8475,Robert White,robert.white.234@rdbms.dev
8476,Charlotte Lee,charlotte.lee.532@testmail.com
8477,Charlotte White,charlotte.white.412@example.com
8478,Michael Moore,michael.moore.598@mail.net
8479,Michael Harris,michael.harris.516@rdbms.dev
8480,Emily Lewis,emily.lewis.247@rdbms.dev
8481,Charles Wilson,charles.wilson.902@techcorp.org
8482,Olivia Martin,olivia.martin.134@example.com
8483,David Brown,david.brown.547@testmail.com
8484,Amelia Jackson,amelia.jackson.379@techcorp.org
8485,Olivia Martin,olivia.martin.188@mail.net
8486,Thomas Sanchez,thomas.sanchez.538@testmail.com
8487,Ava Moore,ava.moore.801@rdbms.dev
8488,John Wilson,john.wilson.493@techcorp.org
8489,Emily Johnson,emily.johnson.476@mail.net
8490,Isabella Thompson,isabella.thompson.449@mail.net
8491,Olivia Sanchez,olivia.sanchez.159@rdbms.dev
8492,John Lewis,john.lewis.364@rdbms.dev
8493,Amelia Smith,amelia.smith.479@rdbms.dev
8494,Charles Thompson,charles.thompson.698@techcorp.org
8495,Jane Moore,jane.moore.133@mail.net
8496,Charlotte Lee,charlotte.lee.888@mail.net
8497,Michael Walker,michael.walker.474@mail.net
8498,Michael Thompson,michael.thompson.224@rdbms.dev
8499,Thomas Miller,thomas.miller.357@example.com
8500,Emma Lee,emma.lee.428@testmail.com
8501,James Jackson,james.jackson.546@example.com
8502,Olivia White,olivia.white.392@rdbms.dev
8503,Olivia Lee,olivia.lee.526@testmail.com
8504,Ava Clark,ava.clark.234@mail.net
8505,Sophia Thompson,sophia.thompson.173@example.com
8506,Ava Johnson,ava.johnson.158@mail.net
8507,Emma Walker,emma.walker.771@techcorp.org
8508,Thomas Smith,thomas.smith.216@techcorp.org
8509,Jane Sanchez,jane.sanchez.959@rdbms.dev
8510,Mia Robinson,mia.robinson.746@rdbms.dev
8511,Sophia Moore,sophia.moore.527@techcorp.org
8512,Ava White,ava.white.638@testmail.com
8513,Amelia Perez,amelia.perez.417@example.com
8514,John Miller,john.miller.330@rdbms.dev
8515,Amelia Wilson,amelia.wilson.951@example.com
8516,William Taylor,william.taylor.631@techcorp.org
8517,Thomas Jackson,thomas.jackson.156@techcorp.org
8518,Ava Perez,ava.perez.204@example.com
8519,Charles Sanchez,charles.sanchez.560@example.com
8520,James Jackson,james.jackson.520@testmail.com
8521,Amelia Miller,amelia.miller.550@mail.net
8522,Olivia Jackson,olivia.jackson.481@techcorp.org
8523,Olivia Ramirez,olivia.ramirez.429@rdbms.dev
8524,Thomas Lee,thomas.lee.788@mail.net
8525,Richard Sanchez,richard.sanchez.299@example.com
8526,Amelia Lee,amelia.lee.141@example.com
8527,Amelia Walker,amelia.walker.992@testmail.com
8528,Ava Ramirez,ava.ramirez.589@rdbms.dev
8529,William Smith,william.smith.871@rdbms.dev
8530,Sophia Wilson,sophia.wilson.470@example.com
8531,Sophia White,sophia.white.491@testmail.com
8532,Emily Wilson,emily.wilson.931@techcorp.org
8533,Mia Thompson,mia.thompson.509@mail.net
8534,Emily Wilson,emily.wilson.107@rdbms.dev
8535,Charles Martin,charles.martin.500@mail.net
8536,Robert Miller,robert.miller.341@techcorp.org
8537,Olivia Moore,olivia.moore.619@mail.net
8538,Olivia Walker,olivia.walker.309@example.com
8539,Richard Martin,richard.martin.979@mail.net
8540,Robert Lee,robert.lee.336@techcorp.org
8541,Emma Thompson,emma.thompson.942@example.com
8542,Jane Sanchez,jane.sanchez.885@mail.net
8543,Isabella Jackson,isabella.jackson.179@example.com
8544,Sophia Smith,sophia.smith.550@rdbms.dev
8545,David Thompson,david.thompson.346@testmail.com
8546,Ava Jackson,ava.jackson.601@rdbms.dev
8547,Emma Harris,emma.harris.986@example.com
8548,Jane Clark,jane.clark.173@example.com
8549,Charlotte Ramirez,charlotte.ramirez.143@testmail.com
8550,Mia Lee,mia.lee.802@example.com
8551,Sophia Jackson,sophia.jackson.429@rdbms.dev
8552,Jane White,jane.white.833@mail.net
8553,Michael Perez,michael.perez.906@example.com
8554,Charlotte Johnson,charlotte.johnson.126@rdbms.dev
8555,David Lewis,david.lewis.649@example.com
8556,Ava Moore,ava.moore.763@example.com
8557,Emma Jackson,emma.jackson.967@rdbms.dev
8558,Michael Martin,michael.martin.749@example.com
8559,Mia Walker,mia.walker.598@rdbms.dev
8560,Olivia Martin,olivia.martin.733@rdbms.dev
8561,Ava Ramirez,ava.ramirez.580@example.com
8562,Joseph Lewis,joseph.lewis.590@mail.net
8563,Charlotte Moore,charlotte.moore.794@mail.net
8564,Mia Miller,mia.miller.184@mail.net
8565,William Wilson,william.wilson.826@example.com
8566,Charles Ramirez,charles.ramirez.560@rdbms.dev
8567,Amelia Sanchez,amelia.sanchez.633@mail.net
8568,Emily Smith,emily.smith.423@example.com
8569,Amelia Taylor,amelia.taylor.657@mail.net
8570,John Miller,john.miller.924@rdbms.dev
8571,Michael Johnson,michael.johnson.638@testmail.com
8572,Olivia Wilson,olivia.wilson.177@mail.net
8573,Emma Thompson,emma.thompson.450@rdbms.dev
8574,Jane Robinson,jane.robinson.924@rdbms.dev
8575,Richard Clark,richard.clark.451@mail.net
8576,Jane Walker,jane.walker.552@mail.net
8577,Richard Brown,richard.brown.759@testmail.com
8578,John Thompson,john.thompson.914@mail.net
8579,Joseph Smith,joseph.smith.974@mail.net
8580,Michael Harris,michael.harris.666@testmail.com
8581,John White,john.white.649@mail.net
8582,Michael Lewis,michael.lewis.712@mail.net
8583,Thomas Smith,thomas.smith.770@rdbms.dev
8584,David Walker,david.walker.394@mail.net
8585,Ava Smith,ava.smith.512@example.com
8586,Isabella Brown,isabella.brown.614@rdbms.dev
8587,Charles Smith,charles.smith.346@testmail.com
8588,James Walker,james.walker.785@techcorp.org
8589,Emily Martin,emily.martin.532@rdbms.dev
8590,Michael Harris,michael.harris.176@rdbms.dev
8591,Mia Harris,mia.harris.669@rdbms.dev
8592,Michael Miller,michael.miller.384@example.com
8593,Sophia Perez,sophia.perez.356@testmail.com
8594,Emma Taylor,emma.taylor.257@example.com
8595,Mia Jackson,mia.jackson.351@mail.net
8596,John Miller,john.miller.524@example.com
8597,Emma Brown,emma.brown.323@rdbms.dev
8598,James Brown,james.brown.841@techcorp.org
8599,Robert White,robert.white.125@mail.net
8600,Emma Perez,emma.perez.119@rdbms.dev
8601,Emma White,emma.white.162@rdbms.dev
8602,Isabella Brown,isabella.brown.797@testmail.com
8603,Thomas Sanchez,thomas.sanchez.554@techcorp.org
8604,Ava Brown,ava.brown.512@rdbms.dev
8605,Joseph Lee,joseph.lee.183@techcorp.org
8606,Charlotte Martin,charlotte.martin.869@mail.net
8607,Michael Jackson,michael.jackson.995@example.com
8608,Thomas Brown,thomas.brown.276@rdbms.dev
8609,Olivia Brown,olivia.brown.453@example.com
8610,David Moore,david.moore.935@testmail.com
8611,Joseph Wilson,joseph.wilson.463@testmail.com
8612,Isabella Miller,isabella.miller.644@example.com
8613,Sophia Martin,sophia.martin.909@example.com
8614,Thomas Robinson,thomas.robinson.796@example.com
8615,Emma Thompson,emma.thompson.371@mail.net
8616,James White,james.white.732@mail.net
8617,Mia Martin,mia.martin.101@testmail.com
8618,Robert Sanchez,robert.sanchez.385@example.com
8619,Ava Walker,ava.walker.729@example.com
8620,Emma Perez,emma.perez.721@example.com
8621,James Walker,james.walker.979@techcorp.org
8622,Michael Martin,michael.martin.745@techcorp.org
8623,Joseph Wilson,joseph.wilson.888@techcorp.org
8624,James Miller,james.miller.831@techcorp.org
8625,Emily Johnson,emily.johnson.761@example.com
8626,Robert Lee,robert.lee.817@techcorp.org
8627,Emma Walker,emma.walker.751@example.com
8628,William Taylor,william.taylor.731@mail.net
8629,Isabella Moore,isabella.moore.617@testmail.com
8630,Thomas Perez,thomas.perez.450@testmail.com
8631,Robert Robinson,robert.robinson.778@mail.net
8632,Charles Jackson,charles.jackson.323@testmail.com
8633,Joseph Moore,joseph.moore.100@testmail.com
8634,Charles Wilson,charles.wilson.345@techcorp.org
8635,Thomas Jackson,thomas.jackson.516@techcorp.org
8636,James Johnson,james.johnson.921@techcorp.org
8637,Charlotte Martin,charlotte.martin.984@mail.net
8638,Robert Jackson,robert.jackson.610@testmail.com
8639,Charlotte Lewis,charlotte.lewis.420@testmail.com
8640,Isabella Smith,isabella.smith.444@mail.net
8641,Thomas Walker,thomas.walker.833@testmail.com
8642,Charles Sanchez,charles.sanchez.789@rdbms.dev
8643,Olivia Thompson,olivia.thompson.793@mail.net
8644,Joseph Taylor,joseph.taylor.161@mail.net
8645,John Miller,john.miller.893@mail.net
8646,Charles Martin,charles.martin.655@mail.net
8647,Mia White,mia.white.779@techcorp.org
8648,Joseph Brown,joseph.brown.130@testmail.com
8649,William Ramirez,william.ramirez.273@example.com
8650,Robert Johnson,robert.johnson.601@example.com
8651,Joseph Jackson,joseph.jackson.277@example.com
8652,Olivia Robinson,olivia.robinson.716@rdbms.dev
8653,Ava Sanchez,ava.sanchez.217@mail.net
8654,James Jackson,james.jackson.656@testmail.com
8655,Joseph Perez,joseph.perez.568@techcorp.org
8656,Ava Thompson,ava.thompson.652@techcorp.org
8657,Sophia Walker,sophia.walker.817@testmail.com
8658,Michael Wilson,michael.wilson.566@example.com
8659,Amelia Ramirez,amelia.ramirez.679@techcorp.org
8660,Emily Harris,emily.harris.203@techcorp.org
8661,Emma Sanchez,emma.sanchez.484@testmail.com
8662,Amelia Ramirez,amelia.ramirez.259@rdbms.dev
8663,Richard Lewis,richard.lewis.107@example.com
8664,James Moore,james.moore.957@mail.net
8665,David Taylor,david.taylor.815@mail.net
8666,Robert Smith,robert.smith.265@rdbms.dev
8667,James Brown,james.brown.790@techcorp.org
8668,Michael Miller,michael.miller.438@mail.net
8669,Robert Walker,robert.walker.464@techcorp.org
8670,Mia Jackson,mia.jackson.646@rdbms.dev
8671,Olivia Jackson,olivia.jackson.878@testmail.com
8672,Richard Ramirez,richard.ramirez.533@testmail.com
8673,Mia Wilson,mia.wilson.353@techcorp.org
8674,Amelia Moore,amelia.moore.884@techcorp.org
8675,Thomas Johnson,thomas.johnson.170@rdbms.dev
8676,Richard Clark,richard.clark.126@example.com
8677,Emily Robinson,emily.robinson.239@rdbms.dev
8678,James Wilson,james.wilson.676@example.com
8679,Jane Johnson,jane.johnson.412@mail.net
8680,Ava Thompson,ava.thompson.412@techcorp.org
8681,Richard Robinson,richard.robinson.722@techcorp.org
8682,Michael Sanchez,michael.sanchez.138@techcorp.org
8683,Olivia Taylor,olivia.taylor.983@testmail.com
8684,John Lewis,john.lewis.127@techcorp.org
8685,John Robinson,john.robinson.438@mail.net
8686,James Walker,james.walker.527@testmail.com
8687,Emma Robinson,emma.robinson.566@mail.net
8688,Jane Brown,jane.brown.562@example.com
8689,Isabella Martin,isabella.martin.755@example.com
8690,William Lewis,william.lewis.227@techcorp.org
8691,Richard Brown,richard.brown.384@rdbms.dev
8692,Emily Moore,emily.moore.657@mail.net
8693,Jane Clark,jane.clark.585@testmail.com
8694,Joseph Smith,joseph.smith.651@rdbms.dev
8695,Mia Jackson,mia.jackson.659@rdbms.dev
8696,Mia Wilson,mia.wilson.598@rdbms.dev
8697,John Smith,john.smith.297@techcorp.org
8698,Mia Perez,mia.perez.269@mail.net
8699,Olivia Robinson,olivia.robinson.133@mail.net
8700,David Moore,david.moore.343@example.com
8701,Charles White,charles.white.640@techcorp.org
8702,Amelia Ramirez,amelia.ramirez.911@rdbms.dev
8703,Charlotte Jackson,charlotte.jackson.175@rdbms.dev
8704,Joseph Robinson,joseph.robinson.264@mail.net
8705,Charlotte Lee,charlotte.lee.439@example.com
8706,David Thompson,david.thompson.624@example.com
8707,Joseph White,joseph.white.422@techcorp.org
8708,William Johnson,william.johnson.183@testmail.com
8709,Thomas Lewis,thomas.lewis.172@testmail.com
8710,Richard Smith,richard.smith.804@example.com
8711,James Robinson,james.robinson.888@testmail.com
8712,Michael Harris,michael.harris.348@rdbms.dev
8713,David Miller,david.miller.445@example.com
8714,Robert Miller,robert.miller.580@mail.net
8715,Robert Lewis,robert.lewis.746@rdbms.dev
8716,Charlotte Thompson,charlotte.thompson.414@techcorp.org
8717,Charlotte Clark,charlotte.clark.310@rdbms.dev
8718,Amelia Miller,amelia.miller.534@techcorp.org
8719,Emily Johnson,emily.johnson.560@testmail.com
8720,Charlotte Clark,charlotte.clark.908@example.com
8721,Charlotte Sanchez,charlotte.sanchez.820@example.com
8722,Thomas Harris,thomas.harris.722@rdbms.dev
8723,Emily Harris,emily.harris.348@mail.net
8724,Charlotte Taylor,charlotte.taylor.558@example.com
8725,Thomas Robinson,thomas.robinson.516@techcorp.org
8726,James Thompson,james.thompson.460@testmail.com
8727,Sophia Johnson,sophia.johnson.446@mail.net
8728,Michael Lee,michael.lee.405@techcorp.org
8729,Charles Johnson,charles.johnson.303@mail.net
8730,Richard White,richard.white.158@example.com
8731,Isabella Clark,isabella.clark.428@example.com
8732,Thomas Walker,thomas.walker.342@testmail.com
8733,Mia Ramirez,mia.ramirez.173@rdbms.dev
8734,Isabella Robinson,isabella.robinson.861@rdbms.dev
8735,Richard Ramirez,richard.ramirez.638@techcorp.org
8736,Ava Moore,ava.moore.111@testmail.com
8737,Amelia Jackson,amelia.jackson.836@techcorp.org
8738,Charles Wilson,charles.wilson.292@example.com
8739,Olivia Ramirez,olivia.ramirez.762@techcorp.org
8740,William Jackson,william.jackson.281@techcorp.org
8741,William Thompson,william.thompson.429@rdbms.dev
8742,Isabella Miller,isabella.miller.558@rdbms.dev
8743,Thomas Martin,thomas.martin.661@techcorp.org
8744,Thomas Johnson,thomas.johnson.535@rdbms.dev
8745,John Robinson,john.robinson.541@testmail.com
8746,Sophia Lee,sophia.lee.915@rdbms.dev
8747,James Brown,james.brown.431@rdbms.dev
8748,Charlotte Ramirez,charlotte.ramirez.477@mail.net
8749,Emma Walker,emma.walker.596@testmail.com
8750,Joseph Harris,joseph.harris.524@testmail.com
8751,Isabella Robinson,isabella.robinson.779@mail.net
8752,Jane Sanchez,jane.sanchez.588@testmail.com
8753,Emma Brown,emma.brown.688@rdbms.dev
8754,William Lewis,william.lewis.174@testmail.com
8755,Charles Moore,charles.moore.329@rdbms.dev
8756,Sophia Walker,sophia.walker.644@testmail.com
8757,Robert Wilson,robert.wilson.586@example.com
8758,Emma White,emma.white.505@testmail.com
8759,Emma Harris,emma.harris.981@techcorp.org
8760,Charlotte Robinson,charlotte.robinson.243@rdbms.dev
8761,Richard Lewis,richard.lewis.236@testmail.com
8762,Amelia Jackson,amelia.jackson.179@rdbms.dev
8763,Emily Moore,emily.moore.960@rdbms.dev
8764,Thomas White,thomas.white.476@testmail.com
8765,Richard Lewis,richard.lewis.258@testmail.com
8766,Michael Walker,michael.walker.836@rdbms.dev
8767,Jane Robinson,jane.robinson.363@techcorp.org
8768,Amelia Sanchez,amelia.sanchez.350@mail.net
8769,John Moore,john.moore.613@mail.net
8770,Emily Ramirez,emily.ramirez.393@rdbms.dev
8771,Ava Walker,ava.walker.580@testmail.com
8772,John Johnson,john.johnson.653@example.com
8773,Ava Clark,ava.clark.640@testmail.com
8774,Jane Johnson,jane.johnson.129@techcorp.org
8775,John Sanchez,john.sanchez.599@example.com
8776,Richard Jackson,richard.jackson.738@testmail.com
8777,Joseph Ramirez,joseph.ramirez.474@testmail.com
8778,Richard Martin,richard.martin.937@mail.net
8779,James Ramirez,james.ramirez.637@techcorp.org
8780,John White,john.white.251@mail.net
8781,William Taylor,william.taylor.648@mail.net
8782,Richard Brown,richard.brown.335@rdbms.dev
8783,William White,william.white.753@rdbms.dev
8784,Emma Clark,emma.clark.315@mail.net
8785,Joseph Moore,joseph.moore.686@techcorp.org
8786,Emma Sanchez,emma.sanchez.540@rdbms.dev
8787,William Thompson,william.thompson.603@mail.net
8788,Richard Johnson,richard.johnson.122@testmail.com
8789,Michael Lee,michael.lee.294@testmail.com
8790,David Thompson,david.thompson.429@mail.net
8791,Emma Jackson,emma.jackson.987@example.com
8792,Charles Moore,charles.moore.357@rdbms.dev
8793,Joseph Ramirez,joseph.ramirez.896@rdbms.dev
8794,Charlotte Smith,charlotte.smith.768@rdbms.dev
8795,Ava Martin,ava.martin.912@mail.net
8796,Charlotte Harris,charlotte.harris.413@mail.net
8797,John Martin,john.martin.713@rdbms.dev
8798,Amelia Robinson,amelia.robinson.822@rdbms.dev
8799,Joseph Sanchez,joseph.sanchez.309@testmail.com
8800,John Walker,john.walker.398@testmail.com
8801,Charles Johnson,charles.johnson.303@mail.net
8802,David Jackson,david.jackson.644@example.com
8803,Thomas White,thomas.white.530@techcorp.org
8804,Thomas Harris,thomas.harris.958@testmail.com
8805,Ava Lee,ava.lee.717@example.com
8806,Michael Clark,michael.clark.817@techcorp.org
8807,Isabella Thompson,isabella.thompson.950@techcorp.org
8808,James Perez,james.perez.113@example.com
8809,Sophia Sanchez,sophia.sanchez.373@techcorp.org
8810,Charles Lewis,charles.lewis.780@example.com
8811,James Thompson,james.thompson.793@example.com
8812,Robert Robinson,robert.robinson.482@testmail.com
8813,David Brown,david.brown.904@rdbms.dev
8814,Charles White,charles.white.559@testmail.com
8815,James Taylor,james.taylor.832@testmail.com
8816,Richard White,richard.white.382@testmail.com
8817,Emily Wilson,emily.wilson.852@techcorp.org
8818,Mia Moore,mia.moore.724@testmail.com
8819,Michael Jackson,michael.jackson.630@example.com
8820,David Lee,david.lee.826@example.com
8821,Olivia Robinson,olivia.robinson.879@techcorp.org
8822,John Walker,john.walker.882@example.com
8823,William White,william.white.274@techcorp.org
8824,Robert Robinson,robert.robinson.356@mail.net
8825,James Lewis,james.lewis.978@techcorp.org
8826,Joseph Wilson,joseph.wilson.469@mail.net
8827,Joseph Harris,joseph.harris.792@techcorp.org
8828,Isabella Sanchez,isabella.sanchez.237@techcorp.org
8829,Robert Wilson,robert.wilson.921@testmail.com
8830,Robert Lewis,robert.lewis.489@mail.net
8831,Isabella Smith,isabella.smith.776@example.com
8832,David Wilson,david.wilson.584@example.com
8833,Thomas Lee,thomas.lee.995@example.com
8834,Amelia Taylor,amelia.taylor.328@techcorp.org
8835,Sophia Thompson,sophia.thompson.883@testmail.com
8836,Mia Sanchez,mia.sanchez.786@testmail.com
8837,James Harris,james.harris.508@techcorp.org
8838,William Moore,william.moore.344@techcorp.org
8839,Charles Clark,charles.clark.893@testmail.com
8840,Jane Johnson,jane.johnson.601@testmail.com
8841,Emily Perez,emily.perez.495@techcorp.org
8842,Sophia Wilson,sophia.wilson.787@techcorp.org
8843,Joseph Perez,joseph.perez.737@rdbms.dev
8844,Sophia Johnson,sophia.johnson.663@example.com
8845,Joseph Moore,joseph.moore.619@techcorp.org
8846,Amelia Jackson,amelia.jackson.632@example.com
8847,John Martin,john.martin.733@techcorp.org
8848,Michael Sanchez,michael.sanchez.587@example.com
8849,Robert Smith,robert.smith.353@techcorp.org
8850,Robert Smith,robert.smith.973@techcorp.org
8851,David Sanchez,david.sanchez.490@techcorp.org
8852,Isabella Clark,isabella.clark.531@example.com
8853,Richard Lee,richard.lee.659@mail.net
8854,Amelia Clark,amelia.clark.508@mail.net
8855,Ava Ramirez,ava.ramirez.425@rdbms.dev
8856,John Harris,john.harris.255@mail.net
8857,Thomas Robinson,thomas.robinson.278@testmail.com
8858,Charlotte Martin,charlotte.martin.761@mail.net
8859,Jane Sanchez,jane.sanchez.175@mail.net
8860,Emma Walker,emma.walker.290@mail.net
8861,Sophia White,sophia.white.262@techcorp.org
8862,Charles Sanchez,charles.sanchez.327@techcorp.org
8863,Thomas Thompson,thomas.thompson.219@mail.net
8864,Sophia Martin,sophia.martin.263@rdbms.dev
8865,Charlotte Lewis,charlotte.lewis.803@example.com
8866,Charles Miller,charles.miller.925@rdbms.dev
8867,David Johnson,david.johnson.860@rdbms.dev
8868,Michael Sanchez,michael.sanchez.252@testmail.com
8869,Joseph Clark,joseph.clark.153@testmail.com
8870,David Robinson,david.robinson.837@rdbms.dev
8871,Thomas Brown,thomas.brown.330@mail.net
8872,Sophia Ramirez,sophia.ramirez.709@mail.net
8873,Richard Martin,richard.martin.646@techcorp.org
8874,Charlotte Wilson,charlotte.wilson.729@example.com
8875,Jane Taylor,jane.taylor.521@techcorp.org
8876,Amelia Smith,amelia.smith.659@testmail.com
8877,Olivia Wilson,olivia.wilson.663@techcorp.org
8878,James Jackson,james.jackson.322@testmail.com
8879,John Brown,john.brown.484@mail.net
8880,Michael Lee,michael.lee.977@testmail.com
8881,Mia Taylor,mia.taylor.667@testmail.com
8882,Mia Martin,mia.martin.833@techcorp.org
8883,Emma Brown,emma.brown.190@example.com
8884,Robert Robinson,robert.robinson.518@rdbms.dev
8885,Amelia Johnson,amelia.johnson.107@testmail.com
8886,Olivia Taylor,olivia.taylor.439@rdbms.dev
8887,Richard Taylor,richard.taylor.422@mail.net
8888,Amelia White,amelia.white.235@mail.net
8889,John Martin,john.martin.535@techcorp.org
8890,Charlotte Lee,charlotte.lee.611@mail.net
8891,Ava Lee,ava.lee.824@techcorp.org
8892,Emily Moore,emily.moore.195@testmail.com
8893,Mia Thompson,mia.thompson.243@testmail.com
8894,James Harris,james.harris.365@mail.net
8895,Emma Miller,emma.miller.123@techcorp.org
8896,Emma Ramirez,emma.ramirez.169@techcorp.org
8897,Mia Brown,mia.brown.607@mail.net
8898,Olivia Martin,olivia.martin.581@testmail.com
8899,Isabella Martin,isabella.martin.694@rdbms.dev
8900,Charles Wilson,charles.wilson.823@rdbms.dev
8901,Charlotte Perez,charlotte.perez.128@example.com
8902,Jane Thompson,jane.thompson.273@example.com
8903,James Johnson,james.johnson.756@example.com
8904,Olivia Smith,olivia.smith.325@techcorp.org
8905,Mia White,mia.white.474@rdbms.dev
8906,James Robinson,james.robinson.196@example.com
8907,Joseph Johnson,joseph.johnson.740@techcorp.org
8908,Jane Robinson,jane.robinson.131@mail.net
8909,John Thompson,john.thompson.209@techcorp.org
8910,Mia Moore,mia.moore.820@testmail.com
8911,Amelia Harris,amelia.harris.138@mail.net
8912,Charles Thompson,charles.thompson.760@example.com
8913,Richard Taylor,richard.taylor.746@mail.net
8914,Charlotte Ramirez,charlotte.ramirez.262@techcorp.org
8915,Ava Perez,ava.perez.398@mail.net
8916,Mia Miller,mia.miller.293@techcorp.org
8917,Charlotte Ramirez,charlotte.ramirez.399@mail.net
8918,Amelia Miller,amelia.miller.456@example.com
8919,David Sanchez,david.sanchez.321@mail.net
8920,Mia Ramirez,mia.ramirez.642@mail.net
8921,John White,john.white.790@mail.net
8922,Emily Brown,emily.brown.110@example.com
8923,Charlotte Lewis,charlotte.lewis.717@example.com
8924,Michael Robinson,michael.robinson.410@testmail.com
8925,Jane Perez,jane.perez.803@techcorp.org
8926,Sophia Brown,sophia.brown.129@mail.net
8927,David Clark,david.clark.590@example.com
8928,Emma White,emma.white.631@techcorp.org
8929,Isabella Smith,isabella.smith.764@example.com
8930,David Smith,david.smith.823@rdbms.dev
8931,Mia Martin,mia.martin.492@rdbms.dev
8932,William Lee,william.lee.445@testmail.com
8933,Olivia Jackson,olivia.jackson.994@rdbms.dev
8934,Isabella Walker,isabella.walker.614@testmail.com
8935,James Clark,james.clark.170@testmail.com
8936,Mia Clark,mia.clark.702@testmail.com
8937,Charles Walker,charles.walker.120@rdbms.dev
8938,Emma Miller,emma.miller.417@mail.net
8939,Jane Brown,jane.brown.440@testmail.com
8940,Emma Jackson,emma.jackson.460@techcorp.org
8941,Charles Johnson,charles.johnson.887@mail.net
8942,Charlotte Johnson,charlotte.johnson.732@rdbms.dev
8943,Amelia Lee,amelia.lee.312@example.com
8944,Sophia Jackson,sophia.jackson.251@techcorp.org
8945,David Lewis,david.lewis.367@example.com
8946,Charles Lewis,charles.lewis.952@testmail.com
8947,Thomas Thompson,thomas.thompson.440@techcorp.org
8948,Jane Lee,jane.lee.876@techcorp.org
8949,Charlotte Thompson,charlotte.thompson.602@rdbms.dev
8950,Emily Smith,emily.smith.311@testmail.com
8951,Richard Harris,richard.harris.681@example.com
8952,Olivia Clark,olivia.clark.986@testmail.com
8953,Olivia Jackson,olivia.jackson.315@example.com
8954,William Wilson,william.wilson.132@testmail.com
8955,Mia Smith,mia.smith.448@mail.net
8956,Amelia Taylor,amelia.taylor.277@rdbms.dev
8957,Amelia Johnson,amelia.johnson.793@testmail.com
8958,Mia Clark,mia.clark.721@testmail.com
8959,John Perez,john.perez.806@testmail.com
8960,Jane Perez,jane.perez.116@example.com
8961,David Moore,david.moore.884@techcorp.org
8962,Ava Lee,ava.lee.315@testmail.com
8963,Richard White,richard.white.167@example.com
8964,John Perez,john.perez.541@mail.net
8965,Joseph Perez,joseph.perez.918@testmail.com
8966,Sophia Miller,sophia.miller.520@testmail.com
8967,Charlotte Lewis,charlotte.lewis.553@rdbms.dev
8968,James Harris,james.harris.840@example.com
8969,James Brown,james.brown.515@rdbms.dev
8970,James Thompson,james.thompson.165@example.com
8971,Richard Jackson,richard.jackson.457@mail.net
8972,David Robinson,david.robinson.930@mail.net
8973,Emily Robinson,emily.robinson.261@example.com
8974,Isabella Jackson,isabella.jackson.760@testmail.com
8975,Amelia Clark,amelia.clark.682@mail.net
8976,James Walker,james.walker.375@rdbms.dev
8977,Richard Miller,richard.miller.923@mail.net
8978,James Martin,james.martin.656@techcorp.org
8979,Sophia Harris,sophia.harris.724@rdbms.dev
8980,John Sanchez,john.sanchez.827@techcorp.org
8981,Robert Lewis,robert.lewis.927@testmail.com
8982,Sophia Sanchez,sophia.sanchez.945@techcorp.org
8983,Jane White,jane.white.841@example.com
8984,Olivia White,olivia.white.777@example.com
8985,James Jackson,james.jackson.323@mail.net
8986,Mia Miller,mia.miller.943@techcorp.org
8987,Sophia Harris,sophia.harris.205@example.com
8988,Robert Walker,robert.walker.168@example.com
8989,Emma Harris,emma.harris.505@rdbms.dev
8990,John White,john.white.435@example.com
8991,James Ramirez,james.ramirez.641@rdbms.dev
8992,Amelia White,amelia.white.452@techcorp.org
8993,Amelia Harris,amelia.harris.147@rdbms.dev
8994,Richard Thompson,richard.thompson.592@mail.net
8995,David Johnson,david.johnson.961@mail.net
8996,Charlotte Johnson,charlotte.johnson.671@mail.net
8997,David Ramirez,david.ramirez.658@rdbms.dev
8998,Sophia Lewis,sophia.lewis.628@example.com
8999,John Ramirez,john.ramirez.593@testmail.com
9000,Emily Ramirez,emily.ramirez.758@rdbms.dev
9001,James Thompson,james.thompson.558@techcorp.org
9002,Mia Walker,mia.walker.719@example.com
9003,Michael Clark,michael.clark.532@testmail.com
9004,James Miller,james.miller.436@techcorp.org
9005,Sophia Taylor,sophia.taylor.414@example.com
9006,Charles Robinson,charles.robinson.151@rdbms.dev
9007,David Wilson,david.wilson.251@example.com
9008,Olivia Clark,olivia.clark.395@mail.net
9009,Jane Clark,jane.clark.854@rdbms.dev
9010,Amelia Ramirez,amelia.ramirez.641@example.com
9011,Olivia Robinson,olivia.robinson.543@testmail.com
9012,Sophia Taylor,sophia.taylor.624@techcorp.org
9013,Thomas Johnson,thomas.johnson.883@testmail.com
9014,Charles Moore,charles.moore.181@mail.net
9015,Emily Thompson,emily.thompson.976@example.com
9016,Jane Lewis,jane.lewis.972@techcorp.org
9017,Michael Johnson,michael.johnson.733@rdbms.dev
9018,Mia Brown,mia.brown.466@testmail.com
9019,Joseph White,joseph.white.208@rdbms.dev
9020,Emma Lewis,emma.lewis.520@testmail.com
9021,Charlotte Johnson,charlotte.johnson.179@testmail.com
9022,Isabella Sanchez,isabella.sanchez.526@testmail.com
9023,Olivia Lee,olivia.lee.445@mail.net
9024,Charlotte Martin,charlotte.martin.920@techcorp.org
9025,Richard Miller,richard.miller.204@rdbms.dev
9026,Isabella Brown,isabella.brown.289@rdbms.dev
9027,Richard Clark,richard.clark.832@rdbms.dev
9028,Sophia Harris,sophia.harris.761@rdbms.dev
9029,James White,james.white.268@example.com
9030,Sophia Wilson,sophia.wilson.194@testmail.com
9031,Sophia Wilson,sophia.wilson.538@testmail.com
9032,Emma Taylor,emma.taylor.878@rdbms.dev
9033,Joseph Walker,joseph.walker.418@testmail.com
9034,David Jackson,david.jackson.918@rdbms.dev
9035,Isabella Moore,isabella.moore.213@testmail.com
9036,James Clark,james.clark.518@testmail.com
9037,Emma Johnson,emma.johnson.891@rdbms.dev
9038,Robert Lee,robert.lee.343@example.com
9039,Michael Thompson,michael.thompson.738@rdbms.dev
9040,Ava Walker,ava.walker.669@example.com
9041,Sophia Miller,sophia.miller.543@example.com
9042,Sophia Sanchez,sophia.sanchez.111@techcorp.org
9043,Emily Perez,emily.perez.229@mail.net
9044,Jane Jackson,jane.jackson.148@testmail.com
9045,Olivia Smith,olivia.smith.211@testmail.com
9046,David Taylor,david.taylor.946@rdbms.dev
9047,James Harris,james.harris.689@mail.net
9048,Ava Martin,ava.martin.894@rdbms.dev
9049,William Johnson,william.johnson.411@mail.net
9050,Emma Lee,emma.lee.985@techcorp.org
9051,Sophia Lee,sophia.lee.925@testmail.com
9052,Michael Harris,michael.harris.786@example.com
9053,William Martin,william.martin.146@rdbms.dev
9054,Richard Thompson,richard.thompson.983@rdbms.dev
9055,Sophia Miller,sophia.miller.333@testmail.com
9056,Michael Jackson,michael.jackson.239@testmail.com
9057,Michael Brown,michael.brown.767@example.com
9058,Sophia Brown,sophia.brown.313@example.com
9059,Olivia Lewis,olivia.lewis.217@example.com
9060,Emily Walker,emily.walker.295@techcorp.org
9061,David Moore,david.moore.157@rdbms.dev
9062,Robert Clark,robert.clark.812@rdbms.dev
9063,Amelia Taylor,amelia.taylor.182@rdbms.dev
9064,Sophia Wilson,sophia.wilson.416@mail.net
9065,Amelia Thompson,amelia.thompson.132@testmail.com
9066,Mia Johnson,mia.johnson.437@rdbms.dev
9067,Joseph Jackson,joseph.jackson.881@testmail.com
9068,Joseph Ramirez,joseph.ramirez.977@testmail.com
9069,Richard Robinson,richard.robinson.131@rdbms.dev
9070,William Brown,william.brown.162@testmail.com
9071,Thomas Smith,thomas.smith.648@mail.net
9072,Richard Harris,richard.harris.643@example.com
9073,John Lee,john.lee.730@rdbms.dev
9074,Ava Perez,ava.perez.688@testmail.com
9075,Ava Martin,ava.martin.162@testmail.com
9076,John Walker,john.walker.178@example.com
9077,David Robinson,david.robinson.270@rdbms.dev
9078,John Harris,john.harris.453@techcorp.org
9079,Isabella Johnson,isabella.johnson.265@testmail.com
9080,William Wilson,william.wilson.668@mail.net
9081,John Jackson,john.jackson.579@techcorp.org
9082,Emma Robinson,emma.robinson.982@rdbms.dev
9083,William Lewis,william.lewis.731@example.com
9084,Joseph Martin,joseph.martin.234@rdbms.dev
9085,Thomas White,thomas.white.910@example.com
9086,Richard Wilson,richard.wilson.579@testmail.com
9087,Ava Smith,ava.smith.814@mail.net
9088,Sophia Robinson,sophia.robinson.275@mail.net
9089,Isabella Miller,isabella.miller.202@rdbms.dev
9090,David Lewis,david.lewis.964@example.com
9091,Jane Clark,jane.clark.844@example.com
9092,Michael Sanchez,michael.sanchez.111@techcorp.org
9093,David White,david.white.660@techcorp.org
9094,Richard Smith,richard.smith.565@rdbms.dev
9095,David Brown,david.brown.738@mail.net
9096,Ava Lee,ava.lee.521@techcorp.org
9097,Amelia Robinson,amelia.robinson.151@testmail.com
9098,John Wilson,john.wilson.959@techcorp.org
9099,Olivia Clark,olivia.clark.510@rdbms.dev
9100,Robert Brown,robert.brown.260@example.com
9101,John Lee,john.lee.685@mail.net
9102,Robert Wilson,robert.wilson.459@rdbms.dev
9103,Mia Smith,mia.smith.715@example.com
9104,Mia Walker,mia.walker.634@rdbms.dev
9105,James Smith,james.smith.399@techcorp.org
9106,Joseph Lee,joseph.lee.560@example.com
9107,Sophia Johnson,sophia.johnson.662@mail.net
9108,Joseph Lee,joseph.lee.776@mail.net
9109,Amelia Walker,amelia.walker.806@testmail.com
9110,John Jackson,john.jackson.927@testmail.com
9111,Charlotte Smith,charlotte.smith.453@mail.net
9112,Sophia Moore,sophia.moore.254@mail.net
9113,Olivia Taylor,olivia.taylor.260@testmail.com
9114,Jane Perez,jane.perez.410@rdbms.dev
9115,Charles Jackson,charles.jackson.730@testmail.com
9116,William Lewis,william.lewis.953@techcorp.org
9117,Joseph Smith,joseph.smith.200@techcorp.org
9118,John Thompson,john.thompson.252@testmail.com
9119,Sophia White,sophia.white.121@testmail.com
9120,Emma Lee,emma.lee.347@testmail.com
9121,Michael Perez,michael.perez.162@techcorp.org
9122,Richard Perez,richard.perez.330@rdbms.dev
9123,Thomas Walker,thomas.walker.494@testmail.com
9124,Amelia Walker,amelia.walker.165@techcorp.org
9125,Charles Miller,charles.miller.771@mail.net
9126,Ava Perez,ava.perez.579@testmail.com
9127,Olivia Miller,olivia.miller.827@rdbms.dev
9128,Thomas Perez,thomas.perez.280@example.com
9129,Mia Ramirez,mia.ramirez.869@testmail.com
9130,Charlotte Moore,charlotte.moore.540@testmail.com
9131,Emma Perez,emma.perez.940@rdbms.dev
9132,Ava Brown,ava.brown.717@example.com
9133,Isabella Moore,isabella.moore.456@testmail.com
9134,Mia Jackson,mia.jackson.469@testmail.com
9135,Isabella Wilson,isabella.wilson.384@techcorp.org
9136,Thomas Perez,thomas.perez.609@mail.net
9137,John Harris,john.harris.492@mail.net
9138,Emily Robinson,emily.robinson.788@mail.net
9139,Thomas Lee,thomas.lee.769@testmail.com
9140,Isabella Ramirez,isabella.ramirez.653@rdbms.dev
9141,Emma Taylor,emma.taylor.427@testmail.com
9142,Mia Martin,mia.martin.285@mail.net
9143,William Taylor,william.taylor.593@techcorp.org
9144,Joseph Walker,joseph.walker.768@techcorp.org
9145,Isabella Thompson,isabella.thompson.825@techcorp.org
9146,Joseph Brown,joseph.brown.997@mail.net
9147,Isabella Martin,isabella.martin.934@techcorp.org
9148,Michael Smith,michael.smith.410@techcorp.org
9149,Michael Lewis,michael.lewis.553@mail.net
9150,William Sanchez,william.sanchez.600@rdbms.dev
9151,Robert Sanchez,robert.sanchez.367@rdbms.dev
9152,Amelia Miller,amelia.miller.426@testmail.com
9153,Ava Walker,ava.walker.368@example.com
9154,Mia Smith,mia.smith.369@techcorp.org
9155,Charles Jackson,charles.jackson.374@testmail.com
9156,Jane Taylor,jane.taylor.680@mail.net
9157,David Taylor,david.taylor.364@techcorp.org
9158,Charles Lewis,charles.lewis.191@techcorp.org
9159,Richard Ramirez,richard.ramirez.736@example.com
9160,Amelia Brown,amelia.brown.147@testmail.com
9161,Emma Johnson,emma.johnson.130@testmail.com
9162,Robert Martin,robert.martin.772@testmail.com
9163,Charles White,charles.white.708@testmail.com
9164,John Ramirez,john.ramirez.886@example.com
9165,Isabella Clark,isabella.clark.506@example.com
9166,John Johnson,john.johnson.739@techcorp.org
9167,David Thompson,david.thompson.108@testmail.com
9168,Jane Ramirez,jane.ramirez.378@techcorp.org
9169,Charles Miller,charles.miller.531@techcorp.org
9170,John Brown,john.brown.979@example.com
9171,Emma Jackson,emma.jackson.554@testmail.com
9172,Thomas Miller,thomas.miller.956@techcorp.org
9173,Mia Lee,mia.lee.198@mail.net
9174,Isabella Sanchez,isabella.sanchez.182@example.com
9175,Richard Johnson,richard.johnson.191@rdbms.dev
9176,Jane Robinson,jane.robinson.271@techcorp.org
9177,David Perez,david.perez.912@techcorp.org
9178,David Perez,david.perez.718@rdbms.dev
9179,Charles Lewis,charles.lewis.896@techcorp.org
9180,Emma Perez,emma.perez.705@rdbms.dev
9181,Emma Harris,emma.harris.134@mail.net
9182,Jane Harris,jane.harris.815@rdbms.dev
9183,Thomas Johnson,thomas.johnson.717@rdbms.dev
9184,Michael Brown,michael.brown.198@mail.net
9185,Amelia Perez,amelia.perez.122@mail.net
9186,Ava Brown,ava.brown.738@mail.net
9187,James Lewis,james.lewis.917@example.com
9188,David Thompson,david.thompson.735@example.com
9189,John Thompson,john.thompson.568@techcorp.org
9190,Emma Harris,emma.harris.934@techcorp.org
9191,James Taylor,james.taylor.433@rdbms.dev
9192,Ava Perez,ava.perez.145@example.com
9193,Charles Martin,charles.martin.199@rdbms.dev
9194,Emily Miller,emily.miller.659@example.com
9195,Emily Lewis,emily.lewis.336@testmail.com
9196,Jane Miller,jane.miller.376@techcorp.org
9197,Emma Jackson,emma.jackson.328@mail.net
9198,Charlotte Smith,charlotte.smith.146@rdbms.dev
9199,Jane Moore,jane.moore.618@techcorp.org
9200,David Lewis,david.lewis.370@rdbms.dev
9201,Richard Perez,richard.perez.222@testmail.com
9202,Olivia Lewis,olivia.lewis.185@testmail.com
9203,David Moore,david.moore.975@example.com
9204,Isabella Johnson,isabella.johnson.787@testmail.com
9205,Emily Harris,emily.harris.565@example.com
9206,William Brown,william.brown.647@example.com
9207,Robert Ramirez,robert.ramirez.391@testmail.com
9208,Thomas Miller,thomas.miller.689@techcorp.org
9209,Amelia Jackson,amelia.jackson.551@testmail.com
9210,John Thompson,john.thompson.628@example.com
9211,Michael Walker,michael.walker.953@rdbms.dev
9212,Sophia Clark,sophia.clark.271@example.com
9213,Jane Perez,jane.perez.181@testmail.com
9214,Richard Moore,richard.moore.475@techcorp.org
9215,Amelia Taylor,amelia.taylor.292@example.com
9216,William Taylor,william.taylor.888@techcorp.org
9217,James Thompson,james.thompson.577@testmail.com
9218,Emily Johnson,emily.johnson.753@rdbms.dev
9219,Olivia Brown,olivia.brown.314@mail.net
9220,Isabella Ramirez,isabella.ramirez.816@example.com
9221,Ava Clark,ava.clark.297@testmail.com
9222,Isabella Sanchez,isabella.sanchez.167@example.com
9223,Thomas Miller,thomas.miller.189@testmail.com
9224,Charlotte Miller,charlotte.miller.317@example.com
9225,Olivia Wilson,olivia.wilson.759@testmail.com
9226,Jane Jackson,jane.jackson.304@testmail.com
9227,Isabella Martin,isabella.martin.691@rdbms.dev
9228,Charles Moore,charles.moore.205@testmail.com
9229,Richard Perez,richard.perez.212@testmail.com
9230,Michael Lee,michael.lee.655@testmail.com
9231,James Ramirez,james.ramirez.688@example.com
9232,Robert Taylor,robert.taylor.649@rdbms.dev
9233,Joseph Miller,joseph.miller.503@testmail.com
9234,David Wilson,david.wilson.227@rdbms.dev
9235,Emma Moore,emma.moore.552@testmail.com
9236,Amelia White,amelia.white.479@testmail.com
9237,Sophia Miller,sophia.miller.369@mail.net
9238,Jane Taylor,jane.taylor.100@techcorp.org
9239,Charles Ramirez,charles.ramirez.544@rdbms.dev
9240,Emma Ramirez,emma.ramirez.514@techcorp.org
9241,Amelia Walker,amelia.walker.661@rdbms.dev
9242,Robert Robinson,robert.robinson.130@rdbms.dev
9243,Charlotte Perez,charlotte.perez.834@example.com
9244,Joseph Ramirez,joseph.ramirez.778@rdbms.dev
9245,Mia Wilson,mia.wilson.137@testmail.com
9246,Thomas Thompson,thomas.thompson.328@testmail.com
9247,James Lee,james.lee.220@testmail.com
9248,Amelia Lewis,amelia.lewis.147@testmail.com
9249,Emma Johnson,emma.johnson.174@techcorp.org
9250,Ava Ramirez,ava.ramirez.149@testmail.com
9251,Robert Smith,robert.smith.177@mail.net
9252,Charlotte Smith,charlotte.smith.888@rdbms.dev
9253,Jane Thompson,jane.thompson.972@rdbms.dev
9254,Mia Thompson,mia.thompson.380@techcorp.org
9255,Richard Sanchez,richard.sanchez.117@mail.net
9256,Amelia Sanchez,amelia.sanchez.191@mail.net
9257,Charlotte Lee,charlotte.lee.203@rdbms.dev
9258,Charles Sanchez,charles.sanchez.181@rdbms.dev
9259,Olivia Johnson,olivia.johnson.921@mail.net
9260,Isabella Moore,isabella.moore.873@example.com
9261,Michael Smith,michael.smith.445@testmail.com
9262,Amelia Jackson,amelia.jackson.746@mail.net
9263,Charlotte Jackson,charlotte.jackson.122@techcorp.org
9264,Richard Taylor,richard.taylor.127@mail.net
9265,Charles Sanchez,charles.sanchez.423@rdbms.dev
9266,Olivia Jackson,olivia.jackson.470@techcorp.org
9267,Olivia Brown,olivia.brown.693@testmail.com
9268,Michael White,michael.white.515@mail.net
9269,John Jackson,john.jackson.944@example.com
9270,David Clark,david.clark.261@rdbms.dev
9271,Mia Miller,mia.miller.324@example.com
9272,Emily Lewis,emily.lewis.327@rdbms.dev
9273,Amelia Wilson,amelia.wilson.595@example.com
9274,Joseph Ramirez,joseph.ramirez.640@example.com
9275,John Ramirez,john.ramirez.851@example.com
9276,Mia Harris,mia.harris.378@example.com
9277,Sophia Thompson,sophia.thompson.276@mail.net
9278,Charlotte Lewis,charlotte.lewis.744@testmail.com
9279,Charles Lewis,charles.lewis.542@testmail.com
9280,Sophia Johnson,sophia.johnson.100@example.com
9281,Michael Jackson,michael.jackson.877@mail.net
9282,Sophia Martin,sophia.martin.477@mail.net
9283,Isabella Taylor,isabella.taylor.620@rdbms.dev
9284,Isabella Walker,isabella.walker.593@rdbms.dev
9285,Mia Lewis,mia.lewis.621@testmail.com
9286,Michael Perez,michael.perez.417@mail.net
9287,Emily Wilson,emily.wilson.273@techcorp.org
9288,Isabella Moore,isabella.moore.331@techcorp.org
9289,Olivia Lee,olivia.lee.482@rdbms.dev
9290,William Ramirez,william.ramirez.417@mail.net
9291,James Brown,james.brown.658@mail.net
9292,Robert Martin,robert.martin.334@techcorp.org
9293,Thomas Ramirez,thomas.ramirez.767@testmail.com
9294,Olivia Brown,olivia.brown.284@rdbms.dev
9295,Amelia Wilson,amelia.wilson.691@techcorp.org
9296,Charlotte Miller,charlotte.miller.322@rdbms.dev
9297,Ava Harris,ava.harris.117@rdbms.dev
9298,Amelia Lee,amelia.lee.339@rdbms.dev
9299,John Clark,john.clark.529@testmail.com
9300,Ava Moore,ava.moore.337@example.com
9301,David Moore,david.moore.634@rdbms.dev
9302,Amelia Ramirez,amelia.ramirez.562@mail.net
9303,John Jackson,john.jackson.278@mail.net
9304,Jane Lewis,jane.lewis.342@testmail.com
9305,Charlotte Smith,charlotte.smith.588@mail.net
9306,James White,james.white.472@example.com
9307,David Johnson,david.johnson.331@mail.net
9308,William Miller,william.miller.462@testmail.com
9309,James Moore,james.moore.957@mail.net
9310,Emily Clark,emily.clark.706@rdbms.dev
9311,Michael Lee,michael.lee.384@example.com
9312,John Martin,john.martin.492@techcorp.org
9313,David Miller,david.miller.617@rdbms.dev
9314,Thomas Harris,thomas.harris.922@testmail.com
9315,Sophia Moore,sophia.moore.114@testmail.com
9316,Charles Ramirez,charles.ramirez.629@mail.net
9317,Charles Taylor,charles.taylor.691@testmail.com
9318,Emma Clark,emma.clark.870@example.com
9319,Thomas Perez,thomas.perez.171@example.com
9320,Charlotte Clark,charlotte.clark.302@mail.net
9321,Ava Lee,ava.lee.199@testmail.com
9322,James Lewis,james.lewis.335@example.com
9323,Michael Lewis,michael.lewis.495@techcorp.org
9324,William Lee,william.lee.457@example.com
9325,Richard Lee,richard.lee.544@testmail.com
9326,John Brown,john.brown.425@rdbms.dev
9327,Ava White,ava.white.882@mail.net
9328,James Johnson,james.johnson.659@rdbms.dev
9329,Charles Brown,charles.brown.417@mail.net
9330,Robert Clark,robert.clark.705@testmail.com
9331,Thomas Taylor,thomas.taylor.766@testmail.com
9332,Joseph Lewis,joseph.lewis.924@rdbms.dev
9333,Charlotte Johnson,charlotte.johnson.264@mail.net
9334,Ava Martin,ava.martin.789@mail.net
9335,Emily Martin,emily.martin.155@techcorp.org
9336,Michael Robinson,michael.robinson.358@mail.net
9337,Thomas Wilson,thomas.wilson.553@testmail.com
9338,Mia Lee,mia.lee.356@example.com
9339,Sophia Miller,sophia.miller.513@example.com
9340,James Robinson,james.robinson.638@example.com
9341,Sophia Brown,sophia.brown.703@techcorp.org
9342,Ava Lewis,ava.lewis.514@mail.net
9343,Sophia Taylor,sophia.taylor.925@mail.net
9344,Thomas Perez,thomas.perez.801@example.com
9345,Charles Harris,charles.harris.723@example.com
9346,Olivia Perez,olivia.perez.827@mail.net
9347,Charlotte Ramirez,charlotte.ramirez.652@techcorp.org
9348,Isabella Lewis,isabella.lewis.368@techcorp.org
9349,Charlotte Lee,charlotte.lee.579@techcorp.org
9350,Ava Perez,ava.perez.535@techcorp.org
9351,Mia Taylor,mia.taylor.688@mail.net
9352,Michael Robinson,michael.robinson.328@testmail.com
9353,Michael Jackson,michael.jackson.772@example.com
9354,Sophia Brown,sophia.brown.467@testmail.com
9355,Richard Jackson,richard.jackson.334@mail.net
9356,Jane Brown,jane.brown.929@rdbms.dev
9357,Michael White,michael.white.729@techcorp.org
9358,Amelia Miller,amelia.miller.491@techcorp.org
9359,Michael Harris,michael.harris.641@mail.net
9360,David Sanchez,david.sanchez.726@rdbms.dev
9361,Isabella Ramirez,isabella.ramirez.200@rdbms.dev
9362,Richard Perez,richard.perez.310@mail.net
9363,David Thompson,david.thompson.158@testmail.com
9364,Jane White,jane.white.259@techcorp.org
9365,Michael Walker,michael.walker.628@rdbms.dev
9366,Joseph White,joseph.white.177@mail.net
9367,John Walker,john.walker.479@rdbms.dev
9368,Olivia Johnson,olivia.johnson.152@techcorp.org
9369,Charlotte Perez,charlotte.perez.548@mail.net
9370,Robert Walker,robert.walker.107@example.com
9371,Robert Ramirez,robert.ramirez.566@techcorp.org
9372,John Smith,john.smith.595@techcorp.org
9373,Jane Moore,jane.moore.629@rdbms.dev
9374,John Perez,john.perez.822@rdbms.dev
9375,Amelia Moore,amelia.moore.781@mail.net
9376,Ava Miller,ava.miller.283@example.com
9377,Mia Taylor,mia.taylor.975@techcorp.org
9378,Richard Sanchez,richard.sanchez.421@mail.net
9379,Emily Thompson,emily.thompson.562@techcorp.org
9380,Charles Smith,charles.smith.816@testmail.com
9381,Thomas White,thomas.white.489@example.com
9382,David Clark,david.clark.899@rdbms.dev
9383,Ava Sanchez,ava.sanchez.371@mail.net
9384,Isabella Smith,isabella.smith.714@testmail.com
9385,Michael Jackson,michael.jackson.727@testmail.com
9386,Richard Miller,richard.miller.834@techcorp.org
9387,Richard Martin,richard.martin.824@techcorp.org
9388,William Sanchez,william.sanchez.292@example.com
9389,Isabella Sanchez,isabella.sanchez.348@techcorp.org
9390,Isabella Moore,isabella.moore.895@example.com
9391,Charles Miller,charles.miller.313@techcorp.org
9392,David Clark,david.clark.874@example.com
9393,Isabella Moore,isabella.moore.652@techcorp.org
9394,James Robinson,james.robinson.778@testmail.com
9395,Olivia Sanchez,olivia.sanchez.822@mail.net
9396,Isabella Johnson,isabella.johnson.121@testmail.com
9397,Robert Moore,robert.moore.420@mail.net
9398,Michael Robinson,michael.robinson.862@testmail.com
9399,James Robinson,james.robinson.632@rdbms.dev
9400,Sophia Wilson,sophia.wilson.764@techcorp.org
9401,Amelia Robinson,amelia.robinson.227@example.com
9402,Jane Walker,jane.walker.157@techcorp.org
9403,Thomas Smith,thomas.smith.157@mail.net
9404,Michael Ramirez,michael.ramirez.108@techcorp.org
9405,John Robinson,john.robinson.548@example.com
9406,Jane Jackson,jane.jackson.220@techcorp.org
9407,Jane Jackson,jane.jackson.845@example.com
9408,Robert Smith,robert.smith.840@rdbms.dev
9409,Charles Jackson,charles.jackson.446@mail.net
9410,Sophia Walker,sophia.walker.888@rdbms.dev
9411,Charles Walker,charles.walker.890@mail.net
9412,Emma Martin,emma.martin.661@techcorp.org
9413,Michael Robinson,michael.robinson.378@techcorp.org
9414,William Miller,william.miller.955@example.com
9415,Jane Martin,jane.martin.528@mail.net
9416,James Lewis,james.lewis.463@rdbms.dev
9417,Emma Jackson,emma.jackson.726@techcorp.org
9418,Joseph Jackson,joseph.jackson.513@techcorp.org
9419,Amelia Thompson,amelia.thompson.718@testmail.com
9420,John Miller,john.miller.616@example.com
9421,Ava Ramirez,ava.ramirez.217@techcorp.org
9422,Emma Smith,emma.smith.833@techcorp.org
9423,Amelia Johnson,amelia.johnson.724@rdbms.dev
9424,Charles White,charles.white.508@rdbms.dev
9425,John Thompson,john.thompson.405@rdbms.dev
9426,William Lee,william.lee.880@rdbms.dev
9427,Joseph Martin,joseph.martin.136@example.com
9428,Jane Jackson,jane.jackson.794@techcorp.org
9429,Robert Lewis,robert.lewis.882@testmail.com
9430,Jane Wilson,jane.wilson.906@techcorp.org
9431,Thomas Lewis,thomas.lewis.583@testmail.com
9432,James Taylor,james.taylor.197@rdbms.dev
9433,John Ramirez,john.ramirez.365@techcorp.org
9434,Thomas Martin,thomas.martin.822@example.com
9435,Mia Jackson,mia.jackson.717@example.com
9436,Joseph Lewis,joseph.lewis.815@testmail.com
9437,Mia Walker,mia.walker.583@techcorp.org
9438,Isabella Brown,isabella.brown.973@example.com
9439,Amelia Johnson,amelia.johnson.667@techcorp.org
9440,Richard Moore,richard.moore.362@testmail.com
9441,James Miller,james.miller.319@mail.net
9442,Charlotte Perez,charlotte.perez.295@testmail.com
9443,David Moore,david.moore.755@techcorp.org
9444,Mia Miller,mia.miller.368@techcorp.org
9445,Jane Walker,jane.walker.465@example.com
9446,Jane White,jane.white.643@testmail.com
9447,Robert Johnson,robert.johnson.854@techcorp.org
9448,Olivia Clark,olivia.clark.478@example.com
9449,Charles Harris,charles.harris.341@testmail.com
9450,Michael Lewis,michael.lewis.871@mail.net
9451,James White,james.white.311@techcorp.org
9452,William Wilson,william.wilson.917@techcorp.org
9453,Mia Brown,mia.brown.338@testmail.com
9454,Joseph Lee,joseph.lee.945@testmail.com
9455,Michael Martin,michael.martin.755@techcorp.org
9456,Jane Martin,jane.martin.821@mail.net
9457,Ava White,ava.white.112@testmail.com
9458,Michael Moore,michael.moore.481@mail.net
9459,Olivia Walker,olivia.walker.192@techcorp.org
9460,John Moore,john.moore.177@techcorp.org
9461,Michael Clark,michael.clark.866@example.com
9462,Amelia Harris,amelia.harris.593@example.com
9463,Amelia Jackson,amelia.jackson.648@mail.net
9464,David Taylor,david.taylor.511@testmail.com
9465,David Thompson,david.thompson.593@mail.net
9466,David Wilson,david.wilson.391@techcorp.org
9467,Ava Smith,ava.smith.582@testmail.com
9468,Ava Clark,ava.clark.426@rdbms.dev
9469,William Clark,william.clark.802@mail.net
9470,Michael Brown,michael.brown.829@mail.net
9471,Emily Harris,emily.harris.476@example.com
9472,Emma Moore,emma.moore.474@techcorp.org
9473,Mia Clark,mia.clark.462@example.com
9474,Charlotte Harris,charlotte.harris.998@rdbms.dev
9475,Mia Sanchez,mia.sanchez.290@rdbms.dev
9476,Robert Thompson,robert.thompson.794@testmail.com
9477,Richard Sanchez,richard.sanchez.724@rdbms.dev
9478,Michael Perez,michael.perez.179@techcorp.org
9479,William Miller,william.miller.139@example.com
9480,Jane Taylor,jane.taylor.106@rdbms.dev
9481,Isabella Walker,isabella.walker.951@techcorp.org
9482,Ava Taylor,ava.taylor.415@rdbms.dev
9483,Richard Brown,richard.brown.102@rdbms.dev
9484,David Sanchez,david.sanchez.573@rdbms.dev
9485,Mia Taylor,mia.taylor.251@example.com
9486,Robert Ramirez,robert.ramirez.463@example.com
9487,Emma White,emma.white.598@rdbms.dev
9488,Mia Johnson,mia.johnson.374@mail.net
9489,Mia Ramirez,mia.ramirez.232@testmail.com
9490,John Lee,john.lee.684@example.com
9491,Amelia Perez,amelia.perez.430@testmail.com
9492,John Robinson,john.robinson.170@example.com
9493,Thomas Walker,thomas.walker.609@rdbms.dev
9494,Jane Ramirez,jane.ramirez.437@example.com
9495,James Lee,james.lee.799@techcorp.org
9496,Joseph Brown,joseph.brown.977@example.com
9497,Richard Sanchez,richard.sanchez.633@techcorp.org
9498,John Miller,john.miller.315@rdbms.dev
9499,Charles Ramirez,charles.ramirez.925@mail.net
9500,David Robinson,david.robinson.470@techcorp.org
9501,Mia Miller,mia.miller.983@mail.net
9502,Mia Taylor,mia.taylor.985@techcorp.org
9503,Joseph Taylor,joseph.taylor.321@techcorp.org
9504,Michael Martin,michael.martin.155@mail.net
9505,Emily Miller,emily.miller.480@mail.net
9506,Thomas Lee,thomas.lee.718@techcorp.org
9507,John Moore,john.moore.209@rdbms.dev
9508,Joseph Lewis,joseph.lewis.728@example.com
9509,Michael Taylor,michael.taylor.114@example.com
9510,William Harris,william.harris.350@rdbms.dev
9511,Charlotte Harris,charlotte.harris.618@example.com
9512,Charles Sanchez,charles.sanchez.809@testmail.com
9513,Joseph Brown,joseph.brown.842@techcorp.org
9514,Emily Thompson,emily.thompson.683@rdbms.dev
9515,Robert Ramirez,robert.ramirez.928@rdbms.dev
9516,James Wilson,james.wilson.301@example.com
9517,Charlotte Jackson,charlotte.jackson.506@example.com
9518,Isabella Jackson,isabella.jackson.609@example.com
9519,Isabella Harris,isabella.harris.300@testmail.com
9520,Charles Jackson,charles.jackson.544@example.com
9521,John Walker,john.walker.196@techcorp.org
9522,Charles Harris,charles.harris.464@testmail.com
9523,James Wilson,james.wilson.157@testmail.com
9524,William Taylor,william.taylor.108@testmail.com
9525,Mia Sanchez,mia.sanchez.116@example.com
9526,Olivia Wilson,olivia.wilson.621@rdbms.dev
9527,Emma Ramirez,emma.ramirez.734@rdbms.dev
9528,Ava Lee,ava.lee.316@testmail.com
9529,Jane Perez,jane.perez.673@testmail.com
9530,Robert Ramirez,robert.ramirez.858@mail.net
9531,William Moore,william.moore.960@mail.net
9532,Joseph Sanchez,joseph.sanchez.507@techcorp.org
9533,Mia Walker,mia.walker.876@example.com
9534,Isabella Harris,isabella.harris.513@testmail.com
9535,Robert Perez,robert.perez.831@rdbms.dev
9536,William Moore,william.moore.104@mail.net
9537,Emma White,emma.white.691@mail.net
9538,Amelia Harris,amelia.harris.568@testmail.com
9539,David Robinson,david.robinson.733@techcorp.org
9540,Olivia Ramirez,olivia.ramirez.959@techcorp.org
9541,Sophia Jackson,sophia.jackson.932@techcorp.org
9542,Sophia Martin,sophia.martin.767@testmail.com
9543,Robert Lee,robert.lee.286@rdbms.dev
9544,Jane Thompson,jane.thompson.801@mail.net
9545,Emma Thompson,emma.thompson.622@example.com
9546,James Perez,james.perez.230@mail.net
9547,Isabella Johnson,isabella.johnson.719@techcorp.org
9548,Jane Taylor,jane.taylor.291@example.com
9549,David Wilson,david.wilson.654@mail.net
9550,David Sanchez,david.sanchez.937@mail.net
9551,Thomas Clark,thomas.clark.440@mail.net
9552,William Johnson,william.johnson.569@techcorp.org
9553,Sophia Harris,sophia.harris.449@mail.net
9554,Joseph Johnson,joseph.johnson.784@testmail.com
9555,James Lewis,james.lewis.624@example.com
9556,Joseph Perez,joseph.perez.854@example.com
9557,Jane Martin,jane.martin.398@rdbms.dev
9558,Thomas Wilson,thomas.wilson.211@techcorp.org
9559,John Lee,john.lee.920@rdbms.dev
9560,Sophia Wilson,sophia.wilson.777@testmail.com
9561,Michael Sanchez,michael.sanchez.494@testmail.com
9562,Richard White,richard.white.675@techcorp.org
9563,Charles Johnson,charles.johnson.646@techcorp.org
9564,Charlotte Walker,charlotte.walker.284@testmail.com
9565,Thomas Jackson,thomas.jackson.396@example.com
9566,Olivia Jackson,olivia.jackson.514@example.com
9567,Olivia Taylor,olivia.taylor.667@rdbms.dev
9568,David Robinson,david.robinson.253@example.com
9569,Michael Ramirez,michael.ramirez.752@rdbms.dev
9570,Richard Wilson,richard.wilson.943@testmail.com
9571,Charles Smith,charles.smith.719@mail.net
9572,Sophia Sanchez,sophia.sanchez.704@mail.net
9573,John Brown,john.brown.880@rdbms.dev
9574,Mia White,mia.white.785@example.com
9575,Isabella White,isabella.white.618@rdbms.dev
9576,Robert Lewis,robert.lewis.779@mail.net
9577,Charlotte Brown,charlotte.brown.719@testmail.com
9578,Robert Lewis,robert.lewis.452@mail.net
9579,Thomas Ramirez,thomas.ramirez.666@rdbms.dev
9580,Emily Brown,emily.brown.211@mail.net
9581,Isabella White,isabella.white.143@testmail.com
9582,Charlotte Walker,charlotte.walker.824@testmail.com
9583,Thomas Robinson,thomas.robinson.940@example.com
9584,Sophia Wilson,sophia.wilson.905@testmail.com
9585,Michael White,michael.white.935@example.com
9586,David Harris,david.harris.774@example.com
9587,Emma Perez,emma.perez.245@rdbms.dev
9588,Joseph Moore,joseph.moore.562@rdbms.dev
9589,John Taylor,john.taylor.189@techcorp.org
9590,William Wilson,william.wilson.934@techcorp.org
9591,Olivia Robinson,olivia.robinson.714@example.com
9592,Charlotte Clark,charlotte.clark.186@mail.net
9593,Olivia Perez,olivia.perez.306@example.com
9594,Thomas Moore,thomas.moore.397@mail.net
9595,Sophia Harris,sophia.harris.156@testmail.com
9596,Charles White,charles.white.907@techcorp.org
9597,Thomas Robinson,thomas.robinson.701@example.com
9598,Michael Robinson,michael.robinson.229@mail.net
9599,James Clark,james.clark.927@rdbms.dev
9600,Joseph Ramirez,joseph.ramirez.641@mail.net
9601,Richard Taylor,richard.taylor.606@techcorp.org
9602,Richard Lee,richard.lee.867@testmail.com
9603,Amelia Thompson,amelia.thompson.511@testmail.com
9604,Charles Harris,charles.harris.291@mail.net
9605,Jane Wilson,jane.wilson.390@mail.net
9606,Mia Smith,mia.smith.140@rdbms.dev
9607,Joseph Lee,joseph.lee.431@testmail.com
9608,David Taylor,david.taylor.588@rdbms.dev
9609,Joseph Harris,joseph.harris.357@mail.net
9610,James Sanchez,james.sanchez.687@techcorp.org
9611,James Brown,james.brown.621@techcorp.org
9612,Sophia Lewis,sophia.lewis.340@mail.net
9613,James Robinson,james.robinson.928@example.com
9614,Joseph Lewis,joseph.lewis.478@testmail.com
9615,Ava Walker,ava.walker.460@techcorp.org
9616,Emma Sanchez,emma.sanchez.497@techcorp.org
9617,Robert Perez,robert.perez.443@techcorp.org
9618,Emily Lee,emily.lee.948@mail.net
9619,Michael Harris,michael.harris.511@testmail.com
9620,Robert Walker,robert.walker.656@rdbms.dev
9621,William Martin,william.martin.665@techcorp.org
9622,Jane Ramirez,jane.ramirez.727@mail.net
9623,Sophia Martin,sophia.martin.299@mail.net
9624,Emily Miller,emily.miller.170@rdbms.dev
9625,Robert Sanchez,robert.sanchez.495@example.com
9626,Emma Lee,emma.lee.523@example.com
9627,Richard Clark,richard.clark.330@mail.net
9628,Charles Martin,charles.martin.679@mail.net
9629,Mia Sanchez,mia.sanchez.753@techcorp.org
9630,Richard Robinson,richard.robinson.804@rdbms.dev
9631,William Lewis,william.lewis.725@techcorp.org
9632,Emily Sanchez,emily.sanchez.908@mail.net
9633,Charles Taylor,charles.taylor.799@example.com
9634,Thomas Miller,thomas.miller.415@example.com
9635,James Thompson,james.thompson.258@testmail.com
9636,Isabella Harris,isabella.harris.448@testmail.com
9637,Mia Thompson,mia.thompson.948@rdbms.dev
9638,Sophia Taylor,sophia.taylor.189@testmail.com
9639,Thomas White,thomas.white.666@mail.net
9640,Sophia Wilson,sophia.wilson.188@mail.net
9641,Mia Lee,mia.lee.824@example.com
9642,Amelia White,amelia.white.507@testmail.com
9643,Robert Brown,robert.brown.230@example.com
9644,John Moore,john.moore.527@testmail.com
9645,Joseph Brown,joseph.brown.126@testmail.com
9646,William Clark,william.clark.856@techcorp.org
9647,Isabella Miller,isabella.miller.561@example.com
9648,John Smith,john.smith.520@mail.net
9649,Jane Smith,jane.smith.989@techcorp.org
9650,Ava Martin,ava.martin.952@testmail.com
9651,Emily Ramirez,emily.ramirez.617@rdbms.dev
9652,James Lee,james.lee.434@testmail.com
9653,Charles Walker,charles.walker.428@mail.net
9654,Isabella Robinson,isabella.robinson.991@mail.net
9655,John Moore,john.moore.655@rdbms.dev
9656,James Lewis,james.lewis.604@mail.net
9657,Joseph Sanchez,joseph.sanchez.181@mail.net
9658,Olivia Smith,olivia.smith.608@example.com
9659,Robert Lee,robert.lee.748@testmail.com
9660,Michael Moore,michael.moore.433@example.com
9661,Ava Jackson,ava.jackson.974@rdbms.dev
9662,Richard Harris,richard.harris.693@example.com
9663,Olivia Ramirez,olivia.ramirez.425@example.com
9664,William Robinson,william.robinson.213@rdbms.dev
9665,Jane Martin,jane.martin.670@example.com
9666,Emily Thompson,emily.thompson.960@mail.net
9667,Emma Lewis,emma.lewis.895@example.com
9668,Thomas Johnson,thomas.johnson.789@techcorp.org
9669,Mia Johnson,mia.johnson.441@techcorp.org
9670,Charles Taylor,charles.taylor.225@example.com
9671,William Martin,william.martin.885@rdbms.dev
9672,Emma Johnson,emma.johnson.724@testmail.com
9673,Olivia Martin,olivia.martin.317@testmail.com
9674,David Sanchez,david.sanchez.438@testmail.com
9675,Joseph Taylor,joseph.taylor.811@rdbms.dev
9676,Thomas Martin,thomas.martin.429@testmail.com
9677,Emily Taylor,emily.taylor.379@mail.net
9678,John Smith,john.smith.913@techcorp.org
9679,Olivia Miller,olivia.miller.774@example.com
9680,Richard Brown,richard.brown.869@rdbms.dev
9681,Emma Robinson,emma.robinson.882@mail.net
9682,Charles Miller,charles.miller.141@mail.net
9683,Emma Miller,emma.miller.235@example.com
9684,Richard Johnson,richard.johnson.743@example.com
9685,Michael Thompson,michael.thompson.411@techcorp.org
9686,Thomas Johnson,thomas.johnson.850@techcorp.org
9687,Mia Perez,mia.perez.396@mail.net
9688,Ava Lee,ava.lee.859@example.com
9689,Ava Clark,ava.clark.154@mail.net
9690,Emily Moore,emily.moore.562@testmail.com
9691,Thomas Clark,thomas.clark.627@techcorp.org
9692,Thomas Perez,thomas.perez.402@example.com
9693,William Walker,william.walker.549@techcorp.org
9694,Charlotte Walker,charlotte.walker.979@testmail.com
9695,Olivia Brown,olivia.brown.572@rdbms.dev
9696,Jane Miller,jane.miller.512@example.com
9697,Thomas Perez,thomas.perez.823@mail.net
9698,Olivia Taylor,olivia.taylor.961@testmail.com
9699,Mia Clark,mia.clark.208@rdbms.dev
9700,Isabella Lewis,isabella.lewis.587@techcorp.org
9701,Thomas Ramirez,thomas.ramirez.776@example.com
9702,Emma Harris,emma.harris.199@rdbms.dev
9703,Michael White,michael.white.387@example.com
9704,Emily Thompson,emily.thompson.116@example.com
9705,James Clark,james.clark.520@rdbms.dev
9706,Isabella Jackson,isabella.jackson.732@rdbms.dev
9707,Emma Jackson,emma.jackson.640@techcorp.org
9708,Jane Smith,jane.smith.501@testmail.com
9709,Richard Clark,richard.clark.471@testmail.com
9710,Richard Wilson,richard.wilson.781@testmail.com
9711,Olivia Smith,olivia.smith.869@mail.net
9712,Sophia Ramirez,sophia.ramirez.276@rdbms.dev
9713,Isabella Lewis,isabella.lewis.805@testmail.com
9714,David Walker,david.walker.193@rdbms.dev
9715,John Clark,john.clark.224@techcorp.org
9716,William Sanchez,william.sanchez.257@mail.net
9717,Joseph Walker,joseph.walker.130@mail.net
9718,William Smith,william.smith.349@mail.net
9719,Robert Robinson,robert.robinson.115@example.com
9720,Sophia Walker,sophia.walker.929@mail.net
9721,Amelia Ramirez,amelia.ramirez.469@techcorp.org
9722,Jane Walker,jane.walker.323@techcorp.org
9723,Sophia Wilson,sophia.wilson.723@testmail.com
9724,Emma Clark,emma.clark.413@mail.net
9725,Jane Taylor,jane.taylor.292@example.com
9726,Jane Johnson,jane.johnson.231@rdbms.dev
9727,Ava Taylor,ava.taylor.199@testmail.com
9728,Ava Smith,ava.smith.919@rdbms.dev
9729,John Lee,john.lee.677@testmail.com
9730,Michael Clark,michael.clark.135@example.com
9731,Charlotte Lee,charlotte.lee.598@rdbms.dev
9732,Isabella Walker,isabella.walker.233@techcorp.org
9733,Jane Moore,jane.moore.422@techcorp.org
9734,Mia Walker,mia.walker.240@techcorp.org
9735,James Clark,james.clark.500@mail.net
9736,Emily Moore,emily.moore.736@rdbms.dev
9737,Isabella White,isabella.white.996@rdbms.dev
9738,Emma Brown,emma.brown.599@example.com
9739,James Jackson,james.jackson.331@mail.net
9740,Olivia Smith,olivia.smith.565@techcorp.org
9741,Richard Harris,richard.harris.693@mail.net
9742,William Wilson,william.wilson.536@mail.net
9743,Ava Johnson,ava.johnson.914@rdbms.dev
9744,Isabella Robinson,isabella.robinson.747@testmail.com
9745,Sophia Jackson,sophia.jackson.291@example.com
9746,John Brown,john.brown.170@rdbms.dev
9747,Robert Wilson,robert.wilson.417@techcorp.org
9748,James Perez,james.perez.615@techcorp.org
9749,Joseph Harris,joseph.harris.357@techcorp.org
9750,Joseph Lewis,joseph.lewis.863@example.com
9751,Ava Lewis,ava.lewis.423@testmail.com
9752,Olivia Sanchez,olivia.sanchez.137@rdbms.dev
9753,Isabella Sanchez,isabella.sanchez.490@mail.net
9754,James Lee,james.lee.432@testmail.com
9755,Thomas Clark,thomas.clark.436@testmail.com
9756,James Lee,james.lee.269@testmail.com
9757,James Lewis,james.lewis.438@example.com
9758,Charles Jackson,charles.jackson.885@mail.net
9759,Sophia Perez,sophia.perez.652@mail.net
9760,Amelia Martin,amelia.martin.797@rdbms.dev
9761,Joseph Clark,joseph.clark.474@mail.net
9762,Joseph Taylor,joseph.taylor.935@techcorp.org
9763,Sophia Clark,sophia.clark.328@rdbms.dev
9764,Michael Clark,michael.clark.328@example.com
9765,Ava Robinson,ava.robinson.440@rdbms.dev
9766,Mia Jackson,mia.jackson.555@mail.net
9767,Jane Wilson,jane.wilson.830@testmail.com
9768,David Robinson,david.robinson.874@testmail.com
9769,Thomas Wilson,thomas.wilson.823@mail.net
9770,Emily Jackson,emily.jackson.731@example.com
9771,William Walker,william.walker.534@testmail.com
9772,Charles Smith,charles.smith.110@example.com
9773,William Ramirez,william.ramirez.140@example.com
9774,Emily Taylor,emily.taylor.913@testmail.com
9775,Sophia Johnson,sophia.johnson.818@example.com
9776,William Smith,william.smith.645@example.com
9777,Ava Sanchez,ava.sanchez.127@testmail.com
9778,Amelia Harris,amelia.harris.373@example.com
9779,David White,david.white.418@testmail.com
9780,James Sanchez,james.sanchez.973@example.com
9781,James Perez,james.perez.335@rdbms.dev
9782,David White,david.white.490@rdbms.dev
9783,Amelia White,amelia.white.534@example.com
9784,Charlotte White,charlotte.white.835@rdbms.dev
9785,Amelia Smith,amelia.smith.533@rdbms.dev
9786,Amelia Harris,amelia.harris.913@testmail.com
9787,Isabella Thompson,isabella.thompson.856@mail.net
9788,David Taylor,david.taylor.677@testmail.com
9789,Thomas White,thomas.white.195@techcorp.org
9790,Emma Moore,emma.moore.256@techcorp.org
9791,Emma Thompson,emma.thompson.764@testmail.com
9792,Joseph Lewis,joseph.lewis.811@mail.net
9793,Emma Jackson,emma.jackson.588@example.com
9794,Isabella Clark,isabella.clark.316@example.com
9795,Michael Moore,michael.moore.317@example.com
9796,Michael Martin,michael.martin.534@example.com
9797,Jane Johnson,jane.johnson.428@mail.net
9798,James Brown,james.brown.581@testmail.com
9799,Robert Wilson,robert.wilson.231@techcorp.org
9800,Joseph Walker,joseph.walker.382@testmail.com
9801,Michael Harris,michael.harris.927@techcorp.org
9802,Michael Miller,michael.miller.102@mail.net
9803,Joseph Lee,joseph.lee.457@techcorp.org
9804,Isabella Martin,isabella.martin.293@example.com
9805,Charles Wilson,charles.wilson.989@example.com
9806,Robert Miller,robert.miller.631@example.com
9807,Isabella Johnson,isabella.johnson.390@rdbms.dev
9808,James Ramirez,james.ramirez.924@mail.net
9809,Emma Martin,emma.martin.809@rdbms.dev
9810,Jane Taylor,jane.taylor.310@rdbms.dev
9811,Richard White,richard.white.956@mail.net
9812,James Robinson,james.robinson.423@mail.net
9813,James Johnson,james.johnson.721@techcorp.org
9814,Olivia Robinson,olivia.robinson.694@mail.net
9815,James Walker,james.walker.192@techcorp.org
9816,Emily Moore,emily.moore.592@techcorp.org
9817,Charles Clark,charles.clark.658@techcorp.org
9818,Charles Johnson,charles.johnson.587@testmail.com
9819,Charles White,charles.white.890@testmail.com
9820,Charles Miller,charles.miller.810@mail.net
9821,Emily Robinson,emily.robinson.662@mail.net
9822,Ava Martin,ava.martin.132@testmail.com
9823,Jane Brown,jane.brown.451@mail.net
9824,Emily Johnson,emily.johnson.709@techcorp.org
9825,James White,james.white.987@mail.net
9826,Thomas Thompson,thomas.thompson.138@example.com
9827,David Smith,david.smith.552@mail.net
9828,Robert Clark,robert.clark.529@mail.net
9829,William Ramirez,william.ramirez.277@techcorp.org
9830,Charles Smith,charles.smith.589@example.com
9831,Sophia Ramirez,sophia.ramirez.504@techcorp.org
9832,Mia Sanchez,mia.sanchez.386@techcorp.org
9833,Charles Robinson,charles.robinson.225@mail.net
9834,Emma Martin,emma.martin.470@rdbms.dev
9835,Emily Wilson,emily.wilson.820@testmail.com
9836,Jane Martin,jane.martin.688@mail.net
9837,John Clark,john.clark.271@techcorp.org
9838,Charles Miller,charles.miller.779@techcorp.org
9839,Jane Harris,jane.harris.188@testmail.com
9840,John Johnson,john.johnson.504@techcorp.org
9841,David Perez,david.perez.428@testmail.com
9842,Amelia Moore,amelia.moore.879@example.com
9843,Richard Martin,richard.martin.568@example.com
9844,Amelia Thompson,amelia.thompson.577@testmail.com
9845,Emma Brown,emma.brown.271@example.com
9846,Jane Robinson,jane.robinson.965@example.com
9847,Charles Johnson,charles.johnson.379@rdbms.dev
9848,John Sanchez,john.sanchez.579@example.com
9849,Emma Lee,emma.lee.997@testmail.com
9850,Amelia Clark,amelia.clark.656@mail.net
9851,Thomas Perez,thomas.perez.432@rdbms.dev
9852,Isabella Brown,isabella.brown.305@example.com
9853,Amelia Thompson,amelia.thompson.718@techcorp.org
9854,Charlotte Sanchez,charlotte.sanchez.493@mail.net
9855,Ava Sanchez,ava.sanchez.291@testmail.com
9856,Richard Harris,richard.harris.115@testmail.com
9857,William Johnson,william.johnson.401@example.com
9858,Ava Robinson,ava.robinson.916@rdbms.dev
9859,Ava Taylor,ava.taylor.777@mail.net
9860,Charlotte Brown,charlotte.brown.871@rdbms.dev
9861,Sophia White,sophia.white.244@testmail.com
9862,Isabella Clark,isabella.clark.715@testmail.com
9863,Michael Wilson,michael.wilson.981@mail.net
9864,Olivia Harris,olivia.harris.717@testmail.com
9865,Joseph Harris,joseph.harris.884@example.com
9866,Amelia Ramirez,amelia.ramirez.530@example.com
9867,Ava Smith,ava.smith.409@rdbms.dev
9868,Michael Lewis,michael.lewis.144@techcorp.org
9869,Olivia Smith,olivia.smith.807@testmail.com
9870,Michael White,michael.white.824@mail.net
9871,Amelia Clark,amelia.clark.176@example.com
9872,Michael Wilson,michael.wilson.402@example.com
9873,Joseph Clark,joseph.clark.923@mail.net
9874,Richard Clark,richard.clark.227@mail.net
9875,Jane Johnson,jane.johnson.381@testmail.com
9876,Emma Perez,emma.perez.410@techcorp.org
9877,Thomas Miller,thomas.miller.396@testmail.com
9878,Jane Walker,jane.walker.702@rdbms.dev
9879,Olivia Jackson,olivia.jackson.467@rdbms.dev
9880,Amelia Thompson,amelia.thompson.985@example.com
9881,Jane Lewis,jane.lewis.537@rdbms.dev
9882,Charlotte Taylor,charlotte.taylor.985@testmail.com
9883,Robert Clark,robert.clark.709@mail.net
9884,Thomas Perez,thomas.perez.990@example.com
9885,Sophia Jackson,sophia.jackson.178@mail.net
9886,Joseph Martin,joseph.martin.119@techcorp.org
9887,Richard Moore,richard.moore.616@techcorp.org
9888,David Moore,david.moore.923@rdbms.dev
9889,Michael Wilson,michael.wilson.801@techcorp.org
9890,Emma Sanchez,emma.sanchez.105@techcorp.org
9891,William Wilson,william.wilson.419@rdbms.dev
9892,Richard Thompson,richard.thompson.890@rdbms.dev
9893,Robert Smith,robert.smith.112@testmail.com
9894,Charles Taylor,charles.taylor.343@testmail.com
9895,Ava Robinson,ava.robinson.513@rdbms.dev
9896,David Brown,david.brown.751@rdbms.dev
9897,Amelia Wilson,amelia.wilson.203@rdbms.dev
9898,Amelia White,amelia.white.657@techcorp.org
9899,Sophia Miller,sophia.miller.532@mail.net
9900,Amelia Lewis,amelia.lewis.477@mail.net
9901,Isabella White,isabella.white.183@techcorp.org
9902,Isabella Clark,isabella.clark.309@techcorp.org
9903,Mia White,mia.white.596@testmail.com
9904,Joseph Robinson,joseph.robinson.920@mail.net
9905,Isabella Wilson,isabella.wilson.826@testmail.com
9906,Ava Walker,ava.walker.338@example.com
9907,John Taylor,john.taylor.144@testmail.com
9908,Mia Robinson,mia.robinson.737@testmail.com
9909,John Taylor,john.taylor.327@rdbms.dev
9910,Robert Lewis,robert.lewis.211@testmail.com
9911,Emma Clark,emma.clark.246@mail.net
9912,Michael Lee,michael.lee.713@example.com
9913,Sophia Johnson,sophia.johnson.263@testmail.com
9914,William Jackson,william.jackson.136@rdbms.dev
9915,Richard Lewis,richard.lewis.170@techcorp.org
9916,Olivia Lee,olivia.lee.795@rdbms.dev
9917,Amelia Wilson,amelia.wilson.390@mail.net
9918,James White,james.white.456@testmail.com
9919,John Ramirez,john.ramirez.863@techcorp.org
9920,Isabella Wilson,isabella.wilson.202@mail.net
9921,Richard Clark,richard.clark.787@rdbms.dev
9922,Isabella Walker,isabella.walker.167@testmail.com
9923,William Wilson,william.wilson.737@example.com
9924,John Ramirez,john.ramirez.944@techcorp.org
9925,Mia Walker,mia.walker.577@mail.net
9926,Michael Clark,michael.clark.847@rdbms.dev
9927,Michael Moore,michael.moore.748@mail.net
9928,Mia Perez,mia.perez.596@mail.net
9929,Mia Wilson,mia.wilson.196@example.com
9930,Jane Jackson,jane.jackson.391@mail.net
9931,Ava Brown,ava.brown.985@techcorp.org
9932,John Thompson,john.thompson.951@mail.net
9933,Michael Taylor,michael.taylor.594@testmail.com
9934,Sophia Johnson,sophia.johnson.173@testmail.com
9935,David Walker,david.walker.953@mail.net
9936,Richard Clark,richard.clark.578@testmail.com
9937,Jane Thompson,jane.thompson.124@mail.net
9938,David Moore,david.moore.799@rdbms.dev
9939,Thomas Perez,thomas.perez.123@mail.net
9940,Michael Ramirez,michael.ramirez.254@testmail.com
9941,Emma Lewis,emma.lewis.320@example.com
9942,David Smith,david.smith.628@rdbms.dev
9943,William Smith,william.smith.855@testmail.com
9944,Michael Jackson,michael.jackson.258@mail.net
9945,Richard Sanchez,richard.sanchez.173@rdbms.dev
9946,Robert Perez,robert.perez.755@rdbms.dev
9947,Charlotte Moore,charlotte.moore.444@mail.net
9948,James Perez,james.perez.627@rdbms.dev
9949,Sophia Lewis,sophia.lewis.229@mail.net
9950,Isabella Taylor,isabella.taylor.776@example.com
9951,James Clark,james.clark.400@example.com
9952,Emma Harris,emma.harris.561@example.com
9953,Olivia Robinson,olivia.robinson.403@example.com
9954,Olivia Miller,olivia.miller.541@techcorp.org
9955,Olivia Martin,olivia.martin.861@techcorp.org
9956,Ava Johnson,ava.johnson.800@testmail.com
9957,Emma Clark,emma.clark.439@mail.net
9958,Emily Sanchez,emily.sanchez.136@rdbms.dev
9959,Thomas Smith,thomas.smith.165@techcorp.org
9960,Emily Clark,emily.clark.292@rdbms.dev
9961,Richard Martin,richard.martin.636@mail.net
9962,Richard White,richard.white.102@testmail.com
9963,Michael Ramirez,michael.ramirez.392@testmail.com
9964,Thomas Robinson,thomas.robinson.359@mail.net
9965,William Taylor,william.taylor.117@testmail.com
9966,Olivia Walker,olivia.walker.838@mail.net
9967,Amelia Walker,amelia.walker.503@rdbms.dev
9968,David Walker,david.walker.954@rdbms.dev
9969,Emily Sanchez,emily.sanchez.579@example.com
9970,Mia Thompson,mia.thompson.929@rdbms.dev
9971,James Brown,james.brown.593@testmail.com
9972,James Harris,james.harris.471@testmail.com
9973,Richard Smith,richard.smith.646@rdbms.dev
9974,Olivia Johnson,olivia.johnson.872@example.com
9975,James Sanchez,james.sanchez.365@example.com
9976,Sophia Lee,sophia.lee.179@testmail.com
9977,Olivia Robinson,olivia.robinson.981@example.com
9978,Olivia Jackson,olivia.jackson.308@rdbms.dev
9979,Ava Robinson,ava.robinson.561@techcorp.org
9980,Thomas Johnson,thomas.johnson.166@example.com
9981,David Moore,david.moore.818@testmail.com
9982,William Robinson,william.robinson.684@mail.net
9983,Sophia Wilson,sophia.wilson.534@mail.net
9984,Robert Robinson,robert.robinson.769@rdbms.dev
9985,Joseph Jackson,joseph.jackson.584@testmail.com
9986,Charlotte Wilson,charlotte.wilson.713@example.com
9987,Mia White,mia.white.292@techcorp.org
9988,Emma Martin,emma.martin.964@techcorp.org
9989,Emily Miller,emily.miller.244@testmail.com
9990,Amelia Martin,amelia.martin.153@mail.net
9991,James Taylor,james.taylor.311@testmail.com
9992,James Lee,james.lee.947@example.com
9993,John Jackson,john.jackson.297@techcorp.org
9994,David Johnson,david.johnson.544@techcorp.org
9995,Jane Smith,jane.smith.401@mail.net
9996,James Moore,james.moore.456@mail.net
9997,Michael Thompson,michael.thompson.783@testmail.com
9998,Mia Robinson,mia.robinson.153@rdbms.dev
9999,Thomas Clark,thomas.clark.938@testmail.com
10000,Jane Harris,jane.harris.252@rdbms.dev
10001,Mia Ramirez,mia.ramirez.323@example.com
10002,Sophia Johnson,sophia.johnson.585@testmail.com
10003,Charlotte Lewis,charlotte.lewis.968@mail.net
10004,Sophia Brown,sophia.brown.351@rdbms.dev
10005,Jane Johnson,jane.johnson.686@techcorp.org
10006,John Sanchez,john.sanchez.726@example.com
10007,Mia Robinson,mia.robinson.452@mail.net
10008,David Perez,david.perez.497@mail.net
10009,Emma Martin,emma.martin.851@example.com
10010,Thomas Wilson,thomas.wilson.874@mail.net
10011,Isabella Martin,isabella.martin.615@testmail.com
10012,Olivia Thompson,olivia.thompson.216@testmail.com
10013,Richard Brown,richard.brown.252@testmail.com
10014,Robert Ramirez,robert.ramirez.369@example.com
10015,Charles White,charles.white.510@rdbms.dev
10016,Jane Johnson,jane.johnson.897@example.com
10017,Jane Smith,jane.smith.742@rdbms.dev
10018,Michael Ramirez,michael.ramirez.128@example.com
10019,William Lee,william.lee.774@rdbms.dev
10020,John Clark,john.clark.492@rdbms.dev
10021,Amelia Ramirez,amelia.ramirez.593@techcorp.org
10022,Olivia Jackson,olivia.jackson.223@testmail.com
10023,Richard Ramirez,richard.ramirez.678@testmail.com
10024,Robert Smith,robert.smith.777@testmail.com
10025,Olivia Miller,olivia.miller.455@techcorp.org
10026,Thomas Martin,thomas.martin.812@techcorp.org
10027,Amelia Jackson,amelia.jackson.104@mail.net
10028,Mia Brown,mia.brown.783@rdbms.dev
10029,Robert Sanchez,robert.sanchez.891@example.com
10030,David White,david.white.882@testmail.com
10031,Emma Miller,emma.miller.191@techcorp.org
10032,Thomas Johnson,thomas.johnson.288@testmail.com
10033,Isabella Wilson,isabella.wilson.575@techcorp.org
10034,William Jackson,william.jackson.191@techcorp.org
10035,Robert Lewis,robert.lewis.305@techcorp.org
10036,Emily Perez,emily.perez.649@mail.net
10037,Mia Harris,mia.harris.997@techcorp.org
10038,Emma Taylor,emma.taylor.760@rdbms.dev
10039,Richard Taylor,richard.taylor.781@example.com
10040,John Sanchez,john.sanchez.556@testmail.com
10041,Amelia Walker,amelia.walker.660@mail.net
10042,William Harris,william.harris.195@techcorp.org
10043,Ava Sanchez,ava.sanchez.416@techcorp.org
10044,Charlotte Thompson,charlotte.thompson.398@mail.net
10045,William Sanchez,william.sanchez.670@techcorp.org
10046,Charles Taylor,charles.taylor.898@testmail.com
10047,David Lee,david.lee.554@techcorp.org
10048,Emma Clark,emma.clark.764@techcorp.org
10049,Sophia Ramirez,sophia.ramirez.416@rdbms.dev
10050,Sophia Moore,sophia.moore.541@rdbms.dev
10051,William Thompson,william.thompson.848@rdbms.dev
10052,Thomas Sanchez,thomas.sanchez.225@rdbms.dev
10053,Emma Lee,emma.lee.243@techcorp.org
10054,Isabella Clark,isabella.clark.519@techcorp.org
10055,Olivia Clark,olivia.clark.953@techcorp.org
10056,Sophia Walker,sophia.walker.872@techcorp.org
10057,Mia Lee,mia.lee.728@mail.net
10058,Emma Lewis,emma.lewis.975@testmail.com
10059,Isabella Taylor,isabella.taylor.462@testmail.com
10060,Robert Johnson,robert.johnson.470@rdbms.dev
10061,Emily Jackson,emily.jackson.628@techcorp.org
10062,Amelia Johnson,amelia.johnson.727@testmail.com
10063,William Moore,william.moore.277@example.com
10064,Isabella Johnson,isabella.johnson.729@mail.net
10065,David Walker,david.walker.270@example.com
10066,Richard Smith,richard.smith.833@techcorp.org
10067,James Walker,james.walker.759@rdbms.dev
10068,David Sanchez,david.sanchez.550@mail.net
10069,William Moore,william.moore.925@rdbms.dev
10070,Amelia Brown,amelia.brown.867@mail.net
10071,Thomas Moore,thomas.moore.532@testmail.com
10072,Mia Ramirez,mia.ramirez.401@example.com
10073,Emma Walker,emma.walker.414@rdbms.dev
10074,Ava White,ava.white.488@rdbms.dev
10075,Olivia Thompson,olivia.thompson.436@techcorp.org
10076,Charlotte Brown,charlotte.brown.569@techcorp.org
10077,James Walker,james.walker.885@rdbms.dev
10078,Olivia Harris,olivia.harris.658@example.com
10079,Emily Sanchez,emily.sanchez.547@techcorp.org
10080,Ava Miller,ava.miller.691@mail.net
10081,Emma Robinson,emma.robinson.234@testmail.com
10082,James Martin,james.martin.112@techcorp.org
10083,Amelia Thompson,amelia.thompson.119@mail.net
10084,William Johnson,william.johnson.817@rdbms.dev
10085,Ava Miller,ava.miller.593@example.com
10086,Robert Miller,robert.miller.584@mail.net
10087,Charles Jackson,charles.jackson.629@example.com
10088,David Miller,david.miller.501@rdbms.dev
10089,Sophia Moore,sophia.moore.324@example.com
10090,Mia Harris,mia.harris.453@example.com
10091,Emily Perez,emily.perez.188@techcorp.org
10092,Thomas Robinson,thomas.robinson.943@example.com
10093,Thomas Thompson,thomas.thompson.430@rdbms.dev
10094,Thomas Smith,thomas.smith.265@testmail.com
10095,James Harris,james.harris.390@mail.net
10096,Robert Lewis,robert.lewis.302@mail.net
10097,John Perez,john.perez.267@rdbms.dev
10098,Sophia Brown,sophia.brown.621@rdbms.dev
10099,Isabella Sanchez,isabella.sanchez.416@techcorp.org
10100,David Robinson,david.robinson.141@testmail.com
10101,Michael Smith,michael.smith.624@techcorp.org
10102,Emma Ramirez,emma.ramirez.543@testmail.com
10103,Thomas Lewis,thomas.lewis.429@testmail.com
10104,John Taylor,john.taylor.767@example.com
10105,Thomas Johnson,thomas.johnson.518@techcorp.org
10106,Amelia Lewis,amelia.lewis.159@rdbms.dev
10107,Thomas Lewis,thomas.lewis.653@rdbms.dev
10108,Emily Perez,emily.perez.378@example.com
10109,Charlotte Walker,charlotte.walker.106@rdbms.dev
10110,Ava Martin,ava.martin.584@mail.net
10111,Emily Johnson,emily.johnson.422@example.com
10112,Joseph Sanchez,joseph.sanchez.213@testmail.com
10113,Emma Taylor,emma.taylor.189@rdbms.dev
10114,Olivia Jackson,olivia.jackson.386@techcorp.org
10115,Jane Clark,jane.clark.950@mail.net
10116,Richard Moore,richard.moore.405@testmail.com
10117,Isabella Thompson,isabella.thompson.706@testmail.com
10118,William Brown,william.brown.885@example.com
10119,Isabella Lee,isabella.lee.207@mail.net
10120,James Moore,james.moore.874@rdbms.dev
10121,Thomas Clark,thomas.clark.598@testmail.com
10122,Charlotte Taylor,charlotte.taylor.730@example.com
10123,Joseph Jackson,joseph.jackson.331@example.com
10124,William Ramirez,william.ramirez.246@testmail.com
10125,Emily Robinson,emily.robinson.977@techcorp.org
10126,John Miller,john.miller.474@testmail.com
10127,Robert Harris,robert.harris.459@example.com
10128,John Lewis,john.lewis.901@example.com
10129,Jane Walker,jane.walker.174@mail.net
10130,David Harris,david.harris.258@testmail.com
10131,Mia Walker,mia.walker.193@example.com
10132,Ava Smith,ava.smith.429@example.com
10133,Emma Miller,emma.miller.156@mail.net
10134,William Clark,william.clark.183@rdbms.dev
10135,Joseph Moore,joseph.moore.376@mail.net
10136,Michael Wilson,michael.wilson.126@techcorp.org
10137,Thomas Brown,thomas.brown.805@example.com
10138,Jane Perez,jane.perez.545@mail.net
10139,Mia Robinson,mia.robinson.988@testmail.com
10140,Olivia Taylor,olivia.taylor.284@example.com
10141,Ava Clark,ava.clark.792@techcorp.org
10142,William Perez,william.perez.150@example.com
10143,Charlotte Martin,charlotte.martin.276@example.com
10144,Thomas Smith,thomas.smith.668@example.com
10145,Charlotte Miller,charlotte.miller.288@rdbms.dev
10146,John Thompson,john.thompson.390@testmail.com
10147,David Thompson,david.thompson.725@techcorp.org
10148,Mia Smith,mia.smith.938@techcorp.org
10149,Amelia Harris,amelia.harris.428@mail.net
10150,Charles Martin,charles.martin.755@mail.net
10151,Joseph Lewis,joseph.lewis.702@example.com
10152,Charlotte Harris,charlotte.harris.416@techcorp.org
10153,Mia Smith,mia.smith.381@mail.net
10154,Mia Smith,mia.smith.419@testmail.com
10155,Richard Wilson,richard.wilson.489@rdbms.dev
10156,James Sanchez,james.sanchez.809@example.com
10157,William Miller,william.miller.298@example.com
10158,James White,james.white.959@mail.net
10159,Ava Lewis,ava.lewis.178@mail.net
10160,Charlotte Lewis,charlotte.lewis.521@rdbms.dev
10161,Charlotte Jackson,charlotte.jackson.432@example.com
10162,Sophia Robinson,sophia.robinson.760@mail.net
10163,Olivia Sanchez,olivia.sanchez.861@techcorp.org
10164,Richard Thompson,richard.thompson.359@rdbms.dev
10165,David Clark,david.clark.671@rdbms.dev
10166,Charlotte Lee,charlotte.lee.307@techcorp.org
10167,Richard White,richard.white.844@mail.net
10168,Robert Brown,robert.brown.800@testmail.com
10169,David Sanchez,david.sanchez.912@rdbms.dev
10170,Sophia Johnson,sophia.johnson.295@example.com
10171,Emily Johnson,emily.johnson.107@testmail.com
10172,Isabella Robinson,isabella.robinson.318@example.com
10173,Michael Taylor,michael.taylor.183@mail.net
10174,Sophia Harris,sophia.harris.968@example.com
10175,Joseph Smith,joseph.smith.542@testmail.com
10176,Emma Robinson,emma.robinson.538@mail.net
10177,Mia Miller,mia.miller.852@rdbms.dev
10178,Ava Jackson,ava.jackson.373@rdbms.dev
10179,Olivia Moore,olivia.moore.897@testmail.com
10180,Charlotte Smith,charlotte.smith.267@mail.net
10181,Richard Smith,richard.smith.760@example.com
10182,David Lee,david.lee.251@mail.net
10183,Michael Robinson,michael.robinson.537@rdbms.dev
10184,Mia Harris,mia.harris.821@mail.net
10185,Richard Perez,richard.perez.354@example.com
10186,Thomas Lewis,thomas.lewis.892@testmail.com
10187,Emma Walker,emma.walker.238@testmail.com
10188,Emma Lee,emma.lee.748@techcorp.org
10189,Amelia Perez,amelia.perez.740@mail.net
10190,Michael White,michael.white.878@example.com
10191,James Sanchez,james.sanchez.494@techcorp.org
10192,Isabella Smith,isabella.smith.971@techcorp.org
10193,Jane Martin,jane.martin.992@mail.net
10194,Michael Moore,michael.moore.872@techcorp.org
10195,William Sanchez,william.sanchez.786@techcorp.org
10196,John Brown,john.brown.763@mail.net
10197,William Ramirez,william.ramirez.481@mail.net
10198,Olivia Lee,olivia.lee.499@rdbms.dev
10199,Charlotte Taylor,charlotte.taylor.112@testmail.com
10200,Olivia Robinson,olivia.robinson.895@techcorp.org
10201,Michael Smith,michael.smith.218@example.com
10202,Charlotte Jackson,charlotte.jackson.714@example.com
10203,Olivia Taylor,olivia.taylor.314@techcorp.org
10204,Amelia Walker,amelia.walker.709@testmail.com
10205,Amelia Walker,amelia.walker.827@rdbms.dev
10206,William Ramirez,william.ramirez.236@techcorp.org
10207,Mia Jackson,mia.jackson.947@mail.net
10208,Joseph Wilson,joseph.wilson.768@testmail.com
10209,Richard Clark,richard.clark.355@mail.net
10210,Joseph Lewis,joseph.lewis.972@testmail.com
10211,Charles Lewis,charles.lewis.240@example.com
10212,Isabella Martin,isabella.martin.541@testmail.com
10213,Emily Martin,emily.martin.947@testmail.com
10214,Emma Thompson,emma.thompson.145@example.com
10215,Emily Lee,emily.lee.908@example.com
10216,Charles Taylor,charles.taylor.950@example.com
10217,Robert Brown,robert.brown.637@mail.net
10218,William Sanchez,william.sanchez.488@rdbms.dev
10219,Emily Jackson,emily.jackson.831@mail.net
10220,Sophia Lewis,sophia.lewis.640@testmail.com
10221,John Perez,john.perez.844@mail.net
10222,Olivia Ramirez,olivia.ramirez.510@rdbms.dev
10223,Sophia Taylor,sophia.taylor.176@example.com
10224,Amelia Harris,amelia.harris.800@mail.net
10225,Ava Clark,ava.clark.332@techcorp.org
10226,Isabella Miller,isabella.miller.622@mail.net
10227,Jane Wilson,jane.wilson.194@mail.net
10228,Charlotte Lee,charlotte.lee.147@testmail.com
10229,Isabella Walker,isabella.walker.985@testmail.com
10230,Mia Harris,mia.harris.566@techcorp.org
10231,Charles Harris,charles.harris.471@example.com
10232,Emma Sanchez,emma.sanchez.912@testmail.com
10233,Jane Jackson,jane.jackson.266@rdbms.dev
10234,James White,james.white.464@rdbms.dev
10235,Jane Clark,jane.clark.988@example.com
10236,Emma Brown,emma.brown.168@mail.net
10237,William Martin,william.martin.878@testmail.com
10238,Ava Johnson,ava.johnson.450@mail.net
10239,Emily Robinson,emily.robinson.841@rdbms.dev
10240,William Taylor,william.taylor.221@techcorp.org
10241,Richard Ramirez,richard.ramirez.582@example.com
10242,Sophia Robinson,sophia.robinson.603@example.com
10243,James Thompson,james.thompson.664@techcorp.org
10244,Charles Lewis,charles.lewis.412@mail.net
10245,Mia White,mia.white.293@example.com
10246,Charlotte Lee,charlotte.lee.662@rdbms.dev
10247,Amelia Sanchez,amelia.sanchez.433@testmail.com
10248,Joseph Ramirez,joseph.ramirez.824@techcorp.org
10249,Ava Moore,ava.moore.732@rdbms.dev
10250,Joseph Perez,joseph.perez.397@techcorp.org
10251,Jane Martin,jane.martin.317@testmail.com
10252,Joseph Taylor,joseph.taylor.189@testmail.com
10253,Emily Thompson,emily.thompson.414@techcorp.org
10254,Emma Clark,emma.clark.510@example.com
10255,Amelia Lee,amelia.lee.535@techcorp.org
10256,Mia Clark,mia.clark.671@mail.net
10257,Ava Moore,ava.moore.770@testmail.com
10258,Mia Thompson,mia.thompson.204@rdbms.dev
10259,William Jackson,william.jackson.879@testmail.com
10260,Ava Harris,ava.harris.754@mail.net
10261,Isabella Miller,isabella.miller.468@example.com
10262,Olivia Martin,olivia.martin.726@example.com
10263,Charlotte Sanchez,charlotte.sanchez.535@mail.net
10264,Sophia Thompson,sophia.thompson.741@example.com
10265,Isabella Robinson,isabella.robinson.382@rdbms.dev
10266,James Lewis,james.lewis.964@testmail.com
10267,John Sanchez,john.sanchez.635@rdbms.dev
10268,Joseph Wilson,joseph.wilson.448@testmail.com
10269,Michael Lee,michael.lee.107@example.com
10270,Richard Sanchez,richard.sanchez.585@example.com
10271,Isabella Lewis,isabella.lewis.665@example.com
10272,Emma Ramirez,emma.ramirez.998@example.com
10273,Emily Jackson,emily.jackson.785@testmail.com
10274,Sophia Thompson,sophia.thompson.164@rdbms.dev
10275,Jane Johnson,jane.johnson.493@testmail.com
10276,Emma Martin,emma.martin.333@testmail.com
10277,Mia Thompson,mia.thompson.826@example.com
10278,Mia Ramirez,mia.ramirez.583@mail.net
10279,Mia Wilson,mia.wilson.936@mail.net
10280,Thomas Taylor,thomas.taylor.914@rdbms.dev
10281,Michael Lee,michael.lee.206@example.com
10282,James Brown,james.brown.723@example.com
10283,Jane Wilson,jane.wilson.724@mail.net
10284,Robert Martin,robert.martin.876@techcorp.org
10285,William Smith,william.smith.398@techcorp.org
10286,Isabella Wilson,isabella.wilson.296@mail.net
10287,Emily White,emily.white.955@example.com
10288,Amelia Thompson,amelia.thompson.951@techcorp.org
10289,Emily Perez,emily.perez.961@testmail.com
10290,Jane Thompson,jane.thompson.429@mail.net
10291,Emma Robinson,emma.robinson.866@techcorp.org
10292,Isabella White,isabella.white.179@mail.net
10293,James Robinson,james.robinson.120@mail.net
10294,John Smith,john.smith.569@mail.net
10295,William Sanchez,william.sanchez.698@example.com
10296,David Lewis,david.lewis.279@testmail.com
10297,Amelia Sanchez,amelia.sanchez.299@testmail.com
10298,Joseph Moore,joseph.moore.878@rdbms.dev
10299,David White,david.white.848@rdbms.dev
10300,Charles Wilson,charles.wilson.119@example.com
10301,Jane Harris,jane.harris.360@testmail.com
10302,Isabella Lee,isabella.lee.685@testmail.com
10303,Ava White,ava.white.545@rdbms.dev
10304,Isabella White,isabella.white.750@mail.net
10305,Isabella Jackson,isabella.jackson.320@mail.net
10306,Emily Martin,emily.martin.198@rdbms.dev
10307,Emily Sanchez,emily.sanchez.123@techcorp.org
10308,William Miller,william.miller.985@testmail.com
10309,David Taylor,david.taylor.513@example.com
10310,Sophia Moore,sophia.moore.623@rdbms.dev
10311,David Walker,david.walker.936@techcorp.org
10312,Sophia Clark,sophia.clark.265@rdbms.dev
10313,Thomas Brown,thomas.brown.317@rdbms.dev
10314,Joseph Wilson,joseph.wilson.677@example.com
10315,Charlotte Harris,charlotte.harris.656@techcorp.org
10316,David Robinson,david.robinson.984@mail.net
10317,William Perez,william.perez.772@techcorp.org
10318,Jane Robinson,jane.robinson.531@example.com
10319,William Jackson,william.jackson.827@rdbms.dev
10320,Sophia Taylor,sophia.taylor.181@testmail.com
10321,Olivia Robinson,olivia.robinson.218@mail.net
10322,Amelia Brown,amelia.brown.413@rdbms.dev
10323,Jane Lee,jane.lee.701@techcorp.org
10324,Thomas Ramirez,thomas.ramirez.734@mail.net
10325,Jane Robinson,jane.robinson.342@testmail.com
10326,Isabella Thompson,isabella.thompson.971@rdbms.dev
10327,James Johnson,james.johnson.355@techcorp.org
10328,Jane Harris,jane.harris.388@testmail.com
10329,Joseph Wilson,joseph.wilson.448@techcorp.org
10330,Sophia Ramirez,sophia.ramirez.629@example.com
10331,David Johnson,david.johnson.528@mail.net
10332,Joseph Wilson,joseph.wilson.323@mail.net
10333,Emma Clark,emma.clark.949@rdbms.dev
10334,Charles Wilson,charles.wilson.954@techcorp.org
10335,Olivia Wilson,olivia.wilson.950@mail.net
10336,Sophia Harris,sophia.harris.860@mail.net
10337,Amelia Lee,amelia.lee.164@mail.net
10338,Jane Smith,jane.smith.789@rdbms.dev
10339,David Wilson,david.wilson.798@example.com
10340,John Walker,john.walker.298@testmail.com
10341,Emma Martin,emma.martin.432@mail.net
10342,Sophia White,sophia.white.290@techcorp.org
10343,James Harris,james.harris.155@example.com
10344,Olivia Moore,olivia.moore.707@testmail.com
10345,Amelia Ramirez,amelia.ramirez.274@techcorp.org
10346,Emma Sanchez,emma.sanchez.623@example.com
10347,Olivia Ramirez,olivia.ramirez.372@example.com
10348,Ava Wilson,ava.wilson.794@techcorp.org
10349,Ava Martin,ava.martin.110@example.com
10350,Mia Wilson,mia.wilson.204@testmail.com
10351,Charlotte Brown,charlotte.brown.596@testmail.com
10352,William Brown,william.brown.263@example.com
10353,Jane Thompson,jane.thompson.569@testmail.com
10354,Emma White,emma.white.543@example.com
10355,Sophia Ramirez,sophia.ramirez.544@example.com
10356,Charlotte Johnson,charlotte.johnson.570@mail.net
10357,Michael Clark,michael.clark.784@example.com
10358,Amelia Ramirez,amelia.ramirez.331@testmail.com
10359,Sophia Wilson,sophia.wilson.318@example.com
10360,Charlotte Sanchez,charlotte.sanchez.296@example.com
10361,Joseph Robinson,joseph.robinson.539@example.com
10362,Isabella White,isabella.white.618@example.com
10363,David Johnson,david.johnson.806@techcorp.org
10364,Mia Miller,mia.miller.580@rdbms.dev
10365,David Moore,david.moore.633@techcorp.org
10366,Ava Smith,ava.smith.336@example.com
10367,Amelia Lewis,amelia.lewis.564@example.com
10368,Charles Brown,charles.brown.226@mail.net
10369,Sophia Brown,sophia.brown.361@example.com
10370,David Wilson,david.wilson.712@techcorp.org
10371,Jane Thompson,jane.thompson.148@example.com
10372,Jane Robinson,jane.robinson.723@example.com
10373,John Johnson,john.johnson.635@techcorp.org
10374,William Lewis,william.lewis.423@mail.net
10375,Robert Thompson,robert.thompson.328@example.com
10376,Emma Johnson,emma.johnson.597@testmail.com
10377,Jane Taylor,jane.taylor.904@rdbms.dev
10378,Amelia Walker,amelia.walker.441@example.com
10379,John Perez,john.perez.386@rdbms.dev
10380,Richard Lewis,richard.lewis.743@example.com
10381,Charles Lewis,charles.lewis.918@testmail.com
10382,Joseph Ramirez,joseph.ramirez.360@techcorp.org
10383,Sophia Miller,sophia.miller.462@testmail.com
10384,David Miller,david.miller.377@example.com
10385,Robert Thompson,robert.thompson.120@example.com
10386,Amelia Brown,amelia.brown.268@example.com
10387,Richard Jackson,richard.jackson.393@rdbms.dev
10388,William Clark,william.clark.336@mail.net
10389,Isabella Brown,isabella.brown.319@rdbms.dev
10390,Mia Johnson,mia.johnson.860@mail.net
10391,Isabella Moore,isabella.moore.973@techcorp.org
10392,Emily Smith,emily.smith.650@techcorp.org
10393,Amelia Robinson,amelia.robinson.717@mail.net
10394,Jane Taylor,jane.taylor.103@example.com
10395,Michael Moore,michael.moore.603@rdbms.dev
10396,Emily White,emily.white.656@testmail.com
10397,Michael Lewis,michael.lewis.481@techcorp.org
10398,Emily Moore,emily.moore.588@techcorp.org
10399,Olivia White,olivia.white.117@rdbms.dev
10400,Charles White,charles.white.351@example.com
10401,Emily Smith,emily.smith.789@mail.net
10402,William Martin,william.martin.581@techcorp.org
10403,Jane Johnson,jane.johnson.833@techcorp.org
10404,Mia Ramirez,mia.ramirez.635@example.com
10405,Jane Martin,jane.martin.811@rdbms.dev
10406,John Thompson,john.thompson.168@mail.net
10407,Mia Harris,mia.harris.272@example.com
10408,Jane Thompson,jane.thompson.439@rdbms.dev
10409,Mia Johnson,mia.johnson.497@mail.net
10410,Emma Wilson,emma.wilson.937@example.com
10411,Jane Moore,jane.moore.231@techcorp.org
10412,Ava Harris,ava.harris.603@rdbms.dev
10413,David Taylor,david.taylor.619@rdbms.dev
10414,William Harris,william.harris.172@testmail.com
10415,Thomas Moore,thomas.moore.144@example.com
10416,Olivia Sanchez,olivia.sanchez.822@example.com
10417,Amelia White,amelia.white.229@rdbms.dev
10418,Joseph Jackson,joseph.jackson.994@example.com
10419,Isabella Lewis,isabella.lewis.832@example.com
10420,William Sanchez,william.sanchez.512@rdbms.dev
10421,Isabella Robinson,isabella.robinson.607@testmail.com
10422,James Johnson,james.johnson.167@testmail.com
10423,Ava Brown,ava.brown.552@rdbms.dev
10424,Robert Smith,robert.smith.680@testmail.com
10425,Michael Lewis,michael.lewis.504@rdbms.dev
10426,Charlotte Johnson,charlotte.johnson.658@techcorp.org
10427,Sophia Johnson,sophia.johnson.790@testmail.com
10428,William Wilson,william.wilson.664@testmail.com
10429,Jane White,jane.white.114@testmail.com
10430,Amelia Sanchez,amelia.sanchez.589@rdbms.dev
10431,Thomas Lewis,thomas.lewis.257@techcorp.org
10432,James Brown,james.brown.499@example.com
10433,James Wilson,james.wilson.949@testmail.com
10434,Robert Sanchez,robert.sanchez.217@mail.net
10435,William Sanchez,william.sanchez.218@example.com
10436,Jane Thompson,jane.thompson.350@rdbms.dev
10437,John Martin,john.martin.389@testmail.com
10438,Thomas Lewis,thomas.lewis.712@mail.net
10439,Charles Robinson,charles.robinson.872@techcorp.org
10440,Emily Ramirez,emily.ramirez.569@testmail.com
10441,Olivia Johnson,olivia.johnson.232@testmail.com
10442,Isabella Johnson,isabella.johnson.966@mail.net
10443,Sophia Lewis,sophia.lewis.931@rdbms.dev
10444,Ava Johnson,ava.johnson.703@techcorp.org
10445,Charlotte Moore,charlotte.moore.125@techcorp.org
10446,Robert Johnson,robert.johnson.984@mail.net
10447,Ava Robinson,ava.robinson.300@example.com
10448,Charles Taylor,charles.taylor.619@testmail.com
10449,Jane Walker,jane.walker.502@testmail.com
10450,Michael Taylor,michael.taylor.949@mail.net
10451,Olivia Harris,olivia.harris.861@example.com
10452,Amelia Taylor,amelia.taylor.680@mail.net
10453,Mia Thompson,mia.thompson.109@techcorp.org
10454,Emma Thompson,emma.thompson.519@techcorp.org
10455,Charles Miller,charles.miller.236@techcorp.org
10456,Ava Miller,ava.miller.888@mail.net
10457,Sophia Sanchez,sophia.sanchez.911@rdbms.dev
10458,Ava Smith,ava.smith.977@testmail.com
10459,Isabella White,isabella.white.610@example.com
10460,Charlotte Brown,charlotte.brown.369@rdbms.dev
10461,John Walker,john.walker.392@testmail.com
10462,Michael Moore,michael.moore.417@mail.net
10463,Richard Jackson,richard.jackson.671@techcorp.org
10464,John Smith,john.smith.440@example.com
10465,Mia Smith,mia.smith.552@techcorp.org
10466,Emily Robinson,emily.robinson.715@example.com
10467,Charles Brown,charles.brown.463@techcorp.org
10468,Amelia Clark,amelia.clark.403@testmail.com
10469,Charles Harris,charles.harris.114@testmail.com
10470,Emily Robinson,emily.robinson.550@techcorp.org
10471,Charles Moore,charles.moore.592@rdbms.dev
10472,Michael Miller,michael.miller.977@mail.net
10473,Olivia Lee,olivia.lee.783@techcorp.org
10474,Michael Johnson,michael.johnson.928@rdbms.dev
10475,Michael Moore,michael.moore.365@testmail.com
10476,Ava Martin,ava.martin.960@mail.net
10477,Ava Sanchez,ava.sanchez.262@rdbms.dev
10478,Joseph Harris,joseph.harris.961@techcorp.org
10479,Thomas Walker,thomas.walker.934@techcorp.org
10480,Richard Lee,richard.lee.856@testmail.com
10481,Olivia Jackson,olivia.jackson.733@example.com
10482,Amelia Brown,amelia.brown.849@example.com
10483,Thomas White,thomas.white.509@mail.net
10484,Emily Lee,emily.lee.519@rdbms.dev
10485,Emma Brown,emma.brown.261@mail.net
10486,Michael Johnson,michael.johnson.466@example.com
10487,Michael Lewis,michael.lewis.597@rdbms.dev
10488,Sophia Miller,sophia.miller.633@mail.net
10489,Michael Moore,michael.moore.544@testmail.com
10490,Joseph Walker,joseph.walker.774@testmail.com
10491,Amelia Taylor,amelia.taylor.377@example.com
10492,John Lee,john.lee.186@example.com
10493,Ava Ramirez,ava.ramirez.954@testmail.com
10494,Jane Thompson,jane.thompson.275@example.com
10495,Ava Sanchez,ava.sanchez.461@mail.net
10496,David Ramirez,david.ramirez.102@rdbms.dev
10497,Charles Harris,charles.harris.976@mail.net
10498,Jane Smith,jane.smith.238@mail.net
10499,Olivia White,olivia.white.989@rdbms.dev
10500,Joseph Smith,joseph.smith.777@example.com
10501,Michael Jackson,michael.jackson.464@mail.net
10502,Jane Moore,jane.moore.799@mail.net
10503,Olivia Jackson,olivia.jackson.588@testmail.com
10504,Robert Johnson,robert.johnson.561@testmail.com
10505,Isabella Lewis,isabella.lewis.308@rdbms.dev
10506,Michael Miller,michael.miller.641@techcorp.org
10507,Richard Brown,richard.brown.344@techcorp.org
10508,Michael Sanchez,michael.sanchez.809@example.com
10509,Ava Taylor,ava.taylor.478@techcorp.org
10510,Isabella Moore,isabella.moore.546@example.com
10511,John Lewis,john.lewis.390@techcorp.org
10512,Ava Perez,ava.perez.313@mail.net
10513,James Jackson,james.jackson.214@testmail.com
10514,Amelia Miller,amelia.miller.116@rdbms.dev
10515,David Taylor,david.taylor.675@mail.net
10516,Ava Robinson,ava.robinson.369@testmail.com
10517,Amelia Robinson,amelia.robinson.710@techcorp.org
10518,Olivia Wilson,olivia.wilson.548@example.com
10519,Amelia Thompson,amelia.thompson.191@techcorp.org
10520,Michael White,michael.white.585@example.com
10521,Isabella Clark,isabella.clark.976@rdbms.dev
10522,Robert Clark,robert.clark.714@mail.net
10523,Mia Harris,mia.harris.738@mail.net
10524,Emma Lewis,emma.lewis.296@example.com
10525,Robert Perez,robert.perez.561@example.com
10526,Charlotte Walker,charlotte.walker.430@techcorp.org
10527,Jane White,jane.white.533@rdbms.dev
10528,Joseph Martin,joseph.martin.244@rdbms.dev
10529,Charlotte Taylor,charlotte.taylor.968@rdbms.dev
10530,John Taylor,john.taylor.258@testmail.com
10531,Isabella Ramirez,isabella.ramirez.473@mail.net
10532,Mia Martin,mia.martin.414@testmail.com
10533,James Harris,james.harris.959@rdbms.dev
10534,Thomas Harris,thomas.harris.219@mail.net
10535,Olivia Taylor,olivia.taylor.544@rdbms.dev
10536,Richard Wilson,richard.wilson.304@techcorp.org
10537,Isabella Jackson,isabella.jackson.870@testmail.com
10538,Amelia Smith,amelia.smith.747@testmail.com
10539,Amelia Brown,amelia.brown.443@techcorp.org
10540,Isabella White,isabella.white.526@example.com
10541,William Perez,william.perez.391@example.com
10542,Emma Johnson,emma.johnson.931@example.com
10543,Olivia Martin,olivia.martin.254@mail.net
10544,Richard Miller,richard.miller.415@rdbms.dev
10545,Joseph Harris,joseph.harris.541@mail.net
10546,Jane Clark,jane.clark.706@testmail.com
10547,Amelia Taylor,amelia.taylor.687@testmail.com
10548,Richard Johnson,richard.johnson.940@example.com
10549,Mia Harris,mia.harris.866@example.com
10550,Isabella Wilson,isabella.wilson.396@example.com
10551,Robert Ramirez,robert.ramirez.236@mail.net
10552,Thomas Harris,thomas.harris.809@example.com
10553,Olivia Ramirez,olivia.ramirez.263@rdbms.dev
10554,Charles White,charles.white.789@example.com
10555,Emma Harris,emma.harris.148@mail.net
10556,William Taylor,william.taylor.734@testmail.com
10557,Richard Thompson,richard.thompson.862@techcorp.org
10558,John Ramirez,john.ramirez.469@mail.net
10559,Richard Harris,richard.harris.764@techcorp.org
10560,Joseph Perez,joseph.perez.735@testmail.com
10561,David Walker,david.walker.290@testmail.com
10562,Sophia Sanchez,sophia.sanchez.472@techcorp.org
10563,Amelia Jackson,amelia.jackson.204@mail.net
10564,John Lee,john.lee.640@example.com
10565,Ava Clark,ava.clark.416@example.com
10566,Isabella Brown,isabella.brown.945@example.com
10567,Emma Martin,emma.martin.416@techcorp.org
10568,James Miller,james.miller.160@rdbms.dev
10569,David White,david.white.692@mail.net
10570,Michael Harris,michael.harris.670@techcorp.org
10571,Michael Thompson,michael.thompson.802@example.com
10572,Michael Perez,michael.perez.112@mail.net
10573,James Brown,james.brown.897@mail.net
10574,Mia Sanchez,mia.sanchez.175@example.com
10575,Jane Perez,jane.perez.832@example.com
10576,Robert Sanchez,robert.sanchez.278@techcorp.org
10577,Ava Sanchez,ava.sanchez.178@example.com
10578,John Martin,john.martin.677@rdbms.dev
10579,Richard Lewis,richard.lewis.754@mail.net
10580,Emily Brown,emily.brown.514@techcorp.org
10581,Charlotte Lee,charlotte.lee.131@example.com
10582,Michael Harris,michael.harris.222@mail.net
10583,David Johnson,david.johnson.662@example.com
10584,Sophia Ramirez,sophia.ramirez.133@example.com
10585,Joseph Walker,joseph.walker.780@mail.net
10586,William Smith,william.smith.317@mail.net
10587,Charlotte Taylor,charlotte.taylor.502@mail.net
10588,Emily Wilson,emily.wilson.729@techcorp.org
10589,Charlotte Martin,charlotte.martin.954@testmail.com
10590,Robert Miller,robert.miller.341@example.com
10591,William Moore,william.moore.651@mail.net
10592,Michael Lee,michael.lee.741@rdbms.dev
10593,Olivia Robinson,olivia.robinson.759@rdbms.dev
10594,Richard Harris,richard.harris.541@mail.net
10595,Ava Harris,ava.harris.604@rdbms.dev
10596,John Martin,john.martin.228@rdbms.dev
10597,Emily Clark,emily.clark.980@example.com
10598,Olivia Thompson,olivia.thompson.273@mail.net
10599,Charlotte Sanchez,charlotte.sanchez.697@rdbms.dev
10600,Emily Miller,emily.miller.177@rdbms.dev
10601,Isabella Miller,isabella.miller.713@testmail.com
10602,John Robinson,john.robinson.420@techcorp.org
10603,Charles Clark,charles.clark.404@mail.net
10604,Ava Martin,ava.martin.284@mail.net
10605,Mia Smith,mia.smith.416@testmail.com
10606,Amelia Robinson,amelia.robinson.950@rdbms.dev
10607,John Clark,john.clark.645@mail.net
10608,Joseph Ramirez,joseph.ramirez.564@rdbms.dev
10609,Thomas Lee,thomas.lee.797@testmail.com
10610,Richard Walker,richard.walker.458@techcorp.org
10611,Thomas Martin,thomas.martin.370@rdbms.dev
10612,Emma Walker,emma.walker.504@mail.net
10613,Emma Lee,emma.lee.192@example.com
10614,David Smith,david.smith.438@testmail.com
10615,William Perez,william.perez.306@example.com
10616,Olivia Clark,olivia.clark.763@techcorp.org
10617,Olivia Sanchez,olivia.sanchez.120@rdbms.dev
10618,Olivia Lewis,olivia.lewis.975@rdbms.dev
10619,Joseph Miller,joseph.miller.995@example.com
10620,Thomas Smith,thomas.smith.564@techcorp.org
10621,Amelia Sanchez,amelia.sanchez.999@mail.net
10622,Charlotte Perez,charlotte.perez.124@rdbms.dev
10623,Robert Taylor,robert.taylor.705@techcorp.org
10624,Olivia Sanchez,olivia.sanchez.109@techcorp.org
10625,Sophia Robinson,sophia.robinson.652@techcorp.org
10626,Olivia Perez,olivia.perez.998@testmail.com
10627,Emily Moore,emily.moore.621@example.com
10628,Jane Miller,jane.miller.333@testmail.com
10629,David Jackson,david.jackson.766@rdbms.dev
10630,Michael Walker,michael.walker.192@example.com
10631,Sophia Miller,sophia.miller.649@testmail.com
10632,Robert Thompson,robert.thompson.709@techcorp.org
10633,Emily Brown,emily.brown.425@example.com
10634,Emily Smith,emily.smith.241@techcorp.org
10635,William Wilson,william.wilson.365@mail.net
10636,James Taylor,james.taylor.699@testmail.com
10637,Emma Taylor,emma.taylor.304@mail.net
10638,Charlotte Thompson,charlotte.thompson.111@rdbms.dev
10639,Emma Harris,emma.harris.963@example.com
10640,Richard Lewis,richard.lewis.945@rdbms.dev
10641,Olivia Moore,olivia.moore.848@rdbms.dev
10642,Isabella Moore,isabella.moore.349@techcorp.org
10643,Ava Moore,ava.moore.987@techcorp.org
10644,James Johnson,james.johnson.766@testmail.com
10645,Amelia Jackson,amelia.jackson.113@testmail.com
10646,Sophia Lee,sophia.lee.916@techcorp.org
10647,Thomas Sanchez,thomas.sanchez.978@techcorp.org
10648,Emily Martin,emily.martin.767@testmail.com
10649,Amelia Wilson,amelia.wilson.233@example.com
10650,Olivia Martin,olivia.martin.241@mail.net
10651,Emily Jackson,emily.jackson.446@techcorp.org
10652,James Wilson,james.wilson.203@techcorp.org
10653,Emma Wilson,emma.wilson.957@mail.net
10654,Emily Wilson,emily.wilson.774@example.com
10655,David Harris,david.harris.244@techcorp.org
10656,Richard White,richard.white.790@testmail.com
10657,Thomas Ramirez,thomas.ramirez.698@rdbms.dev
10658,Charles Brown,charles.brown.301@example.com
10659,Amelia Lewis,amelia.lewis.456@rdbms.dev
10660,William Harris,william.harris.139@example.com
10661,David Clark,david.clark.701@mail.net
10662,Robert Lewis,robert.lewis.637@rdbms.dev
10663,Mia Johnson,mia.johnson.666@mail.net
10664,Thomas Clark,thomas.clark.144@example.com
10665,Robert Moore,robert.moore.228@techcorp.org
10666,James Jackson,james.jackson.367@rdbms.dev
10667,Robert Sanchez,robert.sanchez.768@techcorp.org
10668,Richard Clark,richard.clark.993@example.com
10669,Emma Martin,emma.martin.759@techcorp.org
10670,Robert Robinson,robert.robinson.291@techcorp.org
10671,Isabella Jackson,isabella.jackson.171@example.com
10672,Charles Moore,charles.moore.480@example.com
10673,Ava Wilson,ava.wilson.468@mail.net
10674,Robert Taylor,robert.taylor.104@rdbms.dev
10675,Isabella Clark,isabella.clark.253@techcorp.org
10676,Sophia Thompson,sophia.thompson.425@techcorp.org
10677,Amelia Jackson,amelia.jackson.381@testmail.com
10678,Richard Lee,richard.lee.440@techcorp.org
10679,Ava Moore,ava.moore.243@example.com
10680,William Lewis,william.lewis.922@mail.net
10681,Thomas Harris,thomas.harris.418@techcorp.org
10682,James Harris,james.harris.401@rdbms.dev
10683,Mia Miller,mia.miller.974@techcorp.org
10684,Mia Perez,mia.perez.217@testmail.com
10685,Ava Walker,ava.walker.376@rdbms.dev
10686,Sophia Clark,sophia.clark.736@techcorp.org
10687,Joseph Thompson,joseph.thompson.295@testmail.com
10688,Robert Jackson,robert.jackson.889@rdbms.dev
10689,David Walker,david.walker.932@rdbms.dev
10690,Jane Ramirez,jane.ramirez.533@mail.net
10691,Thomas Walker,thomas.walker.176@mail.net
10692,Jane Harris,jane.harris.914@example.com
10693,Richard Lewis,richard.lewis.963@example.com
10694,Jane Perez,jane.perez.939@mail.net
10695,Emma Thompson,emma.thompson.648@mail.net
10696,Emma Walker,emma.walker.521@testmail.com
10697,Charlotte Ramirez,charlotte.ramirez.911@example.com
10698,Charles Jackson,charles.jackson.902@example.com
10699,Richard Lewis,richard.lewis.842@mail.net
10700,Isabella Walker,isabella.walker.655@example.com
10701,Jane Jackson,jane.jackson.675@techcorp.org
10702,Mia Thompson,mia.thompson.231@techcorp.org
10703,Richard Martin,richard.martin.443@techcorp.org
10704,Ava Lewis,ava.lewis.770@techcorp.org
10705,Joseph Miller,joseph.miller.521@techcorp.org
10706,John Perez,john.perez.416@rdbms.dev
10707,Sophia Robinson,sophia.robinson.955@rdbms.dev
10708,Robert Thompson,robert.thompson.475@mail.net
10709,Isabella Walker,isabella.walker.774@mail.net
10710,Sophia Walker,sophia.walker.887@techcorp.org
10711,Amelia Perez,amelia.perez.492@testmail.com
10712,Richard Lee,richard.lee.476@mail.net
10713,David Martin,david.martin.823@testmail.com
10714,Emma Johnson,emma.johnson.581@rdbms.dev
10715,John Lewis,john.lewis.313@mail.net
10716,Mia Robinson,mia.robinson.691@example.com
10717,Robert Taylor,robert.taylor.852@rdbms.dev
10718,Ava Lee,ava.lee.304@rdbms.dev
10719,Charles Miller,charles.miller.449@example.com
10720,Thomas Clark,thomas.clark.877@techcorp.org
10721,Thomas Brown,thomas.brown.583@example.com
10722,Thomas Smith,thomas.smith.739@mail.net
10723,Charles Ramirez,charles.ramirez.772@mail.net
10724,Mia Ramirez,mia.ramirez.427@mail.net
10725,Sophia Thompson,sophia.thompson.107@mail.net
10726,Emily Harris,emily.harris.764@mail.net
10727,Joseph Robinson,joseph.robinson.133@testmail.com
10728,James Jackson,james.jackson.513@testmail.com
10729,Sophia Robinson,sophia.robinson.152@rdbms.dev
10730,Robert Clark,robert.clark.693@testmail.com
10731,John Jackson,john.jackson.917@testmail.com
10732,William Johnson,william.johnson.567@techcorp.org
10733,John Walker,john.walker.748@testmail.com
10734,Thomas Walker,thomas.walker.362@techcorp.org
10735,Olivia White,olivia.white.208@rdbms.dev
10736,Charles White,charles.white.410@example.com
10737,Amelia Smith,amelia.smith.606@techcorp.org
10738,Joseph Brown,joseph.brown.366@techcorp.org
10739,Mia Jackson,mia.jackson.840@example.com
10740,Thomas Miller,thomas.miller.913@testmail.com
10741,Olivia White,olivia.white.177@techcorp.org
10742,Charlotte Ramirez,charlotte.ramirez.682@testmail.com
10743,John Perez,john.perez.266@rdbms.dev
10744,Isabella Taylor,isabella.taylor.589@techcorp.org
10745,Charlotte Harris,charlotte.harris.948@testmail.com
10746,Amelia Wilson,amelia.wilson.249@techcorp.org
10747,Charlotte Robinson,charlotte.robinson.269@example.com
10748,James Harris,james.harris.352@techcorp.org
10749,Olivia Brown,olivia.brown.523@testmail.com
10750,Robert Wilson,robert.wilson.878@rdbms.dev
10751,Thomas Brown,thomas.brown.493@example.com
10752,Thomas Brown,thomas.brown.251@testmail.com
10753,Thomas Wilson,thomas.wilson.113@mail.net
10754,Joseph Lewis,joseph.lewis.418@techcorp.org
10755,Thomas Harris,thomas.harris.744@techcorp.org
10756,Sophia White,sophia.white.248@rdbms.dev
10757,Emma Martin,emma.martin.509@rdbms.dev
10758,Thomas Wilson,thomas.wilson.177@rdbms.dev
10759,Sophia Robinson,sophia.robinson.442@example.com
10760,David Martin,david.martin.208@rdbms.dev
10761,Jane Martin,jane.martin.995@mail.net
10762,Joseph Sanchez,joseph.sanchez.320@rdbms.dev
10763,Mia Lee,mia.lee.142@example.com
10764,William Perez,william.perez.818@testmail.com
10765,Amelia Ramirez,amelia.ramirez.989@mail.net
10766,Mia White,mia.white.818@example.com
10767,Jane White,jane.white.399@rdbms.dev
10768,James Ramirez,james.ramirez.886@techcorp.org
10769,Olivia Harris,olivia.harris.233@techcorp.org
10770,Charlotte Ramirez,charlotte.ramirez.160@rdbms.dev
10771,David Sanchez,david.sanchez.719@rdbms.dev
10772,Richard Johnson,richard.johnson.938@mail.net
10773,Charles Robinson,charles.robinson.645@example.com
10774,Amelia Harris,amelia.harris.154@rdbms.dev
10775,Jane Wilson,jane.wilson.599@example.com
10776,William Sanchez,william.sanchez.823@mail.net
10777,Richard Jackson,richard.jackson.503@rdbms.dev
10778,Robert Wilson,robert.wilson.910@example.com
10779,Emily Perez,emily.perez.280@techcorp.org
10780,Ava Walker,ava.walker.126@testmail.com
10781,Charlotte Walker,charlotte.walker.466@testmail.com
10782,Sophia Wilson,sophia.wilson.261@testmail.com
10783,Ava Taylor,ava.taylor.512@testmail.com
10784,Sophia Johnson,sophia.johnson.874@example.com
10785,Sophia Moore,sophia.moore.784@testmail.com
10786,Sophia Miller,sophia.miller.415@techcorp.org
10787,James White,james.white.759@techcorp.org
10788,Ava Johnson,ava.johnson.426@example.com
10789,Robert White,robert.white.633@example.com
10790,James Lee,james.lee.785@techcorp.org
10791,Michael Perez,michael.perez.343@techcorp.org
10792,Ava Miller,ava.miller.736@testmail.com
10793,David Walker,david.walker.376@testmail.com
10794,Sophia Lee,sophia.lee.571@rdbms.dev
10795,Mia Lee,mia.lee.581@techcorp.org
10796,Michael Jackson,michael.jackson.351@mail.net
10797,Charles Smith,charles.smith.880@techcorp.org
10798,Ava Clark,ava.clark.486@mail.net
10799,Thomas Thompson,thomas.thompson.506@testmail.com
10800,Richard Taylor,richard.taylor.126@mail.net
10801,Jane Johnson,jane.johnson.368@rdbms.dev
10802,Jane Clark,jane.clark.290@techcorp.org
10803,Joseph White,joseph.white.371@testmail.com
10804,Jane Lewis,jane.lewis.755@mail.net
10805,John Jackson,john.jackson.528@testmail.com
10806,David Johnson,david.johnson.574@testmail.com
10807,James Thompson,james.thompson.120@rdbms.dev
10808,Michael Jackson,michael.jackson.496@example.com
10809,Charlotte Jackson,charlotte.jackson.773@testmail.com
10810,Olivia Perez,olivia.perez.844@techcorp.org
10811,Richard Lee,richard.lee.418@example.com
10812,John Martin,john.martin.626@mail.net
10813,David Smith,david.smith.873@mail.net
10814,Ava Miller,ava.miller.197@testmail.com
10815,Charles Perez,charles.perez.567@mail.net
10816,Michael Perez,michael.perez.891@mail.net
10817,Joseph Robinson,joseph.robinson.528@techcorp.org
10818,Michael Harris,michael.harris.164@mail.net
10819,John Robinson,john.robinson.332@example.com
10820,Mia Jackson,mia.jackson.489@rdbms.dev
10821,Charlotte Robinson,charlotte.robinson.461@example.com
10822,Mia Perez,mia.perez.960@rdbms.dev
10823,John Johnson,john.johnson.324@testmail.com
10824,Jane Perez,jane.perez.441@example.com
10825,David Robinson,david.robinson.333@testmail.com
10826,Michael Johnson,michael.johnson.352@mail.net
10827,Charles Moore,charles.moore.476@techcorp.org
10828,Ava Martin,ava.martin.235@example.com
10829,Amelia Martin,amelia.martin.668@rdbms.dev
10830,Thomas Clark,thomas.clark.424@testmail.com
10831,William Robinson,william.robinson.412@mail.net
10832,William Smith,william.smith.838@techcorp.org
10833,Jane Smith,jane.smith.534@mail.net
10834,James Lee,james.lee.538@mail.net
10835,Michael Clark,michael.clark.828@testmail.com
10836,Emily Martin,emily.martin.953@mail.net
10837,Charles Sanchez,charles.sanchez.881@example.com
10838,Sophia Jackson,sophia.jackson.182@testmail.com
10839,Charles Smith,charles.smith.793@rdbms.dev
10840,Charles Sanchez,charles.sanchez.420@techcorp.org
10841,Amelia Moore,amelia.moore.406@mail.net
10842,Charlotte Harris,charlotte.harris.563@rdbms.dev
10843,Olivia Sanchez,olivia.sanchez.880@example.com
10844,David Walker,david.walker.982@techcorp.org
10845,William Walker,william.walker.717@example.com
10846,Sophia Miller,sophia.miller.308@mail.net
10847,Robert Sanchez,robert.sanchez.689@rdbms.dev
10848,William Martin,william.martin.661@rdbms.dev
10849,James Thompson,james.thompson.924@techcorp.org
10850,Isabella Lee,isabella.lee.842@techcorp.org
10851,David Jackson,david.jackson.885@techcorp.org
10852,Jane Robinson,jane.robinson.203@example.com
10853,Isabella Ramirez,isabella.ramirez.113@rdbms.dev
10854,Isabella Thompson,isabella.thompson.134@example.com
10855,Michael Sanchez,michael.sanchez.786@mail.net
10856,Emily Clark,emily.clark.527@techcorp.org
10857,Sophia Wilson,sophia.wilson.278@rdbms.dev
10858,Emily Taylor,emily.taylor.613@techcorp.org
10859,Mia Harris,mia.harris.537@techcorp.org
10860,Richard White,richard.white.823@example.com
10861,Charles Jackson,charles.jackson.124@techcorp.org
10862,Michael White,michael.white.912@rdbms.dev
10863,John Johnson,john.johnson.867@example.com
10864,Richard Walker,richard.walker.597@techcorp.org
10865,Charles Miller,charles.miller.394@rdbms.dev
10866,Charles Walker,charles.walker.435@testmail.com
10867,John Martin,john.martin.696@techcorp.org
10868,Charles Wilson,charles.wilson.360@testmail.com
10869,John Jackson,john.jackson.864@testmail.com
10870,Robert Lewis,robert.lewis.235@example.com
10871,Mia Robinson,mia.robinson.732@mail.net
10872,Isabella Walker,isabella.walker.663@rdbms.dev
10873,David Clark,david.clark.477@rdbms.dev
10874,Robert Jackson,robert.jackson.423@mail.net
10875,Isabella Robinson,isabella.robinson.198@mail.net
10876,Amelia Johnson,amelia.johnson.257@mail.net
10877,Thomas Wilson,thomas.wilson.916@techcorp.org
10878,Jane Lewis,jane.lewis.816@example.com
10879,Emma Johnson,emma.johnson.885@testmail.com
10880,William Martin,william.martin.280@testmail.com
10881,William Ramirez,william.ramirez.128@mail.net
10882,Isabella Perez,isabella.perez.464@example.com
10883,Mia Sanchez,mia.sanchez.335@rdbms.dev
10884,John Perez,john.perez.134@testmail.com
10885,David Harris,david.harris.833@testmail.com
10886,John Johnson,john.johnson.613@rdbms.dev
10887,Mia Wilson,mia.wilson.971@rdbms.dev
10888,Mia Miller,mia.miller.113@testmail.com
10889,Mia Johnson,mia.johnson.647@example.com
10890,Charles Lee,charles.lee.461@testmail.com
10891,Jane Wilson,jane.wilson.402@mail.net
10892,Joseph Smith,joseph.smith.753@techcorp.org
10893,William Taylor,william.taylor.330@techcorp.org
10894,Robert Thompson,robert.thompson.379@testmail.com
10895,Michael Perez,michael.perez.333@testmail.com
10896,Emma Robinson,emma.robinson.283@testmail.com
10897,Olivia Moore,olivia.moore.549@example.com
10898,Charlotte Perez,charlotte.perez.638@example.com
10899,Amelia Taylor,amelia.taylor.740@rdbms.dev
10900,Sophia Jackson,sophia.jackson.376@techcorp.org
10901,John Perez,john.perez.392@testmail.com
10902,Sophia Walker,sophia.walker.689@techcorp.org
10903,Ava Robinson,ava.robinson.404@testmail.com
10904,Amelia White,amelia.white.964@example.com
10905,William Clark,william.clark.322@techcorp.org
10906,James Sanchez,james.sanchez.277@rdbms.dev
10907,Emma Jackson,emma.jackson.166@techcorp.org
10908,Olivia Robinson,olivia.robinson.170@example.com
10909,Emma Lee,emma.lee.390@mail.net
10910,John Wilson,john.wilson.407@example.com
10911,Charles Ramirez,charles.ramirez.970@example.com
10912,Ava Miller,ava.miller.158@rdbms.dev
10913,David Jackson,david.jackson.511@techcorp.org
10914,Michael Martin,michael.martin.353@example.com
10915,Robert Lewis,robert.lewis.160@testmail.com
10916,Thomas Jackson,thomas.jackson.148@techcorp.org
10917,James Sanchez,james.sanchez.361@techcorp.org
10918,Emma Lee,emma.lee.333@techcorp.org
10919,Isabella Johnson,isabella.johnson.282@rdbms.dev
10920,Jane Brown,jane.brown.253@mail.net
10921,Ava Moore,ava.moore.894@techcorp.org
10922,Jane Martin,jane.martin.749@testmail.com
10923,Amelia Sanchez,amelia.sanchez.808@rdbms.dev
10924,Jane Ramirez,jane.ramirez.862@rdbms.dev
10925,Jane Lee,jane.lee.342@example.com
10926,David Smith,david.smith.947@techcorp.org
10927,Charles Martin,charles.martin.651@techcorp.org
10928,Olivia Martin,olivia.martin.913@mail.net
10929,Isabella Taylor,isabella.taylor.755@rdbms.dev
10930,Charlotte Walker,charlotte.walker.280@rdbms.dev
10931,Charlotte Walker,charlotte.walker.644@testmail.com
10932,Thomas Robinson,thomas.robinson.124@testmail.com
10933,Mia Lee,mia.lee.362@example.com
10934,Isabella White,isabella.white.815@rdbms.dev
10935,Thomas Brown,thomas.brown.630@mail.net
10936,Thomas Wilson,thomas.wilson.930@example.com
10937,Richard Robinson,richard.robinson.566@example.com
10938,Emma Wilson,emma.wilson.452@rdbms.dev
10939,Emma Johnson,emma.johnson.382@mail.net
10940,Emma Martin,emma.martin.953@example.com
10941,Michael Smith,michael.smith.274@example.com
10942,Emma Johnson,emma.johnson.932@testmail.com
10943,Joseph White,joseph.white.812@mail.net
10944,Emma Perez,emma.perez.190@rdbms.dev
10945,William Brown,william.brown.607@mail.net
10946,James Ramirez,james.ramirez.182@testmail.com
10947,Robert Perez,robert.perez.153@testmail.com
10948,Amelia Harris,amelia.harris.127@testmail.com
10949,William Smith,william.smith.877@testmail.com
10950,Joseph Martin,joseph.martin.819@testmail.com
10951,Thomas Lee,thomas.lee.546@techcorp.org
10952,Jane Miller,jane.miller.808@example.com
10953,John Taylor,john.taylor.401@testmail.com
10954,Charlotte Robinson,charlotte.robinson.701@mail.net
10955,Robert Robinson,robert.robinson.892@rdbms.dev
10956,Emma White,emma.white.314@techcorp.org
10957,Joseph Lee,joseph.lee.604@testmail.com
10958,Thomas White,thomas.white.431@techcorp.org
10959,James Moore,james.moore.529@mail.net
10960,William Robinson,william.robinson.421@testmail.com
10961,Olivia Jackson,olivia.jackson.591@testmail.com
10962,Charles Jackson,charles.jackson.611@testmail.com
10963,Michael Perez,michael.perez.543@example.com
10964,Isabella Perez,isabella.perez.914@techcorp.org
10965,Joseph Martin,joseph.martin.613@rdbms.dev
10966,Charlotte Clark,charlotte.clark.259@mail.net
10967,William Taylor,william.taylor.237@mail.net
10968,Jane Perez,jane.perez.388@techcorp.org
10969,Michael Harris,michael.harris.785@testmail.com
10970,James Lee,james.lee.575@rdbms.dev
10971,Jane Ramirez,jane.ramirez.613@example.com
10972,Amelia Lee,amelia.lee.640@example.com
10973,Sophia Ramirez,sophia.ramirez.183@rdbms.dev
10974,William Walker,william.walker.332@rdbms.dev
10975,Emily Johnson,emily.johnson.368@rdbms.dev
10976,Amelia Taylor,amelia.taylor.558@mail.net
10977,Emily Harris,emily.harris.404@techcorp.org
10978,Charles Sanchez,charles.sanchez.678@example.com
10979,Michael Jackson,michael.jackson.553@mail.net
10980,Jane Walker,jane.walker.642@rdbms.dev
10981,Mia Martin,mia.martin.611@testmail.com
10982,Charlotte Lee,charlotte.lee.285@techcorp.org
10983,Isabella White,isabella.white.271@testmail.com
10984,Amelia Harris,amelia.harris.371@rdbms.dev
10985,Ava Johnson,ava.johnson.629@testmail.com
10986,Emily Miller,emily.miller.320@example.com
10987,Charlotte Martin,charlotte.martin.986@techcorp.org
10988,John Brown,john.brown.738@techcorp.org
10989,Robert Thompson,robert.thompson.605@techcorp.org
10990,Charlotte Perez,charlotte.perez.592@testmail.com
10991,James Brown,james.brown.163@example.com
10992,Michael Thompson,michael.thompson.415@example.com
10993,William Sanchez,william.sanchez.261@mail.net
10994,Charles Perez,charles.perez.276@rdbms.dev
10995,Charles Ramirez,charles.ramirez.536@example.com
10996,Charles Walker,charles.walker.269@rdbms.dev
10997,Charles Clark,charles.clark.981@mail.net
10998,Mia Miller,mia.miller.832@example.com
10999,Emily White,emily.white.207@rdbms.dev
11000,Mia Robinson,mia.robinson.901@mail.net
11001,Emma Miller,emma.miller.279@mail.net
11002,Isabella Sanchez,isabella.sanchez.603@example.com
11003,James Clark,james.clark.764@testmail.com
11004,Richard Miller,richard.miller.753@mail.net
11005,Emily Brown,emily.brown.592@rdbms.dev
11006,Jane Walker,jane.walker.679@techcorp.org
11007,Isabella Johnson,isabella.johnson.789@mail.net
11008,Charlotte Jackson,charlotte.jackson.521@testmail.com
11009,John Thompson,john.thompson.224@techcorp.org
11010,Emma Lee,emma.lee.173@testmail.com
11011,Richard Miller,richard.miller.287@techcorp.org
11012,Mia Smith,mia.smith.539@testmail.com
11013,Thomas Sanchez,thomas.sanchez.861@techcorp.org
11014,Emily Robinson,emily.robinson.716@testmail.com
11015,Emma Martin,emma.martin.320@techcorp.org
11016,William Taylor,william.taylor.221@techcorp.org
11017,John Robinson,john.robinson.292@mail.net
11018,Jane Smith,jane.smith.788@example.com
11019,Joseph Walker,joseph.walker.606@techcorp.org
11020,Mia Lewis,mia.lewis.556@testmail.com
11021,Thomas Jackson,thomas.jackson.582@example.com
11022,Charlotte White,charlotte.white.493@mail.net
11023,Robert Johnson,robert.johnson.724@techcorp.org
11024,Jane Lewis,jane.lewis.328@example.com
11025,Thomas Jackson,thomas.jackson.194@example.com
11026,Amelia Robinson,amelia.robinson.764@techcorp.org
11027,Joseph Johnson,joseph.johnson.896@example.com
11028,Amelia Robinson,amelia.robinson.303@rdbms.dev
11029,Charlotte Moore,charlotte.moore.696@techcorp.org
11030,Robert Johnson,robert.johnson.379@techcorp.org
11031,Isabella Moore,isabella.moore.695@techcorp.org
11032,Richard Thompson,richard.thompson.388@testmail.com
11033,Joseph Robinson,joseph.robinson.931@testmail.com
11034,Amelia Ramirez,amelia.ramirez.669@example.com
11035,Robert Lee,robert.lee.614@techcorp.org
11036,Emma White,emma.white.547@mail.net
11037,Sophia Lewis,sophia.lewis.854@example.com
11038,William Jackson,william.jackson.239@example.com
11039,Charles Ramirez,charles.ramirez.488@mail.net
11040,Joseph Lewis,joseph.lewis.168@example.com
11041,William Taylor,william.taylor.414@techcorp.org
11042,Joseph Jackson,joseph.jackson.875@techcorp.org
11043,James Harris,james.harris.276@example.com
11044,Richard Moore,richard.moore.809@mail.net
11045,Charlotte Lee,charlotte.lee.831@rdbms.dev
11046,Michael Brown,michael.brown.417@techcorp.org
11047,Richard Sanchez,richard.sanchez.985@testmail.com
11048,Charlotte Harris,charlotte.harris.988@techcorp.org
11049,William Brown,william.brown.943@mail.net
11050,Michael Lee,michael.lee.750@example.com
11051,Jane Taylor,jane.taylor.826@testmail.com
11052,Sophia Brown,sophia.brown.847@example.com
11053,Richard Martin,richard.martin.406@rdbms.dev
11054,James Thompson,james.thompson.740@testmail.com
11055,Emma Harris,emma.harris.559@techcorp.org
11056,Ava Wilson,ava.wilson.874@rdbms.dev
11057,Michael Lewis,michael.lewis.846@example.com
11058,Robert Taylor,robert.taylor.390@techcorp.org
11059,Amelia Taylor,amelia.taylor.914@techcorp.org
11060,Ava Perez,ava.perez.441@example.com
11061,Olivia Jackson,olivia.jackson.101@techcorp.org
11062,Michael Sanchez,michael.sanchez.589@testmail.com
11063,Olivia Ramirez,olivia.ramirez.189@example.com
11064,Richard Perez,richard.perez.579@example.com
11065,Ava Lee,ava.lee.413@example.com
11066,John Lewis,john.lewis.233@mail.net
11067,Emma Sanchez,emma.sanchez.658@mail.net
11068,Charles Moore,charles.moore.530@testmail.com
11069,William Robinson,william.robinson.643@techcorp.org
11070,Emily Clark,emily.clark.439@testmail.com
11071,Joseph Harris,joseph.harris.738@mail.net
11072,James Wilson,james.wilson.929@mail.net
11073,Ava Taylor,ava.taylor.355@techcorp.org
11074,Michael White,michael.white.705@example.com
11075,John Miller,john.miller.278@example.com
11076,Emily White,emily.white.323@mail.net
11077,Olivia Sanchez,olivia.sanchez.434@testmail.com
11078,Jane Jackson,jane.jackson.569@example.com
11079,John Wilson,john.wilson.436@techcorp.org
11080,Isabella Thompson,isabella.thompson.231@rdbms.dev
11081,Amelia Ramirez,amelia.ramirez.619@rdbms.dev
11082,Emma Perez,emma.perez.679@mail.net
11083,James Thompson,james.thompson.431@example.com
11084,Mia Lewis,mia.lewis.636@testmail.com
11085,David Brown,david.brown.293@rdbms.dev
11086,Ava Brown,ava.brown.669@mail.net
11087,Olivia Wilson,olivia.wilson.913@example.com
11088,Charlotte Lewis,charlotte.lewis.180@testmail.com
11089,Charles Walker,charles.walker.772@testmail.com
11090,James Ramirez,james.ramirez.853@rdbms.dev
11091,David Perez,david.perez.999@mail.net
11092,Robert Brown,robert.brown.729@rdbms.dev
11093,Emily Moore,emily.moore.375@mail.net
11094,Thomas Martin,thomas.martin.558@rdbms.dev
11095,Isabella Jackson,isabella.jackson.783@example.com
11096,Mia Clark,mia.clark.227@mail.net
11097,Olivia Taylor,olivia.taylor.122@testmail.com
11098,William Sanchez,william.sanchez.814@example.com
11099,Isabella Lewis,isabella.lewis.713@techcorp.org
11100,Emma Lewis,emma.lewis.284@mail.net
11101,Charles Sanchez,charles.sanchez.844@rdbms.dev
11102,Charles Miller,charles.miller.437@testmail.com
11103,Jane Harris,jane.harris.588@rdbms.dev
11104,Joseph Johnson,joseph.johnson.448@mail.net
11105,David Robinson,david.robinson.403@rdbms.dev
11106,Robert Smith,robert.smith.788@testmail.com
11107,Thomas Miller,thomas.miller.841@techcorp.org
11108,Thomas Sanchez,thomas.sanchez.452@techcorp.org
11109,Ava Thompson,ava.thompson.617@mail.net
11110,Robert Walker,robert.walker.161@techcorp.org
11111,Sophia Ramirez,sophia.ramirez.419@testmail.com
11112,David Walker,david.walker.315@rdbms.dev
11113,William Ramirez,william.ramirez.163@rdbms.dev
11114,Emily Lee,emily.lee.641@example.com
11115,William Smith,william.smith.937@example.com
11116,Michael Jackson,michael.jackson.541@rdbms.dev
11117,Olivia Taylor,olivia.taylor.109@rdbms.dev
11118,Jane Miller,jane.miller.717@testmail.com
11119,Olivia Sanchez,olivia.sanchez.113@example.com
11120,Joseph Thompson,joseph.thompson.965@rdbms.dev
11121,Amelia Robinson,amelia.robinson.938@testmail.com
11122,Mia Walker,mia.walker.380@example.com
11123,Amelia Robinson,amelia.robinson.605@testmail.com
11124,Mia Perez,mia.perez.332@mail.net
11125,Michael Jackson,michael.jackson.417@example.com
11126,Thomas Jackson,thomas.jackson.527@example.com
11127,Isabella Ramirez,isabella.ramirez.363@example.com
11128,Thomas Smith,thomas.smith.386@mail.net
11129,William Lee,william.lee.324@rdbms.dev
11130,Olivia Jackson,olivia.jackson.304@mail.net
11131,Olivia Johnson,olivia.johnson.535@rdbms.dev
11132,Sophia Brown,sophia.brown.463@techcorp.org
11133,Jane Martin,jane.martin.580@rdbms.dev
11134,Emma Lewis,emma.lewis.711@mail.net
11135,Isabella Miller,isabella.miller.664@mail.net
11136,Ava Perez,ava.perez.251@rdbms.dev
11137,Charles Sanchez,charles.sanchez.426@example.com
11138,Charlotte Brown,charlotte.brown.738@techcorp.org
11139,Richard Martin,richard.martin.686@mail.net
11140,David Ramirez,david.ramirez.910@techcorp.org
11141,John Lee,john.lee.288@rdbms.dev
11142,Mia Martin,mia.martin.897@testmail.com
11143,Amelia Clark,amelia.clark.703@rdbms.dev
11144,James Walker,james.walker.910@rdbms.dev
11145,Sophia Ramirez,sophia.ramirez.923@example.com
11146,Charles Thompson,charles.thompson.187@techcorp.org
11147,Amelia Wilson,amelia.wilson.675@rdbms.dev
11148,Olivia Perez,olivia.perez.349@testmail.com
11149,Thomas Miller,thomas.miller.997@techcorp.org
11150,Jane Wilson,jane.wilson.729@testmail.com
11151,Thomas Ramirez,thomas.ramirez.466@testmail.com
11152,Jane Ramirez,jane.ramirez.940@mail.net
11153,James Smith,james.smith.332@rdbms.dev
11154,Joseph Miller,joseph.miller.133@techcorp.org
11155,William Jackson,william.jackson.905@mail.net
11156,Sophia Smith,sophia.smith.259@rdbms.dev
11157,Charlotte Wilson,charlotte.wilson.681@rdbms.dev
11158,Charles Jackson,charles.jackson.696@example.com
11159,Emma Wilson,emma.wilson.296@mail.net
11160,James Brown,james.brown.875@techcorp.org
11161,Emily Lee,emily.lee.839@testmail.com
11162,Ava Walker,ava.walker.143@mail.net
11163,Amelia Ramirez,amelia.ramirez.984@testmail.com
11164,Olivia Ramirez,olivia.ramirez.767@rdbms.dev
11165,Ava Sanchez,ava.sanchez.524@mail.net
11166,Emily Harris,emily.harris.809@techcorp.org
11167,James Lee,james.lee.890@testmail.com
11168,Sophia Thompson,sophia.thompson.738@rdbms.dev
11169,Emily Thompson,emily.thompson.668@mail.net
11170,Michael Johnson,michael.johnson.705@testmail.com
11171,Richard Wilson,richard.wilson.345@mail.net
11172,John Ramirez,john.ramirez.891@example.com
11173,Isabella Thompson,isabella.thompson.253@techcorp.org
11174,Thomas Martin,thomas.martin.591@example.com
11175,Mia Sanchez,mia.sanchez.672@rdbms.dev
11176,William Johnson,william.johnson.878@rdbms.dev
11177,David Thompson,david.thompson.678@testmail.com
11178,Ava Lewis,ava.lewis.398@mail.net
11179,Sophia Jackson,sophia.jackson.388@rdbms.dev
11180,Joseph Walker,joseph.walker.439@rdbms.dev
11181,Mia Moore,mia.moore.615@techcorp.org
11182,Emily Taylor,emily.taylor.326@testmail.com
11183,Isabella Walker,isabella.walker.308@techcorp.org
11184,Sophia Robinson,sophia.robinson.112@testmail.com
11185,William Walker,william.walker.534@mail.net
11186,Thomas Lewis,thomas.lewis.131@example.com
11187,Emma White,emma.white.318@mail.net
11188,Robert Wilson,robert.wilson.160@mail.net
11189,Emily Ramirez,emily.ramirez.273@rdbms.dev
11190,Amelia Lee,amelia.lee.184@mail.net
11191,Amelia Robinson,amelia.robinson.461@techcorp.org
11192,Emily Moore,emily.moore.787@testmail.com
11193,Olivia Moore,olivia.moore.138@example.com
11194,Thomas White,thomas.white.203@testmail.com
11195,Jane Harris,jane.harris.668@rdbms.dev
11196,Isabella Harris,isabella.harris.287@mail.net
11197,Jane Lee,jane.lee.378@example.com
11198,Amelia Ramirez,amelia.ramirez.146@techcorp.org
11199,Amelia Robinson,amelia.robinson.158@rdbms.dev
11200,Jane Jackson,jane.jackson.424@rdbms.dev
11201,Michael Harris,michael.harris.413@mail.net
11202,John Jackson,john.jackson.720@techcorp.org
11203,John Perez,john.perez.597@testmail.com
11204,Isabella Harris,isabella.harris.672@techcorp.org
11205,Charles Harris,charles.harris.828@rdbms.dev
11206,Mia Clark,mia.clark.897@testmail.com
11207,Robert Thompson,robert.thompson.543@mail.net
11208,James Johnson,james.johnson.157@example.com
11209,Charlotte Taylor,charlotte.taylor.892@rdbms.dev
11210,Jane Lewis,jane.lewis.520@techcorp.org
11211,David Brown,david.brown.894@testmail.com
11212,Richard Lee,richard.lee.377@rdbms.dev
11213,Jane Walker,jane.walker.223@mail.net
11214,Ava Ramirez,ava.ramirez.306@rdbms.dev
11215,James Perez,james.perez.462@techcorp.org
11216,Charles Miller,charles.miller.215@mail.net
11217,Olivia Jackson,olivia.jackson.662@rdbms.dev
11218,Ava Wilson,ava.wilson.854@rdbms.dev
11219,Michael Wilson,michael.wilson.592@rdbms.dev
11220,Ava Smith,ava.smith.473@mail.net
11221,Sophia Moore,sophia.moore.455@testmail.com
11222,Mia Martin,mia.martin.488@rdbms.dev
11223,Emma Clark,emma.clark.961@example.com
11224,David Robinson,david.robinson.579@testmail.com
11225,Richard Perez,richard.perez.308@mail.net
11226,Charles Clark,charles.clark.760@rdbms.dev
11227,Emily Martin,emily.martin.431@testmail.com
11228,Michael Smith,michael.smith.171@example.com
11229,Olivia White,olivia.white.202@testmail.com
11230,Sophia Taylor,sophia.taylor.878@example.com
11231,Isabella Lewis,isabella.lewis.153@rdbms.dev
11232,David Johnson,david.johnson.211@techcorp.org
11233,Jane Robinson,jane.robinson.856@techcorp.org
11234,Emily Miller,emily.miller.999@mail.net
11235,Thomas Martin,thomas.martin.458@techcorp.org
11236,Sophia Lewis,sophia.lewis.307@rdbms.dev
11237,David Sanchez,david.sanchez.668@techcorp.org
11238,Mia Brown,mia.brown.926@testmail.com
11239,Charlotte White,charlotte.white.996@rdbms.dev
11240,Emma Thompson,emma.thompson.778@mail.net
11241,Michael Harris,michael.harris.347@example.com
11242,Thomas Smith,thomas.smith.458@mail.net
11243,Michael Wilson,michael.wilson.234@testmail.com
11244,Jane Lewis,jane.lewis.642@rdbms.dev
11245,William Smith,william.smith.603@mail.net
11246,Thomas Robinson,thomas.robinson.876@testmail.com
11247,Ava Lewis,ava.lewis.933@example.com
11248,Amelia Smith,amelia.smith.696@example.com
11249,Amelia Jackson,amelia.jackson.117@example.com
11250,Mia Walker,mia.walker.590@example.com
11251,Mia Brown,mia.brown.554@testmail.com
11252,Ava White,ava.white.752@rdbms.dev
11253,William Ramirez,william.ramirez.424@techcorp.org
11254,Charlotte Martin,charlotte.martin.748@mail.net
11255,Richard Miller,richard.miller.754@testmail.com
11256,Jane Perez,jane.perez.166@rdbms.dev
11257,Charles Brown,charles.brown.424@mail.net
11258,John Harris,john.harris.861@rdbms.dev
11259,Sophia Clark,sophia.clark.490@testmail.com
11260,Emma Clark,emma.clark.267@example.com
11261,Isabella Thompson,isabella.thompson.467@rdbms.dev
11262,John Jackson,john.jackson.130@techcorp.org
11263,David Brown,david.brown.260@rdbms.dev
11264,Sophia Harris,sophia.harris.540@rdbms.dev
11265,Charlotte Perez,charlotte.perez.708@example.com
11266,Emma Ramirez,emma.ramirez.850@techcorp.org
11267,John Sanchez,john.sanchez.804@mail.net
11268,Charles Miller,charles.miller.593@mail.net
11269,Joseph Ramirez,joseph.ramirez.305@example.com
11270,Emily Walker,emily.walker.338@mail.net
11271,Ava Lewis,ava.lewis.697@rdbms.dev
11272,Charles Brown,charles.brown.346@rdbms.dev
11273,Charlotte Taylor,charlotte.taylor.883@techcorp.org
11274,Mia Walker,mia.walker.588@example.com
11275,Jane Miller,jane.miller.200@mail.net
11276,Emily Taylor,emily.taylor.693@example.com
11277,Joseph Lee,joseph.lee.414@techcorp.org
11278,Emma White,emma.white.275@rdbms.dev
11279,Robert Moore,robert.moore.828@techcorp.org
11280,Thomas Clark,thomas.clark.614@rdbms.dev
11281,Michael Lee,michael.lee.539@rdbms.dev
11282,Amelia Johnson,amelia.johnson.755@mail.net
11283,William Miller,william.miller.431@example.com
11284,David Sanchez,david.sanchez.722@rdbms.dev
11285,Joseph Walker,joseph.walker.311@mail.net
11286,Emma Taylor,emma.taylor.932@example.com
11287,Joseph Johnson,joseph.johnson.635@example.com
11288,Thomas Robinson,thomas.robinson.168@techcorp.org
11289,Michael Moore,michael.moore.541@techcorp.org
11290,Emma Martin,emma.martin.886@rdbms.dev
11291,Amelia Robinson,amelia.robinson.516@mail.net
11292,John Martin,john.martin.817@testmail.com
11293,Charles Smith,charles.smith.234@rdbms.dev
11294,Charlotte Taylor,charlotte.taylor.262@testmail.com
11295,Thomas White,thomas.white.122@example.com
11296,Thomas Clark,thomas.clark.622@testmail.com
11297,Michael Lewis,michael.lewis.959@mail.net
11298,Charlotte Perez,charlotte.perez.733@rdbms.dev
11299,John Johnson,john.johnson.144@mail.net
11300,Isabella Harris,isabella.harris.395@example.com
11301,Charlotte Brown,charlotte.brown.629@testmail.com
11302,Richard Smith,richard.smith.299@example.com
11303,Richard Jackson,richard.jackson.942@rdbms.dev
11304,Jane Johnson,jane.johnson.907@rdbms.dev
11305,Emma Brown,emma.brown.496@testmail.com
11306,Ava Lewis,ava.lewis.609@techcorp.org
11307,James Lee,james.lee.283@techcorp.org
11308,Ava Sanchez,ava.sanchez.885@example.com
11309,Jane Jackson,jane.jackson.821@rdbms.dev
11310,Amelia Miller,amelia.miller.703@mail.net
11311,Jane Thompson,jane.thompson.932@example.com
11312,Charles White,charles.white.838@example.com
11313,Mia Walker,mia.walker.275@testmail.com
11314,Joseph Smith,joseph.smith.627@mail.net
11315,Joseph Sanchez,joseph.sanchez.187@rdbms.dev
11316,Emily Lee,emily.lee.934@testmail.com
11317,John Brown,john.brown.512@rdbms.dev
11318,David Sanchez,david.sanchez.740@mail.net
11319,James Johnson,james.johnson.103@mail.net
11320,Emma Taylor,emma.taylor.510@example.com
11321,Amelia Moore,amelia.moore.632@rdbms.dev
11322,Robert Moore,robert.moore.591@testmail.com
11323,Olivia Johnson,olivia.johnson.156@testmail.com
11324,Joseph Miller,joseph.miller.272@example.com
11325,Joseph Clark,joseph.clark.656@rdbms.dev
11326,Robert Lee,robert.lee.854@example.com
11327,Thomas Lewis,thomas.lewis.120@example.com
11328,Sophia Johnson,sophia.johnson.781@mail.net
11329,Isabella Walker,isabella.walker.879@techcorp.org
11330,Robert Smith,robert.smith.485@rdbms.dev
11331,John Martin,john.martin.911@techcorp.org
11332,Isabella Thompson,isabella.thompson.408@techcorp.org
11333,Joseph Jackson,joseph.jackson.759@testmail.com
11334,John Miller,john.miller.498@techcorp.org
11335,Robert Smith,robert.smith.576@techcorp.org
11336,Charles Moore,charles.moore.824@mail.net
11337,Thomas Clark,thomas.clark.165@rdbms.dev
11338,Amelia Thompson,amelia.thompson.839@example.com
11339,Sophia Thompson,sophia.thompson.264@mail.net
11340,Emma Robinson,emma.robinson.542@testmail.com
11341,Charles White,charles.white.477@mail.net
11342,Robert Taylor,robert.taylor.640@rdbms.dev
11343,Isabella Taylor,isabella.taylor.382@example.com
11344,Robert Martin,robert.martin.993@example.com
11345,Jane White,jane.white.996@mail.net
11346,Mia Brown,mia.brown.780@techcorp.org
11347,Emma Miller,emma.miller.745@rdbms.dev
11348,Richard Lewis,richard.lewis.153@example.com
11349,Charles Brown,charles.brown.183@testmail.com
11350,Charles Lee,charles.lee.655@techcorp.org
11351,Ava White,ava.white.259@testmail.com
11352,Mia Sanchez,mia.sanchez.216@mail.net
11353,Robert Walker,robert.walker.217@example.com
11354,Emily Wilson,emily.wilson.769@testmail.com
11355,David Miller,david.miller.691@mail.net
11356,Jane Smith,jane.smith.486@mail.net
11357,David Harris,david.harris.300@rdbms.dev
11358,David Clark,david.clark.749@testmail.com
11359,Amelia Johnson,amelia.johnson.439@mail.net
11360,Emma Ramirez,emma.ramirez.362@techcorp.org
11361,Emma Brown,emma.brown.299@testmail.com
11362,Emma Taylor,emma.taylor.615@rdbms.dev
11363,Olivia Walker,olivia.walker.346@mail.net
11364,Thomas Perez,thomas.perez.858@testmail.com
11365,Thomas Lewis,thomas.lewis.120@testmail.com
11366,Emma Moore,emma.moore.374@techcorp.org
11367,Joseph Brown,joseph.brown.310@rdbms.dev
11368,Olivia Smith,olivia.smith.670@mail.net
11369,Charles Sanchez,charles.sanchez.843@testmail.com
11370,David Miller,david.miller.541@rdbms.dev
11371,David Sanchez,david.sanchez.539@testmail.com
11372,Richard Thompson,richard.thompson.454@rdbms.dev
11373,Ava Thompson,ava.thompson.852@mail.net
11374,John Moore,john.moore.238@techcorp.org
11375,Sophia Sanchez,sophia.sanchez.554@testmail.com
11376,David Lewis,david.lewis.910@mail.net
11377,William Perez,william.perez.980@techcorp.org
11378,Olivia Ramirez,olivia.ramirez.505@mail.net
11379,Emma Walker,emma.walker.199@techcorp.org
11380,David Thompson,david.thompson.131@rdbms.dev
11381,Richard Perez,richard.perez.968@example.com
11382,Olivia Johnson,olivia.johnson.693@rdbms.dev
11383,Joseph Smith,joseph.smith.414@rdbms.dev
11384,Amelia White,amelia.white.103@techcorp.org
11385,Isabella Thompson,isabella.thompson.180@example.com
11386,Isabella Lewis,isabella.lewis.294@example.com
11387,James Jackson,james.jackson.396@rdbms.dev
11388,John Thompson,john.thompson.106@rdbms.dev
11389,James Thompson,james.thompson.607@rdbms.dev
11390,Olivia Clark,olivia.clark.696@mail.net
11391,James Jackson,james.jackson.192@example.com
11392,Michael White,michael.white.559@techcorp.org
11393,James Jackson,james.jackson.996@rdbms.dev
11394,David Lewis,david.lewis.275@techcorp.org
11395,James Jackson,james.jackson.724@testmail.com
11396,William Miller,william.miller.782@example.com
11397,Richard Clark,richard.clark.507@techcorp.org
11398,Mia Johnson,mia.johnson.870@techcorp.org
11399,Michael Perez,michael.perez.840@mail.net
11400,Robert Thompson,robert.thompson.177@rdbms.dev
11401,James Lee,james.lee.804@testmail.com
11402,Charles Martin,charles.martin.661@techcorp.org
11403,Michael Sanchez,michael.sanchez.527@mail.net
11404,Robert Harris,robert.harris.203@techcorp.org
11405,Amelia Miller,amelia.miller.862@rdbms.dev
11406,James Brown,james.brown.176@rdbms.dev
11407,Emily Clark,emily.clark.390@example.com
11408,Joseph Jackson,joseph.jackson.128@example.com
11409,William Walker,william.walker.329@rdbms.dev
11410,Richard Robinson,richard.robinson.590@techcorp.org
11411,David Moore,david.moore.884@mail.net
11412,Emily Brown,emily.brown.682@techcorp.org
11413,Olivia Taylor,olivia.taylor.158@techcorp.org
11414,Emma Walker,emma.walker.675@example.com
11415,William Miller,william.miller.459@techcorp.org
11416,Thomas Harris,thomas.harris.295@rdbms.dev
11417,Ava Harris,ava.harris.711@example.com
11418,Joseph Martin,joseph.martin.671@example.com
11419,Jane Perez,jane.perez.759@techcorp.org
11420,Michael Clark,michael.clark.839@example.com
11421,John Lee,john.lee.942@example.com
11422,Ava Miller,ava.miller.513@mail.net
11423,William White,william.white.438@mail.net
11424,Michael Miller,michael.miller.744@rdbms.dev
11425,Thomas Robinson,thomas.robinson.750@mail.net
11426,David Robinson,david.robinson.828@rdbms.dev
11427,Charles Ramirez,charles.ramirez.221@testmail.com
11428,John Johnson,john.johnson.847@mail.net
11429,Amelia Walker,amelia.walker.553@example.com
11430,Robert Robinson,robert.robinson.771@techcorp.org
11431,Mia Thompson,mia.thompson.748@techcorp.org
11432,Emily Taylor,emily.taylor.728@testmail.com
11433,Mia Taylor,mia.taylor.468@testmail.com
11434,Charles Lewis,charles.lewis.370@mail.net
11435,Ava Clark,ava.clark.239@techcorp.org
11436,Olivia Moore,olivia.moore.931@rdbms.dev
11437,John Smith,john.smith.327@techcorp.org
11438,Richard Johnson,richard.johnson.622@mail.net
11439,Emily Miller,emily.miller.196@rdbms.dev
11440,Charles Wilson,charles.wilson.162@rdbms.dev
11441,Thomas Taylor,thomas.taylor.466@mail.net
11442,Olivia Smith,olivia.smith.718@example.com
11443,Robert Moore,robert.moore.736@mail.net
11444,Isabella Walker,isabella.walker.661@example.com
11445,Jane Thompson,jane.thompson.459@mail.net
11446,Charles Harris,charles.harris.410@example.com
11447,Mia Clark,mia.clark.978@techcorp.org
11448,Richard Moore,richard.moore.968@techcorp.org
11449,Emma Miller,emma.miller.465@testmail.com
11450,Olivia Lee,olivia.lee.723@mail.net
11451,Amelia Walker,amelia.walker.401@example.com
11452,David Thompson,david.thompson.906@rdbms.dev
11453,Amelia Miller,amelia.miller.548@example.com
11454,Richard Miller,richard.miller.489@example.com
11455,Isabella Thompson,isabella.thompson.653@rdbms.dev
11456,Michael Sanchez,michael.sanchez.665@example.com
11457,Joseph Miller,joseph.miller.547@example.com
11458,Thomas White,thomas.white.775@testmail.com
11459,Joseph Brown,joseph.brown.600@testmail.com
11460,Sophia Lee,sophia.lee.928@example.com
11461,Sophia Johnson,sophia.johnson.179@techcorp.org
11462,Isabella Wilson,isabella.wilson.714@mail.net
11463,Robert Harris,robert.harris.393@techcorp.org
11464,Michael Miller,michael.miller.283@mail.net
11465,David Harris,david.harris.413@testmail.com
11466,Jane Johnson,jane.johnson.467@example.com
11467,Jane Smith,jane.smith.729@techcorp.org
11468,Richard Moore,richard.moore.641@techcorp.org
11469,John Clark,john.clark.548@rdbms.dev
11470,Ava Harris,ava.harris.586@example.com
11471,David Brown,david.brown.567@techcorp.org
11472,Mia Thompson,mia.thompson.485@example.com
11473,Emily Lewis,emily.lewis.960@example.com
11474,Ava Robinson,ava.robinson.546@techcorp.org
11475,Ava Lewis,ava.lewis.844@techcorp.org
11476,John Moore,john.moore.229@rdbms.dev
11477,Ava Moore,ava.moore.691@techcorp.org
11478,Isabella Sanchez,isabella.sanchez.433@mail.net
11479,Charles Perez,charles.perez.593@rdbms.dev
11480,Michael Walker,michael.walker.594@mail.net
11481,Emily Harris,emily.harris.994@example.com
11482,William Lewis,william.lewis.300@techcorp.org
11483,Mia Harris,mia.harris.760@rdbms.dev
11484,Robert Jackson,robert.jackson.699@rdbms.dev
11485,Olivia Miller,olivia.miller.193@testmail.com
11486,Olivia Martin,olivia.martin.684@rdbms.dev
11487,Jane Lewis,jane.lewis.825@testmail.com
11488,Ava Harris,ava.harris.117@mail.net
11489,Michael Lee,michael.lee.363@testmail.com
11490,Jane Taylor,jane.taylor.233@example.com
11491,John Jackson,john.jackson.551@testmail.com
11492,Isabella White,isabella.white.333@example.com
11493,John Lee,john.lee.145@example.com
11494,Sophia Lewis,sophia.lewis.518@example.com
11495,Michael Lewis,michael.lewis.359@example.com
11496,John Miller,john.miller.413@testmail.com
11497,Amelia Lee,amelia.lee.347@example.com
11498,David Moore,david.moore.811@mail.net
11499,Emily Walker,emily.walker.339@mail.net
11500,Sophia Smith,sophia.smith.363@rdbms.dev
11501,Olivia Johnson,olivia.johnson.481@mail.net
11502,Charles Johnson,charles.johnson.667@techcorp.org
11503,Sophia Lewis,sophia.lewis.158@testmail.com
11504,John Sanchez,john.sanchez.273@mail.net
11505,David Perez,david.perez.799@example.com
11506,Michael Robinson,michael.robinson.996@mail.net
11507,Charlotte Lewis,charlotte.lewis.860@testmail.com
11508,Thomas Smith,thomas.smith.168@testmail.com
11509,Emily Smith,emily.smith.967@techcorp.org
11510,Amelia Lee,amelia.lee.860@mail.net
11511,Charlotte Robinson,charlotte.robinson.506@mail.net
11512,Charlotte Johnson,charlotte.johnson.604@example.com
11513,Richard Walker,richard.walker.658@rdbms.dev
11514,Emma Harris,emma.harris.404@example.com
11515,Isabella Ramirez,isabella.ramirez.351@example.com
11516,Emily Harris,emily.harris.873@mail.net
11517,John Johnson,john.johnson.178@rdbms.dev
11518,John Wilson,john.wilson.985@rdbms.dev
11519,Jane Thompson,jane.thompson.729@mail.net
11520,Mia Taylor,mia.taylor.800@mail.net
11521,Jane Miller,jane.miller.274@mail.net
11522,Jane Robinson,jane.robinson.141@testmail.com
11523,Olivia Sanchez,olivia.sanchez.194@testmail.com
11524,William Martin,william.martin.687@mail.net
11525,Charles Sanchez,charles.sanchez.548@example.com
11526,Michael Taylor,michael.taylor.477@rdbms.dev
11527,Emily Walker,emily.walker.641@rdbms.dev
11528,Jane Lee,jane.lee.957@rdbms.dev
11529,Isabella Lee,isabella.lee.865@example.com
11530,Olivia Moore,olivia.moore.344@testmail.com
11531,James Harris,james.harris.393@rdbms.dev
11532,Richard Wilson,richard.wilson.714@example.com
11533,Charlotte Walker,charlotte.walker.367@rdbms.dev
11534,Michael Moore,michael.moore.423@rdbms.dev
11535,Joseph Johnson,joseph.johnson.968@mail.net
11536,Sophia Brown,sophia.brown.414@mail.net
11537,Amelia Brown,amelia.brown.984@example.com
11538,Jane Johnson,jane.johnson.726@rdbms.dev
11539,Isabella Lee,isabella.lee.153@techcorp.org
11540,Emma Jackson,emma.jackson.677@example.com
11541,Joseph Brown,joseph.brown.439@mail.net
11542,John Johnson,john.johnson.537@rdbms.dev
11543,John Walker,john.walker.370@techcorp.org
11544,David Moore,david.moore.905@testmail.com
11545,Mia Martin,mia.martin.236@testmail.com
11546,John Smith,john.smith.985@example.com
11547,Richard Sanchez,richard.sanchez.140@rdbms.dev
11548,Jane Robinson,jane.robinson.869@testmail.com
11549,James Taylor,james.taylor.896@example.com
11550,Emma Johnson,emma.johnson.641@mail.net
11551,John Harris,john.harris.383@example.com
11552,Jane Lee,jane.lee.222@mail.net
11553,William Robinson,william.robinson.833@rdbms.dev
11554,Richard Clark,richard.clark.245@mail.net
11555,Joseph Johnson,joseph.johnson.305@techcorp.org
11556,Joseph Wilson,joseph.wilson.634@mail.net
11557,Michael Brown,michael.brown.325@example.com
11558,James Harris,james.harris.624@rdbms.dev
11559,Michael Miller,michael.miller.895@example.com
11560,Michael Lewis,michael.lewis.458@rdbms.dev
11561,Charlotte Brown,charlotte.brown.284@mail.net
11562,David Ramirez,david.ramirez.915@rdbms.dev
11563,Mia Lee,mia.lee.911@testmail.com
11564,James Ramirez,james.ramirez.970@mail.net
11565,Ava Sanchez,ava.sanchez.999@testmail.com
11566,William Moore,william.moore.987@mail.net
11567,David Moore,david.moore.460@techcorp.org
11568,Emily Martin,emily.martin.102@example.com
11569,Ava Johnson,ava.johnson.529@testmail.com
11570,William Martin,william.martin.178@mail.net
11571,Olivia Thompson,olivia.thompson.347@techcorp.org
11572,Thomas Moore,thomas.moore.648@mail.net
11573,Emily Wilson,emily.wilson.925@rdbms.dev
11574,Jane Wilson,jane.wilson.887@rdbms.dev
11575,Isabella Taylor,isabella.taylor.728@rdbms.dev
11576,Richard Walker,richard.walker.271@example.com
11577,Jane Brown,jane.brown.996@testmail.com
11578,Charlotte Thompson,charlotte.thompson.316@testmail.com
11579,Jane Moore,jane.moore.120@mail.net
11580,David Clark,david.clark.933@techcorp.org
11581,James Thompson,james.thompson.237@rdbms.dev
11582,Emma Perez,emma.perez.288@techcorp.org
11583,Olivia Walker,olivia.walker.956@example.com
11584,William White,william.white.392@mail.net
11585,Jane Lee,jane.lee.956@example.com
11586,Joseph Taylor,joseph.taylor.987@example.com
11587,Emily Wilson,emily.wilson.882@example.com
11588,Emma Lewis,emma.lewis.391@mail.net
11589,Thomas White,thomas.white.317@rdbms.dev
11590,Olivia Martin,olivia.martin.190@rdbms.dev
11591,Emma Johnson,emma.johnson.943@rdbms.dev
11592,Michael Martin,michael.martin.901@testmail.com
11593,Isabella Johnson,isabella.johnson.562@mail.net
11594,Olivia Clark,olivia.clark.760@example.com
11595,Charlotte Brown,charlotte.brown.416@testmail.com
11596,David Robinson,david.robinson.821@example.com
11597,Charles Wilson,charles.wilson.655@testmail.com
11598,Emma Lee,emma.lee.454@rdbms.dev
11599,Richard Smith,richard.smith.420@rdbms.dev
11600,Charlotte Thompson,charlotte.thompson.444@testmail.com
11601,Ava Brown,ava.brown.525@testmail.com
11602,Robert Johnson,robert.johnson.385@techcorp.org
11603,Sophia Lee,sophia.lee.497@example.com
11604,Emily Sanchez,emily.sanchez.722@techcorp.org
11605,Thomas Sanchez,thomas.sanchez.597@techcorp.org
11606,William Johnson,william.johnson.593@rdbms.dev
11607,Charlotte Perez,charlotte.perez.753@mail.net
11608,Charlotte Smith,charlotte.smith.641@example.com
11609,Mia Smith,mia.smith.559@techcorp.org
11610,Charles Johnson,charles.johnson.912@testmail.com
11611,Mia White,mia.white.186@mail.net
11612,Isabella Clark,isabella.clark.184@mail.net
11613,Michael Brown,michael.brown.866@techcorp.org
11614,Thomas Brown,thomas.brown.756@techcorp.org
11615,Michael Brown,michael.brown.648@mail.net
11616,John Ramirez,john.ramirez.923@mail.net
11617,Amelia Ramirez,amelia.ramirez.160@techcorp.org
11618,Emma Miller,emma.miller.766@rdbms.dev
11619,Richard Smith,richard.smith.952@mail.net
11620,Sophia Moore,sophia.moore.255@techcorp.org
11621,Michael Moore,michael.moore.435@techcorp.org
11622,Joseph Walker,joseph.walker.290@example.com
11623,Charles Martin,charles.martin.145@testmail.com
11624,Richard Smith,richard.smith.598@mail.net
11625,Emily Lee,emily.lee.830@testmail.com
11626,James Jackson,james.jackson.835@mail.net
11627,Sophia Johnson,sophia.johnson.403@example.com
11628,Charlotte Moore,charlotte.moore.816@rdbms.dev
11629,Isabella Moore,isabella.moore.939@techcorp.org
11630,Charlotte Perez,charlotte.perez.630@example.com
11631,Richard Jackson,richard.jackson.921@rdbms.dev
11632,Robert Miller,robert.miller.838@mail.net
11633,Joseph Ramirez,joseph.ramirez.926@techcorp.org
11634,Mia Lewis,mia.lewis.453@example.com
11635,Emma Harris,emma.harris.589@testmail.com
11636,Isabella Sanchez,isabella.sanchez.992@testmail.com
11637,Isabella Clark,isabella.clark.205@mail.net
11638,Emma White,emma.white.512@testmail.com
11639,William Robinson,william.robinson.541@rdbms.dev
11640,William Brown,william.brown.772@testmail.com
11641,William Lee,william.lee.691@techcorp.org
11642,Amelia Walker,amelia.walker.721@mail.net
11643,Isabella Martin,isabella.martin.462@testmail.com
11644,Joseph Walker,joseph.walker.326@techcorp.org
11645,Michael Robinson,michael.robinson.551@example.com
11646,Charlotte Harris,charlotte.harris.726@testmail.com
11647,Thomas Sanchez,thomas.sanchez.523@techcorp.org
11648,Jane Martin,jane.martin.653@example.com
11649,David Wilson,david.wilson.487@mail.net
11650,William Smith,william.smith.107@techcorp.org
11651,William Lee,william.lee.314@mail.net
11652,Emily Robinson,emily.robinson.278@techcorp.org
11653,Richard White,richard.white.723@mail.net
11654,Charles Thompson,charles.thompson.216@example.com
11655,Thomas Brown,thomas.brown.249@techcorp.org
11656,Michael Harris,michael.harris.598@example.com
11657,Charles Lee,charles.lee.317@rdbms.dev
11658,Olivia Perez,olivia.perez.200@rdbms.dev
11659,Joseph Lewis,joseph.lewis.418@mail.net
11660,Michael Robinson,michael.robinson.950@testmail.com
11661,Jane Sanchez,jane.sanchez.605@mail.net
11662,Emily Perez,emily.perez.424@techcorp.org
11663,Jane Robinson,jane.robinson.192@example.com
11664,Emma Brown,emma.brown.634@testmail.com
11665,Sophia Sanchez,sophia.sanchez.261@techcorp.org
11666,Charlotte Wilson,charlotte.wilson.745@rdbms.dev
11667,Joseph Moore,joseph.moore.838@testmail.com
11668,William Walker,william.walker.769@mail.net
11669,Joseph Ramirez,joseph.ramirez.976@rdbms.dev
11670,John Lewis,john.lewis.105@mail.net
11671,Emily Smith,emily.smith.769@mail.net
11672,Richard Jackson,richard.jackson.638@rdbms.dev
11673,Richard Harris,richard.harris.682@mail.net
11674,Jane Clark,jane.clark.828@techcorp.org
11675,Charles Wilson,charles.wilson.680@rdbms.dev
11676,David Lee,david.lee.870@techcorp.org
11677,John Clark,john.clark.700@rdbms.dev
11678,Jane Wilson,jane.wilson.217@rdbms.dev
11679,James Johnson,james.johnson.602@testmail.com
11680,James Robinson,james.robinson.519@example.com
11681,Emma Robinson,emma.robinson.575@example.com
11682,Joseph Johnson,joseph.johnson.398@testmail.com
11683,Mia Moore,mia.moore.644@techcorp.org
11684,James Sanchez,james.sanchez.549@techcorp.org
11685,Emma Harris,emma.harris.557@techcorp.org
11686,Emma Lewis,emma.lewis.907@example.com
11687,Olivia Perez,olivia.perez.133@techcorp.org
11688,Isabella Martin,isabella.martin.263@rdbms.dev
11689,David Miller,david.miller.731@rdbms.dev
11690,John Brown,john.brown.387@example.com
11691,Ava Ramirez,ava.ramirez.846@techcorp.org
11692,William Walker,william.walker.295@techcorp.org
11693,Charles Perez,charles.perez.251@example.com
11694,Sophia Miller,sophia.miller.413@mail.net
11695,Ava Ramirez,ava.ramirez.877@mail.net
11696,Emily Clark,emily.clark.470@mail.net
11697,Jane Ramirez,jane.ramirez.706@techcorp.org
11698,William Brown,william.brown.107@testmail.com
11699,Charlotte Lewis,charlotte.lewis.639@testmail.com
11700,Richard Miller,richard.miller.132@techcorp.org
11701,Olivia Martin,olivia.martin.886@example.com
11702,Michael Harris,michael.harris.384@example.com
11703,Richard Miller,richard.miller.204@testmail.com
11704,William Walker,william.walker.156@rdbms.dev
11705,William White,william.white.764@testmail.com
11706,Jane Moore,jane.moore.256@techcorp.org
11707,John Perez,john.perez.123@techcorp.org
11708,Sophia Walker,sophia.walker.167@techcorp.org
11709,Ava Perez,ava.perez.285@testmail.com
11710,David Martin,david.martin.769@techcorp.org
11711,William Brown,william.brown.912@testmail.com
11712,Michael Sanchez,michael.sanchez.545@example.com
11713,John Johnson,john.johnson.533@rdbms.dev
11714,Olivia White,olivia.white.117@techcorp.org
11715,James Brown,james.brown.522@testmail.com
11716,James Lee,james.lee.766@example.com
11717,Emma Perez,emma.perez.128@mail.net
11718,Amelia Smith,amelia.smith.944@example.com
11719,James Clark,james.clark.420@testmail.com
11720,Michael Robinson,michael.robinson.491@testmail.com
11721,William Thompson,william.thompson.854@testmail.com
11722,Thomas Smith,thomas.smith.285@example.com
11723,David Harris,david.harris.573@testmail.com
11724,David Thompson,david.thompson.123@example.com
11725,Isabella Johnson,isabella.johnson.874@rdbms.dev
11726,Olivia Perez,olivia.perez.872@example.com
11727,John Clark,john.clark.627@techcorp.org
11728,Isabella Harris,isabella.harris.949@testmail.com
11729,Mia Miller,mia.miller.278@techcorp.org
11730,Robert White,robert.white.976@example.com
11731,Olivia Perez,olivia.perez.201@testmail.com
11732,Ava Lee,ava.lee.235@testmail.com
11733,Joseph Taylor,joseph.taylor.541@example.com
11734,Isabella Harris,isabella.harris.420@techcorp.org
11735,Robert Taylor,robert.taylor.474@mail.net
11736,David Perez,david.perez.679@example.com
11737,Olivia Sanchez,olivia.sanchez.746@mail.net
11738,Joseph Jackson,joseph.jackson.366@techcorp.org
11739,Charles Sanchez,charles.sanchez.866@techcorp.org
11740,William Harris,william.harris.714@rdbms.dev
11741,Richard Moore,richard.moore.261@testmail.com
11742,Ava Brown,ava.brown.209@example.com
11743,Emily Ramirez,emily.ramirez.510@rdbms.dev
11744,Robert Wilson,robert.wilson.879@testmail.com
11745,Charles Lewis,charles.lewis.130@testmail.com
11746,Joseph Perez,joseph.perez.396@techcorp.org
11747,Michael Taylor,michael.taylor.640@example.com
11748,John Clark,john.clark.981@rdbms.dev
11749,Charles Miller,charles.miller.664@example.com
11750,Joseph Smith,joseph.smith.779@mail.net
11751,Emily Miller,emily.miller.982@example.com
11752,Richard Lewis,richard.lewis.836@example.com
11753,Charles Ramirez,charles.ramirez.646@rdbms.dev
11754,Jane Harris,jane.harris.479@example.com
11755,Mia White,mia.white.274@techcorp.org
11756,Emma Sanchez,emma.sanchez.594@example.com
11757,Michael Martin,michael.martin.736@mail.net
11758,Isabella Brown,isabella.brown.671@testmail.com
11759,Jane Perez,jane.perez.830@mail.net
11760,Richard Robinson,richard.robinson.718@mail.net
11761,Olivia Harris,olivia.harris.887@rdbms.dev
11762,Robert Sanchez,robert.sanchez.694@example.com
11763,Ava Brown,ava.brown.469@testmail.com
11764,James Brown,james.brown.920@testmail.com
11765,Charles Smith,charles.smith.779@testmail.com
11766,Robert Sanchez,robert.sanchez.824@example.com
11767,John Robinson,john.robinson.404@mail.net
11768,Amelia Harris,amelia.harris.926@techcorp.org
11769,Olivia Lee,olivia.lee.467@mail.net
11770,Charlotte Miller,charlotte.miller.254@mail.net
11771,Ava Thompson,ava.thompson.211@techcorp.org
11772,Ava Lewis,ava.lewis.613@techcorp.org
11773,Ava White,ava.white.580@testmail.com
11774,Amelia Johnson,amelia.johnson.695@rdbms.dev
11775,Robert Harris,robert.harris.959@rdbms.dev
11776,Ava Clark,ava.clark.347@techcorp.org
11777,Thomas Taylor,thomas.taylor.557@testmail.com
11778,John Harris,john.harris.147@techcorp.org
11779,Robert Taylor,robert.taylor.371@techcorp.org
11780,Joseph Jackson,joseph.jackson.637@mail.net
11781,Charlotte Wilson,charlotte.wilson.776@rdbms.dev
11782,Charlotte Moore,charlotte.moore.961@testmail.com
11783,Charles Smith,charles.smith.676@example.com
11784,Thomas Sanchez,thomas.sanchez.916@rdbms.dev
11785,Charlotte Taylor,charlotte.taylor.297@testmail.com
11786,Sophia Perez,sophia.perez.604@example.com
11787,Mia Lee,mia.lee.631@example.com
11788,Mia Lee,mia.lee.747@mail.net
11789,Charles Lee,charles.lee.828@rdbms.dev
11790,Charlotte Robinson,charlotte.robinson.502@mail.net
11791,Richard Lee,richard.lee.782@testmail.com
11792,William Miller,william.miller.590@mail.net
11793,Emily Johnson,emily.johnson.788@techcorp.org
11794,Amelia Clark,amelia.clark.291@example.com
11795,Ava White,ava.white.975@testmail.com
11796,Richard Jackson,richard.jackson.773@rdbms.dev
11797,James Martin,james.martin.572@mail.net
11798,Jane Moore,jane.moore.979@rdbms.dev
11799,Jane Smith,jane.smith.555@mail.net
11800,Emily White,emily.white.167@testmail.com
11801,Olivia Thompson,olivia.thompson.298@example.com
11802,James Taylor,james.taylor.843@example.com
11803,Isabella Sanchez,isabella.sanchez.246@techcorp.org
11804,Amelia Smith,amelia.smith.878@example.com
11805,Charlotte Harris,charlotte.harris.472@techcorp.org
11806,Isabella Wilson,isabella.wilson.196@rdbms.dev
11807,Emily Moore,emily.moore.663@example.com
11808,Joseph Martin,joseph.martin.230@example.com
11809,Michael Sanchez,michael.sanchez.396@rdbms.dev
11810,William Moore,william.moore.902@mail.net
11811,Isabella Perez,isabella.perez.102@rdbms.dev
11812,Isabella Jackson,isabella.jackson.407@rdbms.dev
11813,James Clark,james.clark.157@mail.net
11814,Amelia Brown,amelia.brown.827@testmail.com
11815,Isabella Harris,isabella.harris.958@testmail.com
11816,Amelia Thompson,amelia.thompson.117@mail.net
11817,Charles Miller,charles.miller.399@rdbms.dev
11818,Sophia Johnson,sophia.johnson.733@rdbms.dev
11819,James Lee,james.lee.719@rdbms.dev
11820,Emily Martin,emily.martin.990@rdbms.dev
11821,Jane Johnson,jane.johnson.738@techcorp.org
11822,Emma Brown,emma.brown.596@mail.net
11823,Mia Robinson,mia.robinson.753@techcorp.org
11824,Olivia Lee,olivia.lee.548@techcorp.org
11825,Jane Taylor,jane.taylor.605@testmail.com
11826,David Taylor,david.taylor.437@testmail.com
11827,Amelia Moore,amelia.moore.765@testmail.com
11828,William Wilson,william.wilson.318@techcorp.org
11829,James Johnson,james.johnson.728@testmail.com
11830,Emma Johnson,emma.johnson.751@mail.net
11831,David Robinson,david.robinson.233@testmail.com
11832,Olivia Robinson,olivia.robinson.719@techcorp.org
11833,Michael Ramirez,michael.ramirez.393@testmail.com
11834,Emily Martin,emily.martin.517@rdbms.dev
11835,David White,david.white.235@testmail.com
11836,Emma Lewis,emma.lewis.860@example.com
11837,Emma Brown,emma.brown.375@techcorp.org
11838,Joseph Harris,joseph.harris.314@example.com
11839,Jane Ramirez,jane.ramirez.661@mail.net
11840,Isabella Brown,isabella.brown.701@example.com
11841,Amelia Robinson,amelia.robinson.151@example.com
11842,Emily Moore,emily.moore.669@example.com
11843,Michael Perez,michael.perez.983@rdbms.dev
11844,Emma Robinson,emma.robinson.218@example.com
11845,Robert Wilson,robert.wilson.145@rdbms.dev
11846,Mia Walker,mia.walker.588@testmail.com
11847,Ava Brown,ava.brown.412@testmail.com
11848,Amelia Sanchez,amelia.sanchez.680@testmail.com
11849,Robert Wilson,robert.wilson.268@mail.net
11850,Amelia Ramirez,amelia.ramirez.705@testmail.com
11851,Michael Jackson,michael.jackson.843@techcorp.org
11852,Thomas Lewis,thomas.lewis.600@techcorp.org
11853,Joseph Wilson,joseph.wilson.869@rdbms.dev
11854,Emily Thompson,emily.thompson.317@techcorp.org
11855,Emma Taylor,emma.taylor.436@mail.net
11856,David Lewis,david.lewis.141@testmail.com
11857,Jane Lee,jane.lee.598@example.com
11858,Ava Taylor,ava.taylor.436@example.com
11859,Olivia Johnson,olivia.johnson.564@techcorp.org
11860,Isabella Robinson,isabella.robinson.356@example.com
11861,Charlotte Smith,charlotte.smith.120@rdbms.dev
11862,James Ramirez,james.ramirez.722@example.com
11863,Emily Robinson,emily.robinson.388@mail.net
11864,Joseph Walker,joseph.walker.356@techcorp.org
11865,Isabella Harris,isabella.harris.184@testmail.com
11866,Michael Smith,michael.smith.732@example.com
11867,Emily Martin,emily.martin.899@rdbms.dev
11868,Joseph Ramirez,joseph.ramirez.739@rdbms.dev
11869,Charles Smith,charles.smith.550@mail.net
11870,Emily Ramirez,emily.ramirez.611@testmail.com
11871,Robert Wilson,robert.wilson.878@techcorp.org
11872,Sophia Johnson,sophia.johnson.330@rdbms.dev
11873,Richard Brown,richard.brown.956@testmail.com
11874,Sophia Ramirez,sophia.ramirez.682@testmail.com
11875,James Lee,james.lee.320@mail.net
11876,Jane Walker,jane.walker.833@example.com
11877,Michael White,michael.white.654@mail.net
11878,Robert Wilson,robert.wilson.891@testmail.com
11879,William Clark,william.clark.666@testmail.com
11880,Emily Brown,emily.brown.577@example.com
11881,John White,john.white.955@mail.net
11882,Charles Harris,charles.harris.257@mail.net
11883,Joseph Wilson,joseph.wilson.807@example.com
11884,John Ramirez,john.ramirez.101@mail.net
11885,Richard Moore,richard.moore.296@example.com
11886,Richard Smith,richard.smith.630@techcorp.org
11887,Charles Miller,charles.miller.993@rdbms.dev
11888,William Brown,william.brown.372@techcorp.org
11889,Joseph Robinson,joseph.robinson.453@mail.net
11890,Joseph Jackson,joseph.jackson.882@techcorp.org
11891,Ava White,ava.white.189@techcorp.org
11892,Michael Harris,michael.harris.339@techcorp.org
11893,John Moore,john.moore.289@example.com
11894,Michael Wilson,michael.wilson.425@techcorp.org
11895,Emma Taylor,emma.taylor.764@techcorp.org
11896,James Wilson,james.wilson.213@example.com
11897,William Jackson,william.jackson.412@example.com
11898,Joseph Walker,joseph.walker.652@techcorp.org
11899,Sophia Johnson,sophia.johnson.263@mail.net
11900,Robert Lewis,robert.lewis.215@rdbms.dev
11901,Charles Wilson,charles.wilson.785@rdbms.dev
11902,Richard Wilson,richard.wilson.448@rdbms.dev
11903,Charles Wilson,charles.wilson.983@techcorp.org
11904,John Lewis,john.lewis.330@mail.net
11905,Emma Brown,emma.brown.916@mail.net
11906,Ava Sanchez,ava.sanchez.262@example.com
11907,Michael Walker,michael.walker.508@mail.net
11908,Isabella Clark,isabella.clark.988@techcorp.org
11909,Emma Brown,emma.brown.655@example.com
11910,Emily Ramirez,emily.ramirez.801@example.com
11911,Richard Wilson,richard.wilson.611@mail.net
11912,Charlotte Brown,charlotte.brown.943@techcorp.org
11913,Emma Perez,emma.perez.742@rdbms.dev
11914,Sophia Taylor,sophia.taylor.887@mail.net
11915,Robert Brown,robert.brown.437@testmail.com
11916,Emily Walker,emily.walker.915@mail.net
11917,Charles Smith,charles.smith.432@techcorp.org
11918,James Brown,james.brown.158@example.com
11919,Ava Walker,ava.walker.788@mail.net
11920,Jane Smith,jane.smith.697@example.com
11921,William Miller,william.miller.958@techcorp.org
11922,Ava Sanchez,ava.sanchez.173@rdbms.dev
11923,Thomas Taylor,thomas.taylor.541@mail.net
11924,Mia Miller,mia.miller.597@mail.net
11925,Olivia Harris,olivia.harris.487@example.com
11926,Richard Clark,richard.clark.190@example.com
11927,Charles Smith,charles.smith.727@example.com
11928,James Moore,james.moore.645@rdbms.dev
11929,Richard Martin,richard.martin.145@mail.net
11930,John Moore,john.moore.886@mail.net
11931,James Moore,james.moore.129@mail.net
11932,Robert Smith,robert.smith.708@techcorp.org
11933,Charles Clark,charles.clark.615@techcorp.org
11934,Michael Wilson,michael.wilson.878@example.com
11935,Emily Robinson,emily.robinson.916@mail.net
11936,Michael Brown,michael.brown.326@testmail.com
11937,Olivia Smith,olivia.smith.647@rdbms.dev
11938,Joseph Robinson,joseph.robinson.943@testmail.com
11939,John Brown,john.brown.184@testmail.com
11940,Joseph Ramirez,joseph.ramirez.705@rdbms.dev
11941,Amelia Lewis,amelia.lewis.230@example.com
11942,Joseph Lewis,joseph.lewis.445@example.com
11943,Isabella White,isabella.white.862@rdbms.dev
11944,Emily Ramirez,emily.ramirez.800@testmail.com
11945,Joseph Perez,joseph.perez.950@mail.net
11946,Robert Clark,robert.clark.959@testmail.com
11947,Charles Perez,charles.perez.354@techcorp.org
11948,William Clark,william.clark.176@mail.net
11949,Sophia Jackson,sophia.jackson.808@rdbms.dev
11950,Olivia Thompson,olivia.thompson.909@example.com
11951,Richard Moore,richard.moore.407@example.com
11952,Joseph Clark,joseph.clark.124@testmail.com
11953,Richard Johnson,richard.johnson.782@mail.net
11954,Isabella Taylor,isabella.taylor.655@mail.net
11955,William Lee,william.lee.224@mail.net
11956,David Smith,david.smith.505@techcorp.org
11957,Richard Moore,richard.moore.783@example.com
11958,Richard Robinson,richard.robinson.747@testmail.com
11959,Ava Thompson,ava.thompson.704@testmail.com
11960,Emma Robinson,emma.robinson.512@rdbms.dev
11961,William Martin,william.martin.959@testmail.com
11962,Mia Taylor,mia.taylor.215@testmail.com
11963,Michael Ramirez,michael.ramirez.217@testmail.com
11964,James Robinson,james.robinson.539@mail.net
11965,Joseph Clark,joseph.clark.797@rdbms.dev
11966,James White,james.white.358@rdbms.dev
11967,Robert Thompson,robert.thompson.665@mail.net
11968,John Walker,john.walker.619@mail.net
11969,Emily Wilson,emily.wilson.759@example.com
11970,Joseph White,joseph.white.740@mail.net
11971,Robert Sanchez,robert.sanchez.687@testmail.com
11972,Emily Clark,emily.clark.429@example.com
11973,Isabella Brown,isabella.brown.165@testmail.com
11974,Richard Thompson,richard.thompson.461@rdbms.dev
11975,Sophia White,sophia.white.103@testmail.com
11976,Sophia Sanchez,sophia.sanchez.728@testmail.com
11977,David Johnson,david.johnson.413@rdbms.dev
11978,Mia Lee,mia.lee.290@rdbms.dev
11979,Emma Perez,emma.perez.864@rdbms.dev
11980,Amelia Jackson,amelia.jackson.769@example.com
11981,Mia Smith,mia.smith.536@mail.net
11982,Charles Thompson,charles.thompson.117@rdbms.dev
11983,Michael White,michael.white.916@example.com
11984,Mia Sanchez,mia.sanchez.342@rdbms.dev
11985,Jane Jackson,jane.jackson.900@testmail.com
11986,David Sanchez,david.sanchez.110@mail.net
11987,Robert Harris,robert.harris.926@testmail.com
11988,David Sanchez,david.sanchez.632@testmail.com
11989,Sophia Smith,sophia.smith.327@example.com
11990,Ava Jackson,ava.jackson.205@example.com
11991,Michael Smith,michael.smith.956@techcorp.org
11992,Jane Jackson,jane.jackson.306@mail.net
11993,Charles Sanchez,charles.sanchez.234@mail.net
11994,Michael Clark,michael.clark.908@example.com
11995,Thomas Walker,thomas.walker.330@testmail.com
11996,Mia Wilson,mia.wilson.842@testmail.com
11997,Robert Jackson,robert.jackson.888@mail.net
11998,Thomas Johnson,thomas.johnson.843@example.com
11999,William Miller,william.miller.581@techcorp.org
12000,John Moore,john.moore.360@mail.net
12001,John Johnson,john.johnson.798@rdbms.dev
12002,Michael Robinson,michael.robinson.154@techcorp.org
12003,Emma Miller,emma.miller.614@techcorp.org
12004,Sophia Moore,sophia.moore.613@mail.net
12005,David Miller,david.miller.598@testmail.com
12006,Emma Lewis,emma.lewis.980@testmail.com
12007,Charlotte Smith,charlotte.smith.138@testmail.com
12008,Richard Miller,richard.miller.744@mail.net
12009,Mia Perez,mia.perez.647@example.com
12010,Emma White,emma.white.307@techcorp.org
12011,William Ramirez,william.ramirez.115@rdbms.dev
12012,Amelia Clark,amelia.clark.991@techcorp.org
12013,Sophia Harris,sophia.harris.655@techcorp.org
12014,Emma Ramirez,emma.ramirez.883@techcorp.org
12015,Isabella Lewis,isabella.lewis.790@example.com
12016,David Ramirez,david.ramirez.635@techcorp.org
12017,Emily Miller,emily.miller.643@example.com
12018,Thomas Thompson,thomas.thompson.821@example.com
12019,Joseph Clark,joseph.clark.632@example.com
12020,Jane Sanchez,jane.sanchez.927@rdbms.dev
12021,Isabella Wilson,isabella.wilson.421@mail.net
12022,Mia Lewis,mia.lewis.299@rdbms.dev
12023,Michael Lee,michael.lee.514@techcorp.org
12024,Ava Taylor,ava.taylor.841@example.com
12025,John Lewis,john.lewis.941@techcorp.org
12026,Ava Ramirez,ava.ramirez.303@mail.net
12027,Robert White,robert.white.548@rdbms.dev
12028,Isabella Lewis,isabella.lewis.977@rdbms.dev
12029,Sophia Perez,sophia.perez.503@mail.net
12030,William Sanchez,william.sanchez.270@testmail.com
12031,Thomas Walker,thomas.walker.585@testmail.com
12032,James Moore,james.moore.235@mail.net
12033,Charles Walker,charles.walker.750@techcorp.org
12034,Ava Moore,ava.moore.166@testmail.com
12035,Charlotte Johnson,charlotte.johnson.617@mail.net
12036,James Johnson,james.johnson.112@rdbms.dev
12037,Michael Wilson,michael.wilson.631@testmail.com
12038,Thomas Ramirez,thomas.ramirez.209@rdbms.dev
12039,Richard Lee,richard.lee.992@techcorp.org
12040,John Martin,john.martin.695@rdbms.dev
12041,Sophia Wilson,sophia.wilson.392@example.com
12042,Charles Harris,charles.harris.746@rdbms.dev
12043,Charles Miller,charles.miller.362@testmail.com
12044,Charles Jackson,charles.jackson.429@example.com
12045,Amelia Robinson,amelia.robinson.171@techcorp.org
12046,Sophia Johnson,sophia.johnson.190@testmail.com
12047,Charles Johnson,charles.johnson.896@rdbms.dev
12048,Amelia Miller,amelia.miller.982@techcorp.org
12049,Charles Miller,charles.miller.438@mail.net
12050,Emily Walker,emily.walker.541@example.com
12051,Olivia Thompson,olivia.thompson.692@rdbms.dev
12052,Robert White,robert.white.527@mail.net
12053,Joseph Moore,joseph.moore.710@rdbms.dev
12054,Emma Lewis,emma.lewis.553@mail.net
12055,Amelia Perez,amelia.perez.765@testmail.com
12056,Ava Wilson,ava.wilson.989@testmail.com
12057,Charlotte Sanchez,charlotte.sanchez.134@example.com
12058,John Walker,john.walker.617@mail.net
12059,Amelia Ramirez,amelia.ramirez.655@rdbms.dev
12060,Joseph Sanchez,joseph.sanchez.545@testmail.com
12061,Isabella Moore,isabella.moore.229@mail.net
12062,Ava Robinson,ava.robinson.353@example.com
12063,Joseph White,joseph.white.979@mail.net
12064,Ava Lee,ava.lee.350@testmail.com
12065,Mia Ramirez,mia.ramirez.226@example.com
12066,Sophia Smith,sophia.smith.692@example.com
12067,David Brown,david.brown.494@rdbms.dev
12068,Thomas Martin,thomas.martin.884@testmail.com
12069,John Thompson,john.thompson.941@testmail.com
12070,Joseph Martin,joseph.martin.104@example.com
12071,Emma Sanchez,emma.sanchez.294@testmail.com
12072,Amelia Smith,amelia.smith.410@testmail.com
12073,Olivia Thompson,olivia.thompson.126@techcorp.org
12074,Joseph Sanchez,joseph.sanchez.607@techcorp.org
12075,James Miller,james.miller.996@rdbms.dev
12076,William Robinson,william.robinson.237@example.com
12077,Sophia Clark,sophia.clark.339@techcorp.org
12078,James Smith,james.smith.589@example.com
12079,Emily Taylor,emily.taylor.954@rdbms.dev
12080,Jane Sanchez,jane.sanchez.980@testmail.com
12081,Mia Johnson,mia.johnson.838@example.com
12082,Jane Perez,jane.perez.909@testmail.com
12083,Isabella Perez,isabella.perez.378@example.com
12084,Charles Smith,charles.smith.608@techcorp.org
12085,Mia Johnson,mia.johnson.822@example.com
12086,William Wilson,william.wilson.412@mail.net
12087,Charles Wilson,charles.wilson.149@testmail.com
12088,William Moore,william.moore.682@rdbms.dev
12089,Emily Smith,emily.smith.510@techcorp.org
12090,John Jackson,john.jackson.729@rdbms.dev
12091,John Robinson,john.robinson.353@mail.net
12092,David Jackson,david.jackson.973@testmail.com
12093,Richard Taylor,richard.taylor.736@rdbms.dev
12094,James Perez,james.perez.869@mail.net
12095,Ava Johnson,ava.johnson.131@mail.net
12096,Isabella White,isabella.white.331@mail.net
12097,Ava Johnson,ava.johnson.513@mail.net
12098,Charlotte Smith,charlotte.smith.328@testmail.com
12099,Jane Walker,jane.walker.607@mail.net
12100,Emily White,emily.white.174@techcorp.org
12101,Emma Robinson,emma.robinson.223@techcorp.org
12102,Robert Clark,robert.clark.891@example.com
12103,Thomas Harris,thomas.harris.760@techcorp.org
12104,Emily Ramirez,emily.ramirez.970@mail.net
12105,Thomas Brown,thomas.brown.236@testmail.com
12106,Jane Lee,jane.lee.792@testmail.com
12107,Emily Wilson,emily.wilson.783@mail.net
12108,John Moore,john.moore.829@mail.net
12109,Charles Walker,charles.walker.488@techcorp.org
12110,Charles Moore,charles.moore.939@testmail.com
12111,Emma Lewis,emma.lewis.285@example.com
12112,Isabella Johnson,isabella.johnson.667@example.com
12113,Emma Robinson,emma.robinson.658@mail.net
12114,Robert Perez,robert.perez.845@testmail.com
12115,Thomas Ramirez,thomas.ramirez.131@rdbms.dev
12116,Sophia Sanchez,sophia.sanchez.329@example.com
12117,Ava Harris,ava.harris.148@example.com
12118,Jane Robinson,jane.robinson.765@rdbms.dev
12119,Emma Moore,emma.moore.292@techcorp.org
12120,John Miller,john.miller.355@example.com
12121,Emily Brown,emily.brown.305@techcorp.org
12122,Michael Smith,michael.smith.889@mail.net
12123,Jane Lewis,jane.lewis.189@mail.net
12124,Richard Miller,richard.miller.423@testmail.com
12125,Charlotte Harris,charlotte.harris.241@techcorp.org
12126,William Smith,william.smith.688@techcorp.org
12127,James Johnson,james.johnson.219@rdbms.dev
12128,Isabella White,isabella.white.205@testmail.com
12129,Isabella Perez,isabella.perez.153@mail.net
12130,Charlotte White,charlotte.white.267@techcorp.org
12131,Robert Lee,robert.lee.266@mail.net
12132,Ava Miller,ava.miller.850@testmail.com
12133,Joseph Lewis,joseph.lewis.981@rdbms.dev
12134,Charles Brown,charles.brown.510@testmail.com
12135,Richard Thompson,richard.thompson.163@rdbms.dev
12136,Sophia White,sophia.white.114@example.com
12137,Olivia Robinson,olivia.robinson.610@rdbms.dev
12138,David White,david.white.300@mail.net
12139,Charles Moore,charles.moore.240@techcorp.org
12140,Amelia Lee,amelia.lee.217@example.com
12141,Robert Martin,robert.martin.390@mail.net
12142,Amelia Lee,amelia.lee.192@rdbms.dev
12143,Olivia Lewis,olivia.lewis.290@mail.net
12144,Robert Wilson,robert.wilson.800@testmail.com
12145,David Thompson,david.thompson.153@mail.net
12146,Mia Jackson,mia.jackson.641@testmail.com
12147,Michael Perez,michael.perez.635@rdbms.dev
12148,Richard Jackson,richard.jackson.185@mail.net
12149,Isabella Harris,isabella.harris.565@testmail.com
12150,Charles Smith,charles.smith.501@rdbms.dev
12151,John Thompson,john.thompson.872@rdbms.dev
12152,Mia White,mia.white.990@techcorp.org
12153,John Perez,john.perez.700@example.com
12154,David Taylor,david.taylor.525@techcorp.org
12155,Emily Walker,emily.walker.385@mail.net
12156,Joseph Clark,joseph.clark.605@mail.net
12157,Ava Johnson,ava.johnson.407@testmail.com
12158,Joseph Lewis,joseph.lewis.256@testmail.com
12159,Thomas Walker,thomas.walker.221@example.com
12160,Joseph Jackson,joseph.jackson.834@example.com
12161,Thomas Taylor,thomas.taylor.386@example.com
12162,Amelia White,amelia.white.999@example.com
12163,Jane Harris,jane.harris.568@mail.net
12164,Sophia Taylor,sophia.taylor.413@rdbms.dev
12165,Charlotte Taylor,charlotte.taylor.684@mail.net
12166,Michael Moore,michael.moore.908@mail.net
12167,Richard Clark,richard.clark.647@techcorp.org
12168,John Wilson,john.wilson.846@example.com
12169,Isabella Thompson,isabella.thompson.139@mail.net
12170,Joseph Wilson,joseph.wilson.532@example.com
12171,Charles Moore,charles.moore.554@example.com
12172,Sophia Miller,sophia.miller.535@mail.net
12173,Emily Wilson,emily.wilson.512@mail.net
12174,Robert Thompson,robert.thompson.177@techcorp.org
12175,David Johnson,david.johnson.961@testmail.com
12176,Mia Lewis,mia.lewis.640@mail.net
12177,Robert Perez,robert.perez.741@testmail.com
12178,Isabella Lewis,isabella.lewis.857@techcorp.org
12179,Thomas Moore,thomas.moore.848@testmail.com
12180,Robert Thompson,robert.thompson.351@techcorp.org
12181,Richard Walker,richard.walker.403@example.com
12182,Mia Brown,mia.brown.728@example.com
12183,James Perez,james.perez.315@techcorp.org
12184,Emily Ramirez,emily.ramirez.756@testmail.com
12185,John Sanchez,john.sanchez.798@testmail.com
12186,James Thompson,james.thompson.214@example.com
12187,Olivia Robinson,olivia.robinson.895@mail.net
12188,Michael Robinson,michael.robinson.570@example.com
12189,Richard Thompson,richard.thompson.540@rdbms.dev
12190,David Wilson,david.wilson.746@rdbms.dev
12191,John Thompson,john.thompson.424@rdbms.dev
12192,Joseph Lewis,joseph.lewis.269@techcorp.org
12193,Amelia Wilson,amelia.wilson.602@mail.net
12194,Joseph Wilson,joseph.wilson.617@rdbms.dev
12195,Thomas Taylor,thomas.taylor.310@example.com
12196,Charles Taylor,charles.taylor.748@testmail.com
12197,Richard Miller,richard.miller.126@testmail.com
12198,Jane Thompson,jane.thompson.929@rdbms.dev
12199,Charlotte Ramirez,charlotte.ramirez.144@example.com
12200,Joseph Perez,joseph.perez.147@rdbms.dev
12201,Charlotte Johnson,charlotte.johnson.475@example.com
12202,Jane Moore,jane.moore.687@testmail.com
12203,Charlotte Martin,charlotte.martin.450@rdbms.dev
12204,Joseph Miller,joseph.miller.382@mail.net
12205,Sophia Robinson,sophia.robinson.639@example.com
12206,Amelia Brown,amelia.brown.846@mail.net
12207,Mia Ramirez,mia.ramirez.241@rdbms.dev
12208,Emma Harris,emma.harris.546@rdbms.dev
12209,Sophia Jackson,sophia.jackson.422@techcorp.org
12210,William Sanchez,william.sanchez.690@techcorp.org
12211,Ava Brown,ava.brown.930@mail.net
12212,Thomas Martin,thomas.martin.107@example.com
12213,Jane Thompson,jane.thompson.356@rdbms.dev
12214,Charles Johnson,charles.johnson.282@rdbms.dev
12215,Olivia Brown,olivia.brown.435@testmail.com
12216,Michael Miller,michael.miller.255@testmail.com
12217,Ava Walker,ava.walker.130@techcorp.org
12218,Mia Thompson,mia.thompson.985@example.com
12219,John Harris,john.harris.940@mail.net
12220,Sophia Harris,sophia.harris.453@techcorp.org
12221,Jane Johnson,jane.johnson.414@techcorp.org
12222,Thomas Jackson,thomas.jackson.920@example.com
12223,Mia Brown,mia.brown.296@techcorp.org
12224,David Harris,david.harris.825@rdbms.dev
12225,Michael Ramirez,michael.ramirez.902@techcorp.org
12226,Emily Martin,emily.martin.551@example.com
12227,Michael Jackson,michael.jackson.448@example.com
12228,James Smith,james.smith.866@techcorp.org
12229,Mia Martin,mia.martin.605@example.com
12230,Thomas Smith,thomas.smith.514@example.com
12231,Mia Clark,mia.clark.184@rdbms.dev
12232,Jane Sanchez,jane.sanchez.304@mail.net
12233,Richard Brown,richard.brown.768@testmail.com
12234,Emily Ramirez,emily.ramirez.569@mail.net
12235,Thomas Ramirez,thomas.ramirez.906@rdbms.dev
12236,Sophia Smith,sophia.smith.412@example.com
12237,Jane Martin,jane.martin.845@techcorp.org
12238,John Lee,john.lee.794@testmail.com
12239,Joseph Perez,joseph.perez.628@example.com
12240,Mia Clark,mia.clark.487@example.com
12241,Richard Brown,richard.brown.618@techcorp.org
12242,William Walker,william.walker.525@techcorp.org
12243,Jane Martin,jane.martin.928@rdbms.dev
12244,Richard White,richard.white.345@testmail.com
12245,Thomas Perez,thomas.perez.125@techcorp.org
12246,Joseph Ramirez,joseph.ramirez.981@rdbms.dev
12247,Charles Smith,charles.smith.946@mail.net
12248,William Ramirez,william.ramirez.369@techcorp.org
12249,Jane Perez,jane.perez.608@mail.net
12250,Amelia Thompson,amelia.thompson.630@example.com
12251,Ava Moore,ava.moore.242@mail.net
12252,Joseph Thompson,joseph.thompson.982@rdbms.dev
12253,Joseph Harris,joseph.harris.195@testmail.com
12254,Charles Brown,charles.brown.575@rdbms.dev
12255,David Sanchez,david.sanchez.617@rdbms.dev
12256,James Wilson,james.wilson.525@mail.net
12257,Jane Lewis,jane.lewis.530@example.com
12258,David Lee,david.lee.363@example.com
12259,Michael Robinson,michael.robinson.777@example.com
12260,James Sanchez,james.sanchez.845@mail.net
12261,Mia Martin,mia.martin.396@techcorp.org
12262,Isabella White,isabella.white.673@testmail.com
12263,Emily Lee,emily.lee.115@example.com
12264,Isabella Walker,isabella.walker.336@example.com
12265,Thomas Thompson,thomas.thompson.780@techcorp.org
12266,Michael Moore,michael.moore.634@testmail.com
12267,Isabella Ramirez,isabella.ramirez.276@techcorp.org
12268,Jane Ramirez,jane.ramirez.609@techcorp.org
12269,Robert Wilson,robert.wilson.231@testmail.com
12270,Sophia Walker,sophia.walker.637@techcorp.org
12271,William Johnson,william.johnson.103@testmail.com
12272,William Miller,william.miller.457@rdbms.dev
12273,Robert Wilson,robert.wilson.537@testmail.com
12274,Richard Walker,richard.walker.541@mail.net
12275,William Moore,william.moore.669@mail.net
12276,Richard Johnson,richard.johnson.872@mail.net
12277,Olivia Walker,olivia.walker.382@mail.net
12278,William Smith,william.smith.637@rdbms.dev
12279,Richard Perez,richard.perez.985@techcorp.org
12280,Olivia Martin,olivia.martin.837@mail.net
12281,Charles Clark,charles.clark.703@mail.net
12282,Ava Walker,ava.walker.573@techcorp.org
12283,Joseph Ramirez,joseph.ramirez.229@example.com
12284,Joseph Miller,joseph.miller.756@techcorp.org
12285,Jane Thompson,jane.thompson.509@rdbms.dev
12286,John Perez,john.perez.987@mail.net
12287,Michael Miller,michael.miller.681@rdbms.dev
12288,Emily Jackson,emily.jackson.482@techcorp.org
12289,Michael Johnson,michael.johnson.395@example.com
12290,Charles Miller,charles.miller.557@testmail.com
12291,John Sanchez,john.sanchez.634@techcorp.org
12292,Olivia Wilson,olivia.wilson.568@example.com
12293,Mia Thompson,mia.thompson.711@techcorp.org
12294,Sophia Lee,sophia.lee.463@mail.net
12295,Michael Moore,michael.moore.499@rdbms.dev
12296,Thomas Clark,thomas.clark.214@mail.net
12297,William Johnson,william.johnson.386@example.com
12298,Charles Lee,charles.lee.587@rdbms.dev
12299,John Lee,john.lee.896@mail.net
12300,Charles Brown,charles.brown.168@example.com
12301,Mia Lee,mia.lee.979@mail.net
12302,Emma Perez,emma.perez.437@rdbms.dev
12303,Olivia Johnson,olivia.johnson.293@example.com
12304,John Clark,john.clark.376@example.com
12305,Emma Clark,emma.clark.624@mail.net
12306,Charlotte Perez,charlotte.perez.101@example.com
12307,David Johnson,david.johnson.231@techcorp.org
12308,Emily Thompson,emily.thompson.939@rdbms.dev
12309,Michael Ramirez,michael.ramirez.929@example.com
12310,Emily Martin,emily.martin.640@mail.net
12311,Ava Harris,ava.harris.269@mail.net
12312,Thomas Smith,thomas.smith.298@rdbms.dev
12313,Joseph Brown,joseph.brown.355@rdbms.dev
12314,Joseph Smith,joseph.smith.170@example.com
12315,Thomas Ramirez,thomas.ramirez.150@mail.net
12316,David Sanchez,david.sanchez.598@techcorp.org
12317,Amelia Johnson,amelia.johnson.272@testmail.com
12318,David Walker,david.walker.939@example.com
12319,Olivia Robinson,olivia.robinson.142@techcorp.org
12320,Charles Lee,charles.lee.285@techcorp.org
12321,Joseph Clark,joseph.clark.687@testmail.com
12322,Isabella Johnson,isabella.johnson.550@mail.net
12323,Sophia Miller,sophia.miller.691@techcorp.org
12324,Michael Sanchez,michael.sanchez.617@rdbms.dev
12325,Richard Smith,richard.smith.652@rdbms.dev
12326,Thomas Wilson,thomas.wilson.280@techcorp.org
12327,Mia Moore,mia.moore.759@testmail.com
12328,Richard Lee,richard.lee.260@example.com
12329,Charles Lee,charles.lee.139@techcorp.org
12330,Olivia Martin,olivia.martin.580@techcorp.org
12331,John White,john.white.943@mail.net
12332,William Wilson,william.wilson.561@techcorp.org
12333,Charles Robinson,charles.robinson.889@mail.net
12334,Thomas Taylor,thomas.taylor.514@techcorp.org
12335,Sophia Harris,sophia.harris.561@mail.net
12336,Isabella Clark,isabella.clark.352@techcorp.org
12337,Robert Thompson,robert.thompson.172@rdbms.dev
12338,Thomas White,thomas.white.508@techcorp.org
12339,Michael Perez,michael.perez.864@rdbms.dev
12340,Robert Harris,robert.harris.696@rdbms.dev
12341,Emily Johnson,emily.johnson.459@techcorp.org
12342,Joseph Harris,joseph.harris.238@example.com
12343,Isabella Clark,isabella.clark.888@techcorp.org
12344,Charlotte Lewis,charlotte.lewis.644@techcorp.org
12345,Isabella Martin,isabella.martin.405@example.com
12346,Olivia Taylor,olivia.taylor.357@mail.net
12347,Charlotte Wilson,charlotte.wilson.954@techcorp.org
12348,Joseph Miller,joseph.miller.919@techcorp.org
12349,Michael Robinson,michael.robinson.672@testmail.com
12350,David Thompson,david.thompson.144@techcorp.org
12351,Emma Smith,emma.smith.134@testmail.com
12352,Emma Thompson,emma.thompson.495@techcorp.org
12353,Isabella Sanchez,isabella.sanchez.355@rdbms.dev
12354,Ava Johnson,ava.johnson.168@testmail.com
12355,John White,john.white.439@rdbms.dev
12356,Olivia Jackson,olivia.jackson.661@techcorp.org
12357,Olivia Lee,olivia.lee.659@example.com
12358,Michael Robinson,michael.robinson.680@mail.net
12359,Michael Sanchez,michael.sanchez.309@rdbms.dev
12360,Jane Martin,jane.martin.723@mail.net
12361,Mia Smith,mia.smith.709@testmail.com
12362,Amelia Johnson,amelia.johnson.322@rdbms.dev
12363,Isabella Moore,isabella.moore.332@rdbms.dev
12364,Richard White,richard.white.664@example.com
12365,Richard Sanchez,richard.sanchez.725@mail.net
12366,Charles Walker,charles.walker.576@example.com
12367,Emma Jackson,emma.jackson.565@mail.net
12368,Richard Jackson,richard.jackson.383@rdbms.dev
12369,Jane Perez,jane.perez.685@rdbms.dev
12370,Emma Miller,emma.miller.312@testmail.com
12371,Olivia Ramirez,olivia.ramirez.419@testmail.com
12372,Amelia Clark,amelia.clark.167@example.com
12373,Emma Lee,emma.lee.504@testmail.com
12374,Mia Walker,mia.walker.550@techcorp.org
12375,Richard Jackson,richard.jackson.188@mail.net
12376,James Moore,james.moore.232@testmail.com
12377,John Moore,john.moore.926@techcorp.org
12378,Joseph Sanchez,joseph.sanchez.464@mail.net
12379,Charlotte Thompson,charlotte.thompson.739@rdbms.dev
12380,John Sanchez,john.sanchez.419@mail.net
12381,Isabella Wilson,isabella.wilson.824@rdbms.dev
12382,Amelia Robinson,amelia.robinson.885@rdbms.dev
12383,John Smith,john.smith.508@example.com
12384,James Smith,james.smith.609@rdbms.dev
12385,Isabella Taylor,isabella.taylor.989@testmail.com
12386,Emma Wilson,emma.wilson.784@mail.net
12387,James Johnson,james.johnson.639@techcorp.org
12388,Michael Johnson,michael.johnson.638@rdbms.dev
12389,William Clark,william.clark.692@techcorp.org
12390,John Martin,john.martin.915@example.com
12391,Mia Lewis,mia.lewis.872@mail.net
12392,Amelia Smith,amelia.smith.538@example.com
12393,Ava Smith,ava.smith.159@rdbms.dev
12394,Isabella Robinson,isabella.robinson.828@mail.net
12395,Thomas Lee,thomas.lee.785@example.com
12396,James Ramirez,james.ramirez.880@techcorp.org
12397,Isabella Smith,isabella.smith.415@testmail.com
12398,Emily Lee,emily.lee.144@rdbms.dev
12399,William Jackson,william.jackson.784@testmail.com
12400,Emily Smith,emily.smith.284@testmail.com
12401,Olivia Perez,olivia.perez.803@example.com
12402,Charlotte Miller,charlotte.miller.214@techcorp.org
12403,Sophia Robinson,sophia.robinson.506@rdbms.dev
12404,Ava Ramirez,ava.ramirez.981@testmail.com
12405,William Martin,william.martin.607@rdbms.dev
12406,James Clark,james.clark.788@testmail.com
12407,John Thompson,john.thompson.787@mail.net
12408,John Walker,john.walker.567@mail.net
12409,Olivia Moore,olivia.moore.212@mail.net
12410,Michael Jackson,michael.jackson.784@example.com
12411,Sophia Sanchez,sophia.sanchez.148@example.com
12412,Olivia Smith,olivia.smith.500@mail.net
12413,Ava Miller,ava.miller.791@mail.net
12414,Amelia Ramirez,amelia.ramirez.130@techcorp.org
12415,Ava Lee,ava.lee.186@rdbms.dev
12416,Isabella Lee,isabella.lee.609@example.com
12417,Emily Thompson,emily.thompson.528@example.com
12418,Richard Lewis,richard.lewis.718@testmail.com
12419,Charles White,charles.white.986@mail.net
12420,Ava Jackson,ava.jackson.944@rdbms.dev
12421,John Thompson,john.thompson.250@testmail.com
12422,Thomas Walker,thomas.walker.221@mail.net
12423,Sophia Johnson,sophia.johnson.798@example.com
12424,Sophia Walker,sophia.walker.352@example.com
12425,Joseph Wilson,joseph.wilson.453@mail.net
12426,Emily Moore,emily.moore.479@techcorp.org
12427,Robert Perez,robert.perez.886@mail.net
12428,Isabella Perez,isabella.perez.886@techcorp.org
12429,John Robinson,john.robinson.618@example.com
12430,Mia Perez,mia.perez.967@testmail.com
12431,Jane Perez,jane.perez.923@techcorp.org
12432,Ava Harris,ava.harris.294@rdbms.dev
12433,Emma Perez,emma.perez.545@testmail.com
12434,Robert Clark,robert.clark.417@mail.net
12435,Charlotte Lewis,charlotte.lewis.553@rdbms.dev
12436,Joseph Sanchez,joseph.sanchez.879@rdbms.dev
12437,William Walker,william.walker.514@testmail.com
12438,Ava Smith,ava.smith.194@mail.net
12439,Ava White,ava.white.867@testmail.com
12440,John Martin,john.martin.965@example.com
12441,John Robinson,john.robinson.463@mail.net
12442,Jane Miller,jane.miller.261@rdbms.dev
12443,Olivia Johnson,olivia.johnson.698@rdbms.dev
12444,Robert Jackson,robert.jackson.203@mail.net
12445,David Jackson,david.jackson.855@testmail.com
12446,David Jackson,david.jackson.185@mail.net
12447,David Sanchez,david.sanchez.117@techcorp.org
12448,John Smith,john.smith.803@techcorp.org
12449,Amelia Taylor,amelia.taylor.369@example.com
12450,Mia Jackson,mia.jackson.320@rdbms.dev
12451,Sophia Taylor,sophia.taylor.691@techcorp.org
12452,David Ramirez,david.ramirez.856@example.com
12453,David Ramirez,david.ramirez.646@techcorp.org
12454,Isabella Ramirez,isabella.ramirez.863@rdbms.dev
12455,Amelia Clark,amelia.clark.570@testmail.com
12456,John Thompson,john.thompson.137@testmail.com
12457,Michael Ramirez,michael.ramirez.215@testmail.com
12458,William White,william.white.710@techcorp.org
12459,Amelia Wilson,amelia.wilson.751@techcorp.org
12460,Charlotte Moore,charlotte.moore.859@techcorp.org
12461,John Johnson,john.johnson.838@rdbms.dev
12462,Michael Lewis,michael.lewis.312@testmail.com
12463,Thomas Brown,thomas.brown.946@techcorp.org
12464,Thomas White,thomas.white.710@rdbms.dev
12465,James Martin,james.martin.629@rdbms.dev
12466,Charlotte White,charlotte.white.689@techcorp.org
12467,Michael Miller,michael.miller.788@testmail.com
12468,Isabella Thompson,isabella.thompson.506@rdbms.dev
12469,Ava Wilson,ava.wilson.692@testmail.com
12470,Joseph Lewis,joseph.lewis.687@techcorp.org
12471,Amelia Miller,amelia.miller.868@example.com
12472,Richard Jackson,richard.jackson.964@rdbms.dev
12473,William Clark,william.clark.504@testmail.com
12474,Jane Jackson,jane.jackson.163@rdbms.dev
12475,Sophia Moore,sophia.moore.676@mail.net
12476,William Harris,william.harris.806@rdbms.dev
12477,Emily Moore,emily.moore.140@techcorp.org
12478,Ava Sanchez,ava.sanchez.601@mail.net
12479,Joseph Moore,joseph.moore.529@rdbms.dev
12480,Robert Thompson,robert.thompson.783@rdbms.dev
12481,Olivia Sanchez,olivia.sanchez.836@testmail.com
12482,William Moore,william.moore.533@rdbms.dev
12483,Charles Thompson,charles.thompson.311@techcorp.org
12484,Emma Robinson,emma.robinson.417@rdbms.dev
12485,Emily Martin,emily.martin.562@mail.net
12486,Isabella Ramirez,isabella.ramirez.554@rdbms.dev
12487,Mia Walker,mia.walker.583@testmail.com
12488,William Wilson,william.wilson.456@example.com
12489,Michael Wilson,michael.wilson.923@example.com
12490,Amelia Smith,amelia.smith.492@mail.net
12491,Olivia Robinson,olivia.robinson.647@rdbms.dev
12492,Olivia Brown,olivia.brown.352@rdbms.dev
12493,Isabella Johnson,isabella.johnson.601@rdbms.dev
12494,Sophia Thompson,sophia.thompson.431@mail.net
12495,James Walker,james.walker.750@techcorp.org
12496,Mia Walker,mia.walker.668@mail.net
12497,Ava Miller,ava.miller.171@testmail.com
12498,John Robinson,john.robinson.151@testmail.com
12499,Charlotte Miller,charlotte.miller.486@example.com
12500,Richard Sanchez,richard.sanchez.991@mail.net
